BitCounter[0],BitCounter[1],BitCounter[2],BitCounter[3],BitCounter[4],BitCounter[5],BitCounter[6],InProgress,Clk,NoPre,MdcEn_n,SerialEn,Reset,WriteOp,ShiftedBit,Mdo,MdoEn_2d,MdoEn,Mdo_2d,MdoEn_d,Mdo_d,[1]BitCounter[0],[1]BitCounter[1],[1]BitCounter[2],[1]BitCounter[3],[1]BitCounter[4],[1]BitCounter[5],[1]BitCounter[6],[1]InProgress,[1]Clk,[1]NoPre,[1]MdcEn_n,[1]SerialEn,[1]Reset,[1]WriteOp,[1]ShiftedBit,[1]Mdo,[1]MdoEn_2d,[1]MdoEn,[1]Mdo_2d,[1]MdoEn_d,[1]Mdo_d
1,0,1,0,0,1,1,1,0,0,1,1,0,1,0,0,1,0,0,0,1,0,0,1,0,0,1,2,1,0,1,1,1,0,1,1,0,0,0,0,0,0
1,0,1,1,0,1,1,0,0,1,0,0,0,1,0,1,1,0,0,1,0,1,0,1,0,0,1,1,1,0,0,1,1,0,1,0,0,1,0,0,0,1
1,0,1,0,0,1,1,1,0,0,0,0,0,0,1,1,1,0,0,1,0,1,0,1,1,0,1,1,0,0,1,0,0,0,1,0,1,1,0,0,1,0
0,0,0,1,0,1,1,1,0,1,1,0,0,0,1,1,1,0,0,1,0,1,0,1,0,0,1,1,1,0,0,0,0,0,0,1,1,1,0,0,1,0
1,1,0,0,0,1,1,0,0,0,1,0,0,0,0,0,0,1,0,1,1,0,0,0,1,0,1,1,1,0,1,1,0,0,0,1,1,1,0,0,1,0
0,1,1,0,1,1,1,1,0,1,1,0,0,1,1,1,0,1,0,0,0,1,1,0,0,0,1,1,0,0,0,1,0,0,0,0,0,0,1,0,1,1
0,1,1,0,1,1,1,1,0,1,0,0,0,1,0,0,1,0,1,0,1,0,1,1,0,1,1,1,1,0,1,1,0,0,1,1,1,0,1,0,0,0
0,1,0,1,0,0,1,0,0,1,0,0,0,0,0,0,1,0,1,0,1,0,1,1,0,1,1,1,1,0,1,0,0,0,1,0,0,1,0,1,0,1
0,0,0,1,1,1,1,0,0,0,0,0,0,1,1,0,1,0,1,0,1,0,1,0,1,0,0,1,0,0,1,0,0,0,0,0,0,1,0,1,0,1
0,0,1,1,1,1,1,1,0,1,1,1,0,1,0,0,1,0,1,0,1,0,0,0,1,1,1,1,0,0,0,0,0,0,1,1,0,1,0,1,0,1
1,1,0,1,1,1,1,1,0,1,1,0,0,0,0,1,1,0,0,1,1,0,0,1,1,1,1,1,1,0,1,1,1,0,1,0,0,1,0,1,0,1
0,1,0,0,0,1,1,1,0,0,1,1,0,1,0,1,0,1,0,1,0,1,1,0,1,1,1,1,1,0,1,1,0,0,0,0,1,1,0,0,1,1
1,1,1,1,1,1,1,1,0,1,0,0,0,1,0,0,1,1,0,0,0,0,1,0,0,0,1,1,1,0,0,1,1,0,1,0,1,0,1,0,1,0
1,1,1,0,1,0,1,0,0,0,0,0,0,0,1,0,1,1,0,0,0,1,1,1,1,1,1,1,1,0,1,0,0,0,1,0,0,1,1,0,0,0
1,1,1,0,1,1,1,0,0,1,1,0,0,0,1,0,1,1,0,0,0,1,1,1,0,1,0,1,0,0,0,0,0,0,0,1,0,1,1,0,0,0
1,1,1,1,1,1,1,0,0,1,1,0,0,1,1,0,0,0,0,1,1,1,1,1,0,1,1,1,0,0,1,1,0,0,0,1,0,1,1,0,0,0
1,1,1,1,1,1,1,0,0,0,0,0,0,0,0,1,0,1,1,0,1,1,1,1,1,1,1,1,0,0,1,1,0,0,1,1,0,0,0,0,1,1
0,1,0,1,1,1,1,1,0,1,1,1,0,1,0,1,0,1,1,0,1,1,1,1,1,1,1,1,0,0,0,0,0,0,0,0,1,0,1,1,0,1
1,1,1,1,1,0,1,1,0,0,0,1,0,1,0,1,1,0,0,0,1,0,1,0,1,1,1,1,1,0,1,1,1,0,1,0,1,0,1,1,0,1
1,0,0,1,0,1,1,1,0,1,1,1,0,0,1,1,1,0,0,0,1,1,1,1,1,1,0,1,1,0,0,0,1,0,1,0,1,1,0,0,0,1
1,0,0,1,1,1,1,0,0,1,0,0,0,0,0,1,1,0,0,1,1,1,0,0,1,0,1,1,1,0,1,1,1,0,0,1,1,1,0,0,0,1
0,0,1,1,1,0,1,1,0,0,0,1,0,1,0,1,1,0,0,1,1,1,0,0,1,1,1,1,0,0,1,0,0,0,0,0,1,1,0,0,1,1
1,1,1,0,0,1,1,0,0,1,0,0,0,0,0,1,1,0,0,1,1,0,0,1,1,1,0,1,1,0,0,0,1,0,1,0,1,1,0,0,1,1
0,0,1,0,1,1,1,1,0,1,1,0,0,0,1,1,1,0,0,1,1,1,1,1,0,0,1,1,0,0,1,0,0,0,0,0,1,1,0,0,1,1
1,0,0,1,1,0,1,0,0,0,1,0,0,0,1,1,1,1,1,1,1,0,0,1,0,1,1,1,1,0,1,1,0,0,0,1,1,1,0,0,1,1
0,1,1,0,0,0,1,1,0,0,0,1,0,1,0,1,0,1,0,1,1,1,0,0,1,1,0,1,0,0,0,1,0,0,0,1,1,1,1,1,1,1
0,0,0,1,0,1,1,0,0,0,0,0,0,1,1,1,0,1,0,1,1,0,1,1,0,0,0,1,1,0,0,0,1,0,1,0,1,0,1,0,1,1
1,0,1,1,1,1,1,0,0,0,1,0,0,0,1,1,0,1,0,1,1,0,0,0,1,0,1,1,0,0,0,0,0,0,1,1,1,0,1,0,1,1
0,1,1,0,0,1,1,0,0,0,0,0,0,1,0,1,0,1,0,0,1,1,0,1,1,1,1,1,0,0,0,1,0,0,0,1,1,0,1,0,1,1
1,0,1,0,1,0,1,1,0,0,0,1,0,1,0,1,0,1,0,0,1,0,1,1,0,0,1,1,0,0,0,0,0,0,1,0,1,0,1,0,0,1
0,1,1,0,0,1,1,0,0,0,0,0,0,1,0,1,0,1,0,0,1,1,0,1,0,1,0,1,1,0,0,0,1,0,1,0,1,0,1,0,0,1
0,1,1,1,1,1,1,1,0,0,1,1,0,1,1,1,0,1,0,0,1,0,1,1,0,0,1,1,0,0,0,0,0,0,1,0,1,0,1,0,0,1
1,1,1,0,1,1,1,0,0,1,1,0,0,0,1,1,1,0,0,0,1,0,1,1,1,1,1,1,1,0,0,1,1,0,1,1,1,0,1,0,0,1
1,0,0,1,0,1,1,0,0,1,1,0,0,1,1,1,0,0,1,1,1,1,1,1,0,1,1,1,0,0,1,1,0,0,0,1,1,1,0,0,0,1
0,0,1,1,0,1,1,0,0,1,1,0,0,0,0,1,0,1,0,0,1,1,0,0,1,0,1,1,0,0,1,1,0,0,1,1,1,0,0,1,1,1
0,1,1,1,0,1,1,0,0,0,1,0,0,1,0,1,0,0,0,0,0,0,0,1,1,0,1,1,0,0,1,1,0,0,0,0,1,0,1,0,0,1
0,1,1,1,1,1,1,0,0,0,1,0,0,1,0,0,0,0,1,0,0,0,1,1,1,0,1,1,0,0,0,1,0,0,1,0,1,0,0,0,0,0
1,1,0,1,0,1,1,0,0,0,1,0,0,0,1,0,0,0,1,0,1,0,1,1,1,1,1,1,0,0,0,1,0,0,1,0,0,0,0,1,0,0
0,1,0,0,1,1,1,0,0,0,0,0,0,1,0,1,0,0,0,0,1,1,1,0,1,0,1,1,0,0,0,1,0,0,0,1,0,0,0,1,0,1
0,1,0,0,1,1,1,0,0,0,1,0,0,0,1,1,0,0,0,0,1,0,1,0,0,1,1,1,0,0,0,0,0,0,1,0,1,0,0,0,0,1
1,0,0,0,0,1,1,1,0,1,1,1,0,1,0,1,0,0,0,0,1,0,1,0,0,1,1,1,0,0,0,1,0,0,0,1,1,0,0,0,0,1
0,1,1,0,1,1,1,1,0,0,0,1,0,1,1,1,1,0,0,0,0,1,0,0,0,0,1,1,1,0,1,1,1,0,1,0,1,0,0,0,0,1
1,1,0,1,1,1,1,1,0,1,0,0,0,0,0,1,1,0,0,0,0,0,1,1,0,1,1,1,1,0,0,0,1,0,1,1,1,1,0,0,0,0
0,1,1,1,1,1,1,0,0,1,0,0,0,0,1,1,1,0,0,0,0,1,1,0,1,1,1,1,1,0,1,0,0,0,0,0,1,1,0,0,0,0
1,0,0,0,0,0,1,1,0,0,1,0,0,0,1,1,1,0,0,0,0,0,1,1,1,1,1,1,0,0,1,0,0,0,0,1,1,1,0,0,0,0
0,1,0,0,0,1,1,0,0,0,0,0,0,1,0,0,0,0,0,1,1,1,0,0,0,0,0,1,1,0,0,1,0,0,0,1,1,1,0,0,0,0
1,0,0,1,1,1,1,1,0,1,0,1,0,1,1,0,0,0,0,1,1,0,1,0,0,0,1,1,0,0,0,0,0,0,1,0,0,0,0,0,1,1
1,1,1,0,0,1,1,0,0,0,0,0,0,1,1,0,0,0,0,1,1,1,0,0,1,1,1,1,1,0,1,0,1,0,1,1,0,0,0,0,1,1
0,0,1,0,1,1,1,1,0,1,1,0,0,0,0,0,0,0,0,1,1,1,1,1,0,0,1,1,0,0,0,0,0,0,1,1,0,0,0,0,1,1
1,1,0,1,0,1,1,1,0,0,1,1,0,1,1,1,1,1,1,0,0,0,0,1,0,1,1,1,1,0,1,1,0,0,0,0,0,0,0,0,1,1
1,1,1,0,0,1,1,1,0,1,1,1,0,1,1,0,1,0,0,1,1,1,1,0,1,0,1,1,1,0,0,1,1,0,1,1,1,1,1,1,0,0
1,0,0,0,0,1,1,1,0,1,0,1,0,0,0,1,1,1,0,1,1,1,1,1,0,0,1,1,1,0,1,1,1,0,1,1,0,1,0,0,1,1
0,1,0,0,1,1,1,1,0,0,0,0,0,0,0,1,1,1,0,1,1,1,0,0,0,0,1,1,1,0,1,0,1,0,0,0,1,1,1,0,1,1
0,0,0,1,1,1,1,0,0,1,0,0,0,0,0,1,1,1,0,1,1,0,1,0,0,1,1,1,1,0,0,0,0,0,0,0,1,1,1,0,1,1
0,0,1,0,1,1,1,0,0,0,0,0,0,0,1,1,1,1,0,1,1,0,0,0,1,1,1,1,0,0,1,0,0,0,0,0,1,1,1,0,1,1
1,0,1,0,1,1,1,1,0,1,0,0,0,1,1,1,1,1,0,1,1,0,0,1,0,1,1,1,0,0,0,0,0,0,0,1,1,1,1,0,1,1
1,0,1,0,0,1,1,0,0,1,0,0,0,1,1,1,1,1,0,1,1,1,0,1,0,1,1,1,1,0,1,0,0,0,1,1,1,1,1,0,1,1
0,0,1,1,0,1,1,0,0,1,0,0,0,1,1,1,1,1,0,1,1,1,0,1,0,0,1,1,0,0,1,0,0,0,1,1,1,1,1,0,1,1
0,0,1,1,1,0,1,0,0,0,0,0,0,0,1,1,1,1,0,1,1,0,0,1,1,0,1,1,0,0,1,0,0,0,1,1,1,1,1,0,1,1
1,0,1,1,1,0,1,1,0,0,1,1,0,1,1,1,1,1,0,1,1,0,0,1,1,1,0,1,0,0,0,0,0,0,0,1,1,1,1,0,1,1
1,1,0,1,1,1,1,1,0,1,1,1,0,1,1,1,1,1,0,1,1,1,0,1,1,1,0,1,1,0,0,1,1,0,1,1,1,1,1,0,1,1
0,0,1,0,0,0,1,1,0,0,0,0,0,0,1,1,1,1,0,1,1,1,1,0,1,1,1,1,1,0,1,1,1,0,1,1,1,1,1,0,1,1
1,0,1,1,0,0,1,0,0,0,0,0,0,0,0,1,1,1,0,1,1,0,0,1,0,0,0,1,1,0,0,0,0,0,0,1,1,1,1,0,1,1
1,1,1,0,1,0,1,0,0,0,0,0,0,0,0,1,1,1,0,1,1,1,0,1,1,0,0,1,0,0,0,0,0,0,0,0,1,1,1,0,1,1
0,1,0,1,1,1,1,1,0,0,0,0,0,0,1,1,1,1,0,1,1,1,1,1,0,1,0,1,0,0,0,0,0,0,0,0,1,1,1,0,1,1
1,0,0,1,0,0,1,1,0,0,1,1,0,1,0,1,1,1,0,1,1,0,1,0,1,1,1,1,1,0,0,0,0,0,0,1,1,1,1,0,1,1
0,1,1,1,0,0,1,0,0,0,0,0,0,0,1,1,1,1,0,1,0,1,0,0,1,0,0,1,1,0,0,1,1,0,1,0,1,1,1,0,1,1
1,1,1,1,0,0,1,0,0,1,1,0,0,1,0,1,1,1,0,1,0,0,1,1,1,0,0,1,0,0,0,0,0,0,0,1,1,1,1,0,1,0
0,0,1,1,0,1,1,1,0,1,1,0,0,0,1,0,0,1,1,1,0,1,1,1,1,0,0,1,0,0,1,1,0,0,1,0,1,1,1,0,1,0
0,0,1,0,1,0,1,0,0,0,1,0,0,1,1,0,0,1,0,0,1,0,0,1,1,0,1,1,1,0,1,1,0,0,0,1,0,0,1,1,1,0
1,0,0,1,1,0,1,1,0,1,0,0,0,0,0,1,0,0,0,0,1,0,0,1,0,1,0,1,0,0,0,1,0,0,1,1,0,0,1,0,0,1
0,0,0,1,0,0,1,0,0,1,1,0,0,0,1,1,0,0,0,0,1,1,0,0,1,1,0,1,1,0,1,0,0,0,0,0,1,0,0,0,0,1
0,1,0,0,1,0,1,0,0,0,1,0,0,1,0,1,0,0,0,0,1,0,0,0,1,0,0,1,0,0,1,1,0,0,0,1,1,0,0,0,0,1
1,1,0,1,1,0,1,0,0,1,1,0,0,1,0,1,0,0,1,0,0,0,1,0,0,1,0,1,0,0,0,1,0,0,1,0,1,0,0,0,0,1
0,0,1,1,1,0,1,1,0,0,1,0,0,1,1,0,0,0,0,0,1,1,1,0,1,1,0,1,0,0,1,1,0,0,1,0,1,0,0,1,0,0
1,0,0,1,0,1,1,0,0,1,0,0,0,0,1,1,1,0,1,0,1,0,0,1,1,1,0,1,1,0,0,1,0,0,1,1,0,0,0,0,0,1
0,0,0,1,1,1,1,0,0,1,1,0,0,0,1,1,1,0,1,0,1,1,0,0,1,0,1,1,0,0,1,0,0,0,0,1,1,1,0,1,0,1
0,0,1,0,1,0,1,1,0,1,1,0,0,0,1,1,0,0,0,1,1,0,0,0,1,1,1,1,0,0,1,1,0,0,0,1,1,1,0,1,0,1
1,1,0,1,1,0,1,1,0,0,1,0,0,0,0,1,0,1,0,0,1,0,0,1,0,1,0,1,1,0,1,1,0,0,0,1,1,0,0,0,1,1
0,1,1,0,0,1,1,0,0,0,1,0,0,1,1,1,0,0,0,0,0,1,1,0,1,1,0,1,1,0,0,1,0,0,0,0,1,0,1,0,0,1
1,0,0,0,0,1,1,0,0,1,0,0,0,0,1,0,0,0,0,0,1,0,1,1,0,0,1,1,0,0,0,1,0,0,1,1,1,0,0,0,0,0
0,0,1,0,0,1,1,1,0,0,1,1,0,1,1,0,0,0,0,0,1,1,0,0,0,0,1,1,0,0,1,0,0,0,0,1,0,0,0,0,0,1
1,0,1,0,1,0,1,0,0,1,1,0,0,0,0,1,1,0,0,0,1,0,0,1,0,0,1,1,1,0,0,1,1,0,1,1,0,0,0,0,0,1
1,0,1,1,1,1,1,0,0,1,1,0,0,0,0,1,0,0,0,1,0,1,0,1,0,1,0,1,0,0,1,1,0,0,0,0,1,1,0,0,0,1
1,1,0,1,1,0,1,1,0,1,1,0,0,0,1,0,0,1,0,0,0,1,0,1,1,1,1,1,0,0,1,1,0,0,0,0,1,0,0,0,1,0
1,0,1,0,0,1,1,1,0,0,1,1,0,1,1,0,0,0,0,0,1,1,1,0,1,1,0,1,1,0,1,1,0,0,0,1,0,0,1,0,0,0
0,1,0,0,0,1,1,1,0,1,1,0,0,0,0,1,1,0,0,0,1,1,0,1,0,0,1,1,1,0,0,1,1,0,1,1,0,0,0,0,0,1
1,0,1,1,0,1,1,1,0,1,1,1,0,1,1,1,0,0,0,1,0,0,1,0,0,0,1,1,1,0,1,1,0,0,0,0,1,1,0,0,0,1
0,0,0,0,1,1,1,1,0,0,0,0,0,0,0,0,1,1,0,0,1,1,0,1,1,0,1,1,1,0,1,1,1,0,1,1,1,0,0,0,1,0
0,0,0,0,1,0,1,0,0,0,0,0,0,1,1,0,1,1,0,0,1,0,0,0,0,1,1,1,1,0,0,0,0,0,0,0,0,1,1,0,0,1
1,1,0,0,0,1,1,1,0,0,1,1,0,0,1,0,1,1,0,0,1,0,0,0,0,1,0,1,0,0,0,0,0,0,1,1,0,1,1,0,0,1
0,0,1,1,0,1,1,1,0,1,1,0,0,0,0,1,1,0,0,1,1,1,1,0,0,0,1,1,1,0,0,1,1,0,0,1,0,1,1,0,0,1
0,0,1,0,1,1,1,1,0,0,1,0,0,0,1,1,1,1,1,1,0,0,0,1,1,0,1,1,1,0,1,1,0,0,0,0,1,1,0,0,1,1
1,0,1,0,1,1,1,0,0,0,1,0,0,0,0,0,0,1,0,1,1,0,0,1,0,1,1,1,1,0,0,1,0,0,0,1,1,1,1,1,1,0
1,1,1,1,0,1,1,1,0,0,1,0,0,0,0,1,0,1,1,0,0,1,0,1,0,1,1,1,0,0,0,1,0,0,0,0,0,0,1,0,1,1
0,0,0,0,0,0,1,0,0,1,1,0,0,1,1,0,0,0,0,0,1,1,1,1,1,0,1,1,1,0,0,1,0,0,0,0,1,0,1,1,0,0
0,0,1,1,1,1,1,0,0,1,1,0,0,0,0,1,0,0,0,0,1,0,0,0,0,0,0,1,0,0,1,1,0,0,1,1,0,0,0,0,0,1
1,0,1,0,1,1,1,0,0,0,0,0,0,1,1,1,0,0,0,0,0,0,0,1,1,1,1,1,0,0,1,1,0,0,0,0,1,0,0,0,0,1
0,0,0,1,1,1,1,0,0,1,1,0,0,0,0,1,0,0,0,0,0,1,0,1,0,1,1,1,0,0,0,0,0,0,1,1,1,0,0,0,0,0
1,0,1,0,1,0,1,1,0,1,0,1,0,1,1,0,0,0,0,0,0,0,0,0,1,1,1,1,0,0,1,1,0,0,0,0,1,0,0,0,0,0
0,0,0,1,0,1,1,0,0,0,1,0,0,0,0,0,0,0,0,0,0,1,0,1,0,1,0,1,1,0,1,0,1,0,1,1,0,0,0,0,0,0
1,1,0,1,0,1,1,0,0,1,1,0,0,1,0,0,0,0,0,0,0,0,0,0,1,0,1,1,0,0,0,1,0,0,0,0,0,0,0,0,0,0
1,1,0,1,0,1,1,0,0,1,1,0,0,0,0,0,0,0,0,0,0,1,1,0,1,0,1,1,0,0,1,1,0,0,1,0,0,0,0,0,0,0
0,1,1,1,1,1,1,0,0,0,0,0,0,0,1,0,0,0,1,0,0,1,1,0,1,0,1,1,0,0,1,1,0,0,0,0,0,0,0,0,0,0
0,1,0,1,1,1,1,0,0,0,1,0,0,1,0,0,0,0,1,0,0,0,1,1,1,1,1,1,0,0,0,0,0,0,0,1,0,0,0,1,0,0
0,1,0,0,1,1,1,1,0,1,0,1,0,1,0,0,0,0,1,0,1,0,1,0,1,1,1,1,0,0,0,1,0,0,1,0,0,0,0,1,0,0
0,1,0,0,1,1,1,1,0,1,0,1,0,1,1,0,0,0,1,0,1,0,1,0,0,1,1,1,1,0,1,0,1,0,1,0,0,0,0,1,0,1
1,0,1,0,0,1,1,1,0,0,1,1,0,1,1,0,0,0,1,0,1,0,1,0,0,1,1,1,1,0,1,0,1,0,1,1,0,0,0,1,0,1
0,1,1,0,0,1,1,0,0,0,1,0,0,1,0,1,1,0,0,0,1,1,0,1,0,0,1,1,1,0,0,1,1,0,1,1,0,0,0,1,0,1
0,0,1,0,0,1,1,0,0,0,0,0,0,0,0,1,0,0,1,1,0,0,1,1,0,0,1,1,0,0,0,1,0,0,1,0,1,1,0,0,0,1
1,0,0,0,1,1,1,0,0,1,1,0,0,0,1,1,0,0,1,1,0,0,0,1,0,0,1,1,0,0,0,0,0,0,0,0,1,0,0,1,1,0
1,1,0,1,0,1,1,1,0,1,0,1,0,1,1,0,0,1,0,0,1,1,0,0,0,1,1,1,0,0,1,1,0,0,0,1,1,0,0,1,1,0
1,1,0,0,1,0,1,0,0,1,1,0,0,0,0,0,0,1,0,0,1,1,1,0,1,0,1,1,1,0,1,0,1,0,1,1,0,0,1,0,0,1
0,1,1,1,1,0,1,1,0,0,0,0,0,1,1,1,0,0,0,0,0,1,1,0,0,1,0,1,0,0,1,1,0,0,0,0,0,0,1,0,0,1
0,0,1,1,0,1,1,1,0,1,0,1,0,1,0,1,0,0,0,0,0,0,1,1,1,1,0,1,1,0,0,0,0,0,1,1,1,0,0,0,0,0
1,0,1,1,1,1,1,0,0,0,0,0,0,0,0,1,0,0,0,0,0,0,0,1,1,0,1,1,1,0,1,0,1,0,1,0,1,0,0,0,0,0
0,1,0,0,1,1,1,0,0,0,1,0,0,1,0,1,0,0,0,0,0,1,0,1,1,1,1,1,0,0,0,0,0,0,0,0,1,0,0,0,0,0
1,1,0,1,1,1,1,1,0,0,0,1,0,1,1,0,0,0,1,0,0,0,1,0,0,1,1,1,0,0,0,1,0,0,1,0,1,0,0,0,0,0
0,1,1,0,0,1,1,1,0,0,0,1,0,1,0,0,0,0,1,0,0,1,1,0,1,1,1,1,1,0,0,0,1,0,1,1,0,0,0,1,0,0
1,0,1,1,0,1,1,1,0,1,0,0,0,1,1,0,0,0,1,0,0,0,1,1,0,0,1,1,1,0,0,0,1,0,1,0,0,0,0,1,0,0
0,1,1,0,0,0,1,0,0,1,0,0,0,1,0,0,0,0,1,0,0,1,0,1,1,0,1,1,1,0,1,0,0,0,1,1,0,0,0,1,0,0
0,0,1,1,1,0,1,0,0,1,0,0,0,0,0,0,0,0,1,0,0,0,1,1,0,0,0,1,0,0,1,0,0,0,1,0,0,0,0,1,0,0
1,0,0,0,0,1,1,1,0,1,0,1,0,0,1,0,0,0,1,0,0,0,0,1,1,1,0,1,0,0,1,0,0,0,0,0,0,0,0,1,0,0
1,0,1,1,0,1,1,1,0,0,0,1,0,1,0,0,0,0,1,0,0,1,0,0,0,0,1,1,1,0,1,0,1,0,0,1,0,0,0,1,0,0
1,0,1,1,0,1,1,0,0,0,0,0,0,0,1,0,0,0,1,0,0,1,0,1,1,0,1,1,1,0,0,0,1,0,1,0,0,0,0,1,0,0
1,1,0,0,1,1,1,0,0,0,1,0,0,1,1,0,0,0,1,0,0,1,0,1,1,0,1,1,0,0,0,0,0,0,0,1,0,0,0,1,0,0
1,1,1,1,1,0,1,0,0,0,1,0,0,1,1,0,0,0,1,0,1,1,1,0,0,1,1,1,0,0,0,1,0,0,1,1,0,0,0,1,0,0
1,1,1,0,0,0,1,1,0,0,1,0,0,0,0,1,0,0,0,0,1,1,1,1,1,1,0,1,0,0,0,1,0,0,1,1,0,0,0,1,0,1
0,0,0,1,0,0,1,0,0,0,0,0,0,1,1,1,0,0,0,0,0,1,1,1,0,0,0,1,1,0,0,1,0,0,0,0,1,0,0,0,0,1
0,0,0,1,1,0,1,0,0,1,0,0,0,1,0,1,0,0,0,0,0,0,0,0,1,0,0,1,0,0,0,0,0,0,1,1,1,0,0,0,0,0
0,1,1,1,1,0,1,0,0,0,1,0,0,1,0,1,0,0,0,0,0,0,0,0,1,1,0,1,0,0,1,0,0,0,1,0,1,0,0,0,0,0
0,0,0,1,1,1,1,1,0,1,1,1,0,1,1,0,0,0,1,0,0,0,1,1,1,1,0,1,0,0,0,1,0,0,1,0,1,0,0,0,0,0
0,0,0,0,1,1,1,0,0,0,1,0,0,1,1,0,1,0,0,0,1,0,0,0,1,1,1,1,1,0,1,1,1,0,1,1,0,0,0,1,0,0
0,1,1,0,0,0,1,1,0,1,1,1,0,1,1,1,0,0,0,1,1,0,0,0,0,1,1,1,0,0,0,1,0,0,1,1,0,1,0,0,0,1
0,1,1,1,1,0,1,1,0,0,1,0,0,0,1,1,1,1,0,0,1,0,1,1,0,0,0,1,1,0,1,1,1,0,1,1,1,0,0,0,1,1
1,1,0,0,0,0,1,0,0,0,1,0,0,0,0,1,0,0,0,1,1,0,1,1,1,1,0,1,1,0,0,1,0,0,0,1,1,1,1,0,0,1
1,1,0,0,0,0,1,1,0,1,1,0,0,0,0,1,0,1,0,0,0,1,1,0,0,0,0,1,0,0,0,1,0,0,0,0,1,0,0,0,1,1
1,0,1,0,0,0,1,0,0,0,0,0,0,0,1,0,1,0,1,0,0,1,1,0,0,0,0,1,1,0,1,1,0,0,0,0,1,0,1,0,0,0
1,0,0,0,1,1,1,1,0,0,1,0,0,0,0,0,1,0,1,0,0,1,0,1,0,0,0,1,0,0,0,0,0,0,0,1,0,1,0,1,0,0
0,1,0,0,1,1,1,0,0,0,0,0,0,1,0,0,0,0,0,1,1,1,0,0,0,1,1,1,1,0,0,1,0,0,0,0,0,1,0,1,0,0
0,1,0,1,1,1,1,1,0,1,0,0,0,0,1,0,0,0,0,1,1,0,1,0,0,1,1,1,0,0,0,0,0,0,1,0,0,0,0,0,1,1
0,0,1,1,0,0,1,1,0,1,1,0,0,0,1,0,0,0,0,1,1,0,1,0,1,1,1,1,1,0,1,0,0,0,0,1,0,0,0,0,1,1
1,0,0,0,1,0,1,0,0,0,1,0,0,1,0,1,0,1,0,0,1,0,0,1,1,0,0,1,1,0,1,1,0,0,0,1,0,0,0,0,1,1
1,0,0,1,0,0,1,1,0,1,1,0,0,0,1,1,0,0,1,0,0,1,0,0,0,1,0,1,0,0,0,1,0,0,1,0,1,0,1,0,0,1
1,0,1,0,1,0,1,0,0,1,0,0,0,1,1,0,0,0,0,0,1,1,0,0,1,0,0,1,1,0,1,1,0,0,0,1,1,0,0,1,0,0
0,1,0,0,1,0,1,0,0,1,0,0,0,1,0,0,0,0,0,0,1,1,0,1,0,1,0,1,0,0,1,0,0,0,1,1,0,0,0,0,0,1
1,1,0,0,1,1,1,0,0,0,1,0,0,0,0,0,0,0,0,0,1,0,1,0,0,1,0,1,0,0,1,0,0,0,1,0,0,0,0,0,0,1
0,1,0,0,0,1,1,0,0,1,0,0,0,1,0,1,0,0,0,0,0,1,1,0,0,1,1,1,0,0,0,1,0,0,0,0,0,0,0,0,0,1
0,1,0,0,1,1,1,0,0,0,1,0,0,1,1,1,0,0,0,0,0,0,1,0,0,0,1,1,0,0,1,0,0,0,1,0,1,0,0,0,0,0
1,1,0,0,1,1,1,1,0,1,1,0,0,1,0,0,0,0,0,0,1,0,1,0,0,1,1,1,0,0,0,1,0,0,1,1,1,0,0,0,0,0
0,0,1,0,1,1,1,0,0,1,1,0,0,0,1,1,1,0,1,0,0,1,1,0,0,1,1,1,1,0,1,1,0,0,1,0,0,0,0,0,0,1
0,0,1,0,0,1,1,0,0,1,1,0,0,1,1,0,0,0,0,1,1,0,0,1,0,1,1,1,0,0,1,1,0,0,0,1,1,1,0,1,0,0
1,0,1,0,1,1,1,0,0,1,0,0,0,1,0,1,0,1,0,0,1,0,0,1,0,0,1,1,0,0,1,1,0,0,1,1,0,0,0,0,1,1
0,0,0,1,1,1,1,0,0,0,0,0,0,0,0,1,0,1,0,0,1,1,0,1,0,1,1,1,0,0,1,0,0,0,1,0,1,0,1,0,0,1
0,1,0,1,1,1,1,1,0,1,0,1,0,1,0,1,0,1,0,0,1,0,0,0,1,1,1,1,0,0,0,0,0,0,0,0,1,0,1,0,0,1
0,1,1,1,1,0,1,1,0,0,1,1,0,1,0,1,0,1,0,0,1,0,1,0,1,1,1,1,1,0,1,0,1,0,1,0,1,0,1,0,0,1
1,1,1,1,1,0,1,0,0,1,1,0,0,0,1,1,1,0,0,0,0,0,1,1,1,1,0,1,1,0,0,1,1,0,1,0,1,0,1,0,0,1
0,0,1,0,0,1,1,0,0,1,0,0,0,0,0,0,0,0,1,1,1,1,1,1,1,1,0,1,0,0,1,1,0,0,0,1,1,1,0,0,0,0
1,1,0,0,1,1,1,1,0,0,1,0,0,0,1,0,0,0,1,1,1,0,0,1,0,0,1,1,0,0,1,0,0,0,0,0,0,0,0,1,1,1
1,1,1,1,1,1,1,1,0,1,1,1,0,1,0,1,0,1,0,0,1,1,1,0,0,1,1,1,1,0,0,1,0,0,0,1,0,0,0,1,1,1
0,0,1,1,1,1,1,1,0,0,0,0,0,0,1,1,1,0,0,0,0,1,1,1,1,1,1,1,1,0,1,1,1,0,1,0,1,0,1,0,0,1
0,0,0,1,1,1,1,0,0,1,0,0,0,1,0,1,1,0,0,0,0,0,0,1,1,1,1,1,1,0,0,0,0,0,0,1,1,1,0,0,0,0
0,1,1,0,1,1,1,1,0,1,0,1,0,1,1,1,1,0,0,0,0,0,0,0,1,1,1,1,0,0,1,0,0,0,1,0,1,1,0,0,0,0
1,1,1,1,0,1,1,0,0,0,1,0,0,1,1,1,1,0,0,0,0,0,1,1,0,1,1,1,1,0,1,0,1,0,1,1,1,1,0,0,0,0
1,1,1,1,1,0,1,1,0,1,0,0,0,0,1,0,0,0,0,1,1,1,1,1,1,0,1,1,0,0,0,1,0,0,1,1,1,1,0,0,0,0
0,1,1,1,1,0,1,0,0,1,1,0,0,0,1,0,0,0,0,1,1,1,1,1,1,1,0,1,1,0,1,0,0,0,0,1,0,0,0,0,1,1
0,0,1,1,1,0,1,0,0,0,0,0,0,1,0,1,0,1,1,0,1,0,1,1,1,1,0,1,0,0,1,1,0,0,0,1,0,0,0,0,1,1
1,0,0,1,1,0,1,1,0,1,1,0,0,1,1,1,0,1,1,0,1,0,0,1,1,1,0,1,0,0,0,0,0,0,1,0,1,0,1,1,0,1
0,1,0,1,1,0,1,1,0,0,1,0,0,0,1,1,1,0,1,0,1,1,0,0,1,1,0,1,1,0,1,1,0,0,1,1,1,0,1,1,0,1
0,0,1,1,1,0,1,1,0,0,1,0,0,0,1,1,1,0,1,1,1,0,1,0,1,1,0,1,1,0,0,1,0,0,0,1,1,1,0,1,0,1
0,1,1,1,0,1,1,0,0,0,1,0,0,0,1,1,1,1,1,1,1,0,0,1,1,1,0,1,1,0,0,1,0,0,0,1,1,1,0,1,1,1
0,0,0,0,1,1,1,1,0,1,1,1,0,1,0,1,0,1,0,1,1,0,1,1,1,0,1,1,0,0,0,1,0,0,0,1,1,1,1,1,1,1
1,0,1,1,1,1,1,1,0,0,1,1,0,1,0,1,1,1,0,0,0,0,0,0,0,1,1,1,1,0,1,1,1,0,1,0,1,0,1,0,1,1
0,0,1,0,0,0,1,1,0,1,1,1,0,1,1,0,1,0,0,1,0,1,0,1,1,1,1,1,1,0,0,1,1,0,1,0,1,1,1,0,0,0
0,1,1,1,0,0,1,1,0,1,1,0,0,0,1,0,1,1,0,1,1,0,0,1,0,0,0,1,1,0,1,1,1,0,1,1,0,1,0,0,1,0
1,1,1,1,0,0,1,1,0,1,1,0,0,1,0,1,0,1,0,1,1,0,1,1,1,0,0,1,1,0,1,1,0,0,0,1,0,1,1,0,1,1
0,1,1,0,1,0,1,1,0,1,0,0,0,0,0,1,1,1,1,0,0,1,1,1,1,0,0,1,1,0,1,1,0,0,1,0,1,0,1,0,1,1
0,0,0,1,1,0,1,1,0,1,0,1,0,1,0,1,1,1,1,0,0,0,1,1,0,1,0,1,1,0,1,0,0,0,0,0,1,1,1,1,0,0
0,0,1,1,0,1,1,0,0,0,0,0,0,0,1,1,1,1,1,0,0,0,0,0,1,1,0,1,1,0,1,0,1,0,1,0,1,1,1,1,0,0
0,0,1,1,0,1,1,1,0,0,0,1,0,1,0,1,1,1,1,0,0,0,0,1,1,0,1,1,0,0,0,0,0,0,0,1,1,1,1,1,0,0
0,0,0,1,1,0,1,1,0,1,1,0,0,0,0,1,1,1,1,0,0,0,0,1,1,0,1,1,1,0,0,0,1,0,1,0,1,1,1,1,0,0
1,0,1,0,0,0,1,0,0,0,0,0,0,0,1,0,0,0,0,1,1,0,0,0,1,1,0,1,1,0,1,1,0,0,0,0,1,1,1,1,0,0
1,0,1,0,0,0,1,1,0,1,0,0,0,1,1,0,0,0,0,1,1,1,0,1,0,0,0,1,0,0,0,0,0,0,0,1,0,0,0,0,1,1
0,0,1,0,0,1,1,0,0,0,0,0,0,1,0,0,0,0,0,1,1,1,0,1,0,0,0,1,1,0,1,0,0,0,1,1,0,0,0,0,1,1
1,0,0,1,0,0,1,1,0,1,1,1,0,1,0,0,0,0,0,1,1,0,0,1,0,0,1,1,0,0,0,0,0,0,1,0,0,0,0,0,1,1
0,0,1,1,0,1,1,1,0,1,1,0,0,0,0,1,1,1,0,0,0,1,0,0,1,0,0,1,1,0,1,1,1,0,1,0,0,0,0,0,1,1
0,0,1,0,1,0,1,0,0,0,1,0,0,0,0,0,0,0,0,1,0,0,0,1,1,0,1,1,1,0,1,1,0,0,0,0,1,1,1,0,0,0
1,0,0,0,0,0,1,0,0,0,1,0,0,0,1,0,0,1,0,0,0,0,0,1,0,1,0,1,0,0,0,1,0,0,0,0,0,0,0,0,1,0
0,1,0,0,1,0,1,1,0,1,1,0,0,0,1,0,0,0,0,0,1,1,0,0,0,0,0,1,0,0,0,1,0,0,0,1,0,0,1,0,0,0
1,0,0,0,1,1,1,1,0,0,0,1,0,1,0,1,1,0,1,0,1,0,1,0,0,1,0,1,1,0,1,1,0,0,0,1,0,0,0,0,0,1
1,1,1,1,1,1,1,0,0,1,0,0,0,0,0,1,1,0,1,0,1,1,0,0,0,1,1,1,1,0,0,0,1,0,1,0,1,1,0,1,0,1
0,0,0,1,1,1,1,1,0,1,1,0,0,0,1,1,1,0,1,0,1,1,1,1,1,1,1,1,0,0,1,0,0,0,0,0,1,1,0,1,0,1
0,0,1,0,1,1,1,1,0,1,1,0,0,0,1,1,0,0,0,1,1,0,0,0,1,1,1,1,1,0,1,1,0,0,0,1,1,1,0,1,0,1
0,1,1,1,1,0,1,0,0,0,0,0,0,0,0,1,0,1,0,0,1,0,0,1,0,1,1,1,1,0,1,1,0,0,0,1,1,0,0,0,1,1
0,1,0,1,1,0,1,1,0,1,1,0,0,1,1,1,0,1,0,0,1,0,1,1,1,1,0,1,0,0,0,0,0,0,0,0,1,0,1,0,0,1
1,0,1,1,1,1,1,0,0,1,1,0,0,0,1,1,1,0,1,0,1,0,1,0,1,1,0,1,1,0,1,1,0,0,1,1,1,0,1,0,0,1
1,1,0,0,1,1,1,1,0,0,1,0,0,1,0,1,0,0,0,1,1,1,0,1,1,1,1,1,0,0,1,1,0,0,0,1,1,1,0,1,0,1
0,0,0,0,1,1,1,1,0,0,1,1,0,1,1,1,1,1,1,0,0,1,1,0,0,1,1,1,1,0,0,1,0,0,1,0,1,0,0,0,1,1
0,0,1,0,1,1,1,0,0,0,0,0,0,1,1,0,1,0,0,1,1,0,0,0,0,1,1,1,1,0,0,1,1,0,1,1,1,1,1,1,0,0
1,1,1,1,1,1,1,0,0,0,0,0,0,0,0,0,1,0,0,1,1,0,0,1,0,1,1,1,0,0,0,0,0,0,1,1,0,1,0,0,1,1
1,0,1,1,0,1,1,0,0,1,0,0,0,0,0,0,1,0,0,1,1,1,1,1,1,1,1,1,0,0,0,0,0,0,0,0,0,1,0,0,1,1
1,1,1,1,1,1,1,1,0,0,0,0,0,0,1,0,1,0,0,1,1,1,0,1,1,0,1,1,0,0,1,0,0,0,0,0,0,1,0,0,1,1
0,1,1,1,0,0,1,1,0,1,1,1,0,1,0,0,1,0,0,1,1,1,1,1,1,1,1,1,1,0,0,0,0,0,0,1,0,1,0,0,1,1
0,0,0,0,0,0,1,0,0,1,1,0,0,1,0,1,1,1,0,1,0,0,1,1,1,0,0,1,1,0,1,1,1,0,1,0,0,1,0,0,1,1
1,1,1,0,0,1,1,1,0,0,1,1,0,1,0,0,0,1,0,1,0,0,0,0,0,0,0,1,0,0,1,1,0,0,1,0,1,1,1,0,1,0
1,0,1,0,0,1,1,0,0,0,0,0,0,1,1,0,1,1,0,0,0,1,1,1,0,0,1,1,1,0,0,1,1,0,1,0,0,0,1,0,1,0
1,0,1,1,1,1,1,0,0,1,0,0,0,1,1,0,1,1,0,0,0,1,0,1,0,0,1,1,0,0,0,0,0,0,1,1,0,1,1,0,0,0
0,1,1,1,0,0,1,0,0,0,1,0,0,1,1,0,1,1,0,0,0,1,0,1,1,1,1,1,0,0,1,0,0,0,1,1,0,1,1,0,0,0
0,0,0,0,0,0,1,1,0,1,0,0,0,0,1,0,0,0,0,1,1,0,1,1,1,0,0,1,0,0,0,1,0,0,1,1,0,1,1,0,0,0
1,0,0,1,0,0,1,0,0,0,0,0,0,1,1,0,0,0,0,1,1,0,0,0,0,0,0,1,1,0,1,0,0,0,0,1,0,0,0,0,1,1
1,0,1,1,1,0,1,1,0,0,0,0,0,0,0,0,0,0,0,1,1,1,0,0,1,0,0,1,0,0,0,0,0,0,1,1,0,0,0,0,1,1
1,0,1,1,1,0,1,1,0,1,0,0,0,0,0,0,0,0,0,1,1,1,0,1,1,1,0,1,1,0,0,0,0,0,0,0,0,0,0,0,1,1
0,0,0,0,0,1,1,1,0,0,1,1,0,1,0,0,0,0,0,1,1,1,0,1,1,1,0,1,1,0,1,0,0,0,0,0,0,0,0,0,1,1
1,0,0,1,0,1,1,0,0,1,1,0,0,1,0,1,1,1,0,0,0,0,0,0,0,0,1,1,1,0,0,1,1,0,1,0,0,0,0,0,1,1
1,0,0,1,0,1,1,1,0,0,1,0,0,1,0,0,0,0,0,1,0,1,0,0,1,0,1,1,0,0,1,1,0,0,1,0,1,1,1,0,0,0
0,0,1,1,1,1,1,0,0,1,1,0,0,0,1,0,1,1,1,0,0,1,0,0,1,0,1,1,1,0,0,1,0,0,1,0,0,0,0,0,1,0
1,0,1,1,1,1,1,0,0,1,1,0,0,0,1,0,0,0,0,1,1,0,0,1,1,1,1,1,0,0,1,1,0,0,0,1,0,1,1,1,0,0
1,0,1,1,1,1,1,1,0,1,0,0,0,0,0,1,0,1,1,0,1,1,0,1,1,1,1,1,0,0,1,1,0,0,0,1,0,0,0,0,1,1
1,1,0,0,1,0,1,1,0,0,1,1,0,1,1,1,0,1,1,0,1,1,0,1,1,1,1,1,1,0,1,0,0,0,0,0,1,0,1,1,0,1
0,1,1,0,1,1,1,1,0,0,0,0,0,0,0,1,1,0,0,0,1,1,1,0,0,1,0,1,1,0,0,1,1,0,1,1,1,0,1,1,0,1
1,1,1,0,1,1,1,0,0,0,0,0,0,1,0,1,1,0,0,0,1,0,1,1,0,1,1,1,1,0,0,0,0,0,0,0,1,1,0,0,0,1
1,1,0,0,1,1,1,0,0,1,1,0,0,0,0,1,1,0,0,0,1,1,1,1,0,1,1,1,0,0,0,0,0,0,1,0,1,1,0,0,0,1
0,1,1,0,1,1,1,0,0,0,0,0,0,1,1,1,0,0,0,1,0,1,1,0,0,1,1,1,0,0,1,1,0,0,0,0,1,1,0,0,0,1
1,0,0,0,0,0,1,1,0,0,1,1,0,1,0,1,0,0,0,1,0,0,1,1,0,1,1,1,0,0,0,0,0,0,1,1,1,0,0,0,1,0
0,0,1,1,0,1,1,1,0,0,1,0,0,0,1,0,1,1,0,0,0,1,0,0,0,0,0,1,1,0,0,1,1,0,1,0,1,0,0,0,1,0
1,1,0,0,1,0,1,1,0,0,1,1,0,1,0,0,0,0,0,1,1,0,0,1,1,0,1,1,1,0,0,1,0,0,0,1,0,1,1,0,0,0
0,0,0,1,0,0,1,0,0,1,0,0,0,0,1,1,1,1,0,0,0,1,1,0,0,1,0,1,1,0,0,1,1,0,1,0,0,0,0,0,1,1
0,0,0,0,0,1,1,0,0,0,0,0,0,1,0,1,1,1,0,0,0,0,0,0,1,0,0,1,0,0,1,0,0,0,0,1,1,1,1,0,0,0
0,0,0,1,0,1,1,0,0,1,1,0,0,0,0,1,1,1,0,0,0,0,0,0,0,0,1,1,0,0,0,0,0,0,1,0,1,1,1,0,0,0
1,1,1,1,0,1,1,1,0,0,1,0,0,0,0,0,0,0,0,1,0,0,0,0,1,0,1,1,0,0,1,1,0,0,0,0,1,1,1,0,0,0
1,0,0,0,0,1,1,1,0,0,0,1,0,1,1,0,0,1,0,0,0,1,1,1,1,0,1,1,1,0,0,1,0,0,0,0,0,0,0,0,1,0
0,1,1,0,1,1,1,1,0,1,1,0,0,0,0,0,0,1,0,0,0,1,0,0,0,0,1,1,1,0,0,0,1,0,1,1,0,0,1,0,0,0
1,1,1,0,1,1,1,0,0,1,1,0,0,0,0,0,1,0,1,0,0,0,1,1,0,1,1,1,1,0,1,1,0,0,0,0,0,0,1,0,0,0
1,1,1,0,1,1,1,0,0,1,0,0,0,1,0,0,0,0,1,1,1,1,1,1,0,1,1,1,0,0,1,1,0,0,0,0,0,1,0,1,0,0
0,0,1,0,1,1,1,0,0,0,0,0,0,0,0,0,0,0,1,1,1,1,1,1,0,1,1,1,0,0,1,0,0,0,1,0,0,0,0,1,1,1
0,1,1,0,1,1,1,1,0,1,1,0,0,0,0,0,0,0,1,1,1,0,0,1,0,1,1,1,0,0,0,0,0,0,0,0,0,0,0,1,1,1
1,0,1,0,1,1,1,0,0,1,1,0,0,0,1,1,1,1,1,0,1,0,1,1,0,1,1,1,1,0,1,1,0,0,0,0,0,0,0,1,1,1
0,1,1,0,0,0,1,1,0,0,0,0,0,0,1,1,0,0,1,1,1,1,0,1,0,1,1,1,0,0,1,1,0,0,0,1,1,1,1,1,0,1
0,1,0,0,1,1,1,1,0,1,0,1,0,1,0,1,0,0,1,1,1,0,1,1,0,0,0,1,1,0,0,0,0,0,0,1,1,0,0,1,1,1
1,1,1,0,1,1,1,1,0,0,0,0,0,0,1,1,0,0,1,1,1,0,1,0,0,1,1,1,1,0,1,0,1,0,1,0,1,0,0,1,1,1
0,1,1,0,1,1,1,0,0,0,1,0,0,1,1,1,0,0,1,1,1,1,1,1,0,1,1,1,1,0,0,0,0,0,0,1,1,0,0,1,1,1
1,0,1,1,0,0,1,1,0,0,0,1,0,1,1,1,0,1,1,0,1,0,1,1,0,1,1,1,0,0,0,1,0,0,1,1,1,0,0,1,1,1
0,1,0,1,0,0,1,0,0,1,0,0,0,1,1,1,0,1,1,0,1,1,0,1,1,0,0,1,1,0,0,0,1,0,1,1,1,0,1,1,0,1
1,1,0,0,1,1,1,0,0,1,0,0,0,1,1,1,0,1,1,0,1,0,1,0,1,0,0,1,0,0,1,0,0,0,1,1,1,0,1,1,0,1
0,0,0,1,0,1,1,1,0,0,1,1,0,0,0,1,0,1,1,0,1,1,1,0,0,1,1,1,0,0,1,0,0,0,1,1,1,0,1,1,0,1
1,0,0,1,1,0,1,0,0,1,1,0,0,0,0,1,1,0,0,0,1,0,0,0,1,0,1,1,1,0,0,1,1,0,0,0,1,0,1,1,0,1
0,0,0,1,0,1,1,1,0,1,0,1,0,0,1,1,0,0,0,1,0,1,0,0,1,1,0,1,0,0,1,1,0,0,0,0,1,1,0,0,0,1
1,1,1,1,1,1,1,0,0,1,1,0,0,1,1,1,0,0,0,1,0,0,0,0,1,0,1,1,1,0,1,0,1,0,0,1,1,0,0,0,1,0
1,1,1,1,1,1,1,1,0,1,1,0,0,0,1,0,0,1,1,0,1,1,1,1,1,1,1,1,0,0,1,1,0,0,1,1,1,0,0,0,1,0
1,1,1,1,1,1,1,1,0,1,1,0,0,0,1,1,1,0,1,0,1,1,1,1,1,1,1,1,1,0,1,1,0,0,0,1,0,0,1,1,0,1
0,1,0,1,1,1,1,1,0,1,0,0,0,0,1,1,0,0,0,1,1,1,1,1,1,1,1,1,1,0,1,1,0,0,0,1,1,1,0,1,0,1
1,0,1,1,1,1,1,0,0,0,1,0,0,0,0,1,0,0,0,1,1,0,1,0,1,1,1,1,1,0,1,0,0,0,0,1,1,0,0,0,1,1
0,1,1,1,0,1,1,1,0,1,0,0,0,0,1,1,0,1,1,0,0,1,0,1,1,1,1,1,0,0,0,1,0,0,0,0,1,0,0,0,1,1
0,1,0,0,0,1,1,1,0,1,1,1,0,0,1,1,0,1,1,0,0,0,1,1,1,0,1,1,1,0,1,0,0,0,0,1,1,0,1,1,0,0
1,1,1,1,0,0,1,1,0,0,1,1,0,1,0,0,1,0,0,0,1,0,1,0,0,0,1,1,1,0,1,1,1,0,0,1,1,0,1,1,0,0
0,0,1,1,0,1,1,0,0,1,1,0,0,1,1,1,1,0,0,1,0,1,1,1,1,0,0,1,1,0,0,1,1,0,1,0,0,1,0,0,0,1
0,0,0,0,0,1,1,0,0,0,0,0,0,1,0,0,0,1,0,1,1,0,0,1,1,0,1,1,0,0,1,1,0,0,1,1,1,1,0,0,1,0
0,0,0,0,0,1,1,1,0,0,0,1,0,1,1,0,0,1,0,1,1,0,0,0,0,0,1,1,0,0,0,0,0,0,1,0,0,0,1,0,1,1
1,0,1,0,1,1,1,0,0,1,0,0,0,0,0,0,0,1,0,1,1,0,0,0,0,0,1,1,1,0,0,0,1,0,1,1,0,0,1,0,1,1
0,1,0,1,1,0,1,0,0,0,1,0,0,0,1,0,0,1,0,1,1,1,0,1,0,1,1,1,0,0,1,0,0,0,0,0,0,0,1,0,1,1
0,1,0,1,1,1,1,1,0,1,0,1,0,1,1,1,0,1,0,0,1,0,1,0,1,1,0,1,0,0,0,1,0,0,0,1,0,0,1,0,1,1
0,1,1,0,1,0,1,0,0,1,0,0,0,1,1,1,0,1,0,0,1,0,1,0,1,1,1,1,1,0,1,0,1,0,1,1,1,0,1,0,0,1
0,1,1,0,1,0,1,1,0,1,1,1,0,0,1,1,0,1,0,0,1,0,1,1,0,1,0,1,0,0,1,0,0,0,1,1,1,0,1,0,0,1
1,1,1,1,1,1,1,0,0,1,0,0,0,1,1,1,1,0,0,0,1,0,1,1,0,1,0,1,1,0,1,1,1,0,0,1,1,0,1,0,0,1
1,0,1,0,1,1,1,0,0,1,1,0,0,1,0,1,1,0,0,0,1,1,1,1,1,1,1,1,0,0,1,0,0,0,1,1,1,1,0,0,0,1
1,0,1,1,1,1,1,0,0,1,0,0,0,1,0,1,0,0,0,1,0,1,0,1,0,1,1,1,0,0,1,1,0,0,1,0,1,1,0,0,0,1
0,1,1,1,1,1,1,1,0,1,0,0,0,1,0,1,0,0,0,1,0,1,0,1,1,1,1,1,0,0,1,0,0,0,1,0,1,0,0,0,1,0
1,1,1,0,1,1,1,1,0,1,0,0,0,0,0,1,0,0,0,1,0,0,1,1,1,1,1,1,1,0,1,0,0,0,1,0,1,0,0,0,1,0
0,0,1,0,0,0,1,1,0,0,0,0,0,0,1,1,0,0,0,1,0,1,1,1,0,1,1,1,1,0,1,0,0,0,0,0,1,0,0,0,1,0
1,0,0,0,0,0,1,1,0,1,0,1,0,1,1,1,0,0,0,1,0,0,0,1,0,0,0,1,1,0,0,0,0,0,0,1,1,0,0,0,1,0
1,1,0,0,0,0,1,1,0,0,0,0,0,0,0,1,0,0,0,1,0,1,0,0,0,0,0,1,1,0,1,0,1,0,1,1,1,0,0,0,1,0
1,0,0,1,1,1,1,0,0,0,1,0,0,0,1,1,0,0,0,1,0,1,1,0,0,0,0,1,1,0,0,0,0,0,0,0,1,0,0,0,1,0
0,0,1,0,0,0,1,0,0,1,1,0,0,1,1,0,0,1,0,0,1,1,0,0,1,1,1,1,0,0,0,1,0,0,0,1,1,0,0,0,1,0
0,0,1,1,0,0,1,1,0,0,0,1,0,1,1,1,0,0,0,0,1,0,0,1,0,0,0,1,0,0,1,1,0,0,1,1,0,0,1,0,0,1
1,1,1,0,1,1,1,1,0,0,1,0,0,0,1,1,0,0,0,0,1,0,0,1,1,0,0,1,1,0,0,0,1,0,1,1,1,0,0,0,0,1
1,0,0,0,1,1,1,0,0,0,0,0,0,1,1,1,0,0,0,0,1,1,1,1,0,1,1,1,1,0,0,1,0,0,0,1,1,0,0,0,0,1
1,1,0,1,0,0,1,1,0,1,0,1,0,1,1,1,0,0,0,0,1,1,0,0,0,1,1,1,0,0,0,0,0,0,1,1,1,0,0,0,0,1
0,0,1,1,0,1,1,1,0,0,0,0,0,0,0,1,0,0,0,0,1,1,1,0,1,0,0,1,1,0,1,0,1,0,1,1,1,0,0,0,0,1
1,1,0,1,0,1,1,1,0,1,0,0,0,0,0,1,0,0,0,0,1,0,0,1,1,0,1,1,1,0,0,0,0,0,0,0,1,0,0,0,0,1
1,1,0,1,1,1,1,0,0,1,0,0,0,1,0,1,0,0,0,0,1,1,1,0,1,0,1,1,1,0,1,0,0,0,0,0,1,0,0,0,0,1
0,0,1,1,1,0,1,0,0,0,1,0,0,0,0,1,0,0,0,0,1,1,1,0,1,1,1,1,0,0,1,0,0,0,1,0,1,0,0,0,0,1
0,1,1,1,0,1,1,0,0,1,0,0,0,0,1,1,0,0,0,0,0,0,0,1,1,1,0,1,0,0,0,1,0,0,0,0,1,0,0,0,0,1
0,0,0,0,1,0,1,0,0,0,1,0,0,1,1,1,0,0,0,0,0,0,1,1,1,0,1,1,0,0,1,0,0,0,0,1,1,0,0,0,0,0
0,0,0,1,1,0,1,1,0,0,0,0,0,0,0,0,0,0,0,0,1,0,0,0,0,1,0,1,0,0,0,1,0,0,1,1,1,0,0,0,0,0
0,0,1,0,1,1,1,1,0,1,0,0,0,0,0,0,0,0,0,0,1,0,0,0,1,1,0,1,1,0,0,0,0,0,0,0,0,0,0,0,0,1
1,1,1,0,1,1,1,0,0,0,0,0,0,0,1,0,0,0,0,0,1,0,0,1,0,1,1,1,1,0,1,0,0,0,0,0,0,0,0,0,0,1
0,0,1,1,1,1,1,1,0,1,0,0,0,0,0,0,0,0,0,0,1,1,1,1,0,1,1,1,0,0,0,0,0,0,0,1,0,0,0,0,0,1
0,1,0,1,1,1,1,1,0,1,0,0,0,1,1,0,0,0,0,0,1,0,0,1,1,1,1,1,1,0,1,0,0,0,0,0,0,0,0,0,0,1
0,1,1,1,1,1,1,1,0,0,1,0,0,0,0,0,0,0,0,0,1,0,1,0,1,1,1,1,1,0,1,0,0,0,1,1,0,0,0,0,0,1
0,0,1,1,0,1,1,1,0,1,1,1,0,1,1,1,0,0,0,0,0,0,1,1,1,1,1,1,1,0,0,1,0,0,0,0,0,0,0,0,0,1
0,0,1,0,1,0,1,1,0,1,1,0,0,0,1,0,1,0,0,0,1,0,0,1,1,0,1,1,1,0,1,1,1,0,1,1,1,0,0,0,0,0
0,0,1,1,0,1,1,1,0,0,1,1,0,1,0,1,0,0,0,1,1,0,0,1,0,1,0,1,1,0,1,1,0,0,0,1,0,1,0,0,0,1
1,0,1,0,0,1,1,1,0,1,0,0,0,0,0,1,1,1,0,0,0,0,0,1,1,0,1,1,1,0,0,1,1,0,1,0,1,0,0,0,1,1
0,0,1,1,1,1,1,1,0,0,1,0,0,0,1,1,1,1,0,0,0,1,0,1,0,0,1,1,1,0,1,0,0,0,0,0,1,1,1,0,0,0
1,0,1,1,1,1,1,1,0,1,1,0,0,1,0,0,0,0,0,1,1,0,0,1,1,1,1,1,1,0,0,1,0,0,0,1,1,1,1,0,0,0
1,1,0,1,0,1,1,0,0,1,1,0,0,1,1,1,1,1,1,0,0,1,0,1,1,1,1,1,1,0,1,1,0,0,1,0,0,0,0,0,1,1
1,1,0,0,0,0,1,0,0,1,1,0,0,1,1,0,0,0,0,1,1,1,1,0,1,0,1,1,0,0,1,1,0,0,1,1,1,1,1,1,0,0
1,0,0,1,0,0,1,0,0,1,1,0,0,0,1,1,0,1,0,0,1,1,1,0,0,0,0,1,0,0,1,1,0,0,1,1,0,0,0,0,1,1
0,0,0,1,0,1,1,0,0,1,0,0,0,1,1,1,0,0,0,0,1,1,0,0,1,0,0,1,0,0,1,1,0,0,0,1,1,0,1,0,0,1
1,1,1,1,1,0,1,0,0,0,0,0,0,1,0,1,0,0,0,0,1,0,0,0,1,0,1,1,0,0,1,0,0,0,1,1,1,0,0,0,0,1
0,0,0,0,1,1,1,0,0,0,1,0,0,0,0,1,0,0,0,0,1,1,1,1,1,1,0,1,0,0,0,0,0,0,1,0,1,0,0,0,0,1
1,1,1,1,0,1,1,0,0,0,1,0,0,1,0,1,0,0,0,0,0,0,0,0,0,1,1,1,0,0,0,1,0,0,0,0,1,0,0,0,0,1
1,1,1,1,0,1,1,0,0,0,0,0,0,1,1,0,0,0,0,0,0,1,1,1,1,0,1,1,0,0,0,1,0,0,1,0,1,0,0,0,0,0
1,0,1,1,0,1,1,0,0,0,0,0,0,1,1,0,0,0,0,0,0,1,1,1,1,0,1,1,0,0,0,0,0,0,1,1,0,0,0,0,0,0
1,1,1,0,1,1,1,0,0,1,1,0,0,1,0,0,0,0,0,0,0,1,0,1,1,0,1,1,0,0,0,0,0,0,1,1,0,0,0,0,0,0
0,0,0,0,1,1,1,0,0,1,1,0,0,1,1,0,0,0,0,0,0,1,1,1,0,1,1,1,0,0,1,1,0,0,1,0,0,0,0,0,0,0
0,1,0,1,0,1,1,0,0,1,0,0,0,0,0,0,0,0,0,0,1,0,0,0,0,1,1,1,0,0,1,1,0,0,1,1,0,0,0,0,0,0
0,1,1,0,1,1,1,0,0,0,0,0,0,0,0,0,0,0,0,0,1,0,1,0,1,0,1,1,0,0,1,0,0,0,0,0,0,0,0,0,0,1
1,1,1,0,0,1,1,0,0,1,1,0,0,1,1,0,0,0,0,0,1,0,1,1,0,1,1,1,0,0,0,0,0,0,0,0,0,0,0,0,0,1
0,0,1,1,1,1,1,0,0,0,0,0,0,1,0,1,0,0,0,0,1,1,1,1,0,0,1,1,0,0,1,1,0,0,1,1,0,0,0,0,0,1
0,0,0,0,0,0,1,0,0,0,0,0,0,1,0,1,0,0,0,0,1,0,0,1,1,1,1,1,0,0,0,0,0,0,1,0,1,0,0,0,0,1
1,0,0,0,0,0,1,1,0,1,1,1,0,1,1,1,0,0,0,0,1,0,0,0,0,0,0,1,0,0,0,0,0,0,1,0,1,0,0,0,0,1
1,1,1,1,1,1,1,0,0,1,0,0,0,1,1,1,1,0,0,0,1,1,0,0,0,0,0,1,1,0,1,1,1,0,1,1,1,0,0,0,0,1
0,0,0,1,1,0,1,1,0,0,0,1,0,1,1,1,1,0,0,0,1,1,1,1,1,1,1,1,0,0,1,0,0,0,1,1,1,1,0,0,0,1
1,1,1,0,1,0,1,1,0,0,0,0,0,0,0,1,1,0,0,0,1,0,0,0,1,1,0,1,1,0,0,0,1,0,1,1,1,1,0,0,0,1
0,1,1,0,0,0,1,1,0,1,1,0,0,0,0,1,1,0,0,0,1,1,1,1,0,1,0,1,1,0,0,0,0,0,0,0,1,1,0,0,0,1
0,0,1,0,0,0,1,0,0,1,1,0,0,1,0,1,0,0,0,1,0,0,1,1,0,0,0,1,1,0,1,1,0,0,0,0,1,1,0,0,0,1
1,1,0,1,0,1,1,0,0,0,0,0,0,1,0,0,0,1,1,0,0,0,0,1,0,0,0,1,0,0,1,1,0,0,1,0,1,0,0,0,1,0
0,0,1,0,1,1,1,1,0,1,1,1,0,1,0,0,0,1,1,0,0,1,1,0,1,0,1,1,0,0,0,0,0,0,1,0,0,0,1,1,0,0
1,0,0,1,0,1,1,1,0,1,1,0,0,0,0,0,1,0,0,0,1,0,0,1,0,1,1,1,1,0,1,1,1,0,1,0,0,0,1,1,0,0
0,1,0,0,1,1,1,0,0,0,0,0,0,0,0,1,0,0,0,1,0,1,0,0,1,0,1,1,1,0,1,1,0,0,0,0,0,1,0,0,0,1
1,0,0,0,0,1,1,1,0,0,0,0,0,0,1,1,0,0,0,1,0,0,1,0,0,1,1,1,0,0,0,0,0,0,0,0,1,0,0,0,1,0
1,1,0,1,0,1,1,0,0,0,0,0,0,0,0,1,0,0,0,1,0,1,0,0,0,0,1,1,1,0,0,0,0,0,0,1,1,0,0,0,1,0
0,0,1,0,1,0,1,1,0,1,1,1,0,1,0,1,0,0,0,1,0,1,1,0,1,0,1,1,0,0,0,0,0,0,0,0,1,0,0,0,1,0
0,0,0,1,0,0,1,0,0,0,0,0,0,0,1,0,1,1,0,0,0,0,0,1,0,1,0,1,1,0,1,1,1,0,1,0,1,0,0,0,1,0
1,1,0,1,1,1,1,0,0,0,1,0,0,1,0,0,1,1,0,0,0,0,0,0,1,0,0,1,0,0,0,0,0,0,0,1,0,1,1,0,0,0
1,0,1,0,0,1,1,1,0,1,0,0,0,0,0,0,0,0,0,1,0,1,1,0,1,1,1,1,0,0,0,1,0,0,1,0,0,1,1,0,0,0
1,0,0,1,0,0,1,0,0,0,1,0,0,1,0,0,0,0,0,1,0,1,0,1,0,0,1,1,1,0,1,0,0,0,0,0,0,0,0,0,1,0
0,1,1,1,1,1,1,0,0,1,0,0,0,0,1,0,0,1,0,0,0,1,0,0,1,0,0,1,0,0,0,1,0,0,1,0,0,0,0,0,1,0
1,1,0,0,1,1,1,0,0,0,0,0,0,0,0,0,0,1,0,0,0,0,1,1,1,1,1,1,0,0,1,0,0,0,0,1,0,0,1,0,0,0
0,1,1,1,1,1,1,0,0,0,0,0,0,1,1,0,0,1,0,0,0,1,1,0,0,1,1,1,0,0,0,0,0,0,0,0,0,0,1,0,0,0
1,1,0,1,1,1,1,1,0,1,1,1,0,1,1,0,0,1,0,0,0,0,1,1,1,1,1,1,0,0,0,0,0,0,1,1,0,0,1,0,0,0
1,0,1,0,1,0,1,1,0,0,1,0,0,0,0,0,1,0,0,0,1,1,1,0,1,1,1,1,1,0,1,1,1,0,1,1,0,0,1,0,0,0
1,1,1,0,0,0,1,0,0,1,1,0,0,1,1,1,0,0,0,1,0,1,0,1,0,1,0,1,1,0,0,1,0,0,0,0,0,1,0,0,0,1
1,1,1,0,0,0,1,1,0,0,0,0,0,0,1,0,0,1,0,0,1,1,1,1,0,0,0,1,0,0,1,1,0,0,1,1,1,0,0,0,1,0
0,0,1,1,0,0,1,1,0,0,0,1,0,1,1,0,0,1,0,0,1,1,1,1,0,0,0,1,1,0,0,0,0,0,0,1,0,0,1,0,0,1
1,1,1,1,0,0,1,1,0,0,0,0,0,0,0,0,0,1,0,0,1,0,0,1,1,0,0,1,1,0,0,0,1,0,1,1,0,0,1,0,0,1
0,0,0,0,0,1,1,0,0,0,1,0,0,1,0,0,0,1,0,0,1,1,1,1,1,0,0,1,1,0,0,0,0,0,0,0,0,0,1,0,0,1
0,1,1,0,0,1,1,0,0,0,0,0,0,0,1,1,0,0,0,0,0,0,0,0,0,0,1,1,0,0,0,1,0,0,1,0,0,0,1,0,0,1
1,1,0,0,0,1,1,1,0,0,1,1,0,1,0,1,0,0,0,0,0,0,1,1,0,0,1,1,0,0,0,0,0,0,0,1,1,0,0,0,0,0
1,1,1,0,1,0,1,0,0,1,1,0,0,1,1,0,1,0,0,0,0,1,1,0,0,0,1,1,1,0,0,1,1,0,1,0,1,0,0,0,0,0
0,0,0,0,0,1,1,0,0,1,1,0,0,0,0,0,0,0,0,1,1,1,1,1,0,1,0,1,0,0,1,1,0,0,1,1,0,1,0,0,0,0
1,0,0,1,1,1,1,0,0,1,0,0,0,1,1,1,0,1,0,0,0,0,0,0,0,0,1,1,0,0,1,1,0,0,0,0,0,0,0,0,1,1
1,1,0,0,0,1,1,0,0,0,0,0,0,1,0,1,0,1,0,0,0,1,0,0,1,1,1,1,0,0,1,0,0,0,1,1,1,0,1,0,0,0
1,0,1,0,0,1,1,1,0,0,1,0,0,0,1,1,0,1,0,0,0,1,1,0,0,0,1,1,0,0,0,0,0,0,1,0,1,0,1,0,0,0
1,0,1,0,0,0,1,0,0,0,0,0,0,1,1,0,1,0,1,0,1,1,0,1,0,0,1,1,1,0,0,1,0,0,0,1,1,0,1,0,0,0
1,0,1,0,1,0,1,0,0,0,1,0,0,1,0,0,1,0,1,0,1,1,0,1,0,0,0,1,0,0,0,0,0,0,1,1,0,1,0,1,0,1
0,0,0,1,1,0,1,0,0,1,0,0,0,0,1,1,0,0,1,1,1,1,0,1,0,1,0,1,0,0,0,1,0,0,1,0,0,1,0,1,0,1
1,0,1,1,1,0,1,1,0,1,1,0,0,0,0,1,0,0,1,1,1,0,0,0,1,1,0,1,0,0,1,0,0,0,0,1,1,0,0,1,1,1
1,0,1,0,1,1,1,1,0,1,0,1,0,1,0,1,1,1,1,0,1,1,0,1,1,1,0,1,1,0,1,1,0,0,0,0,1,0,0,1,1,1
0,1,0,1,1,1,1,0,0,0,1,0,0,0,0,1,1,1,1,0,1,1,0,1,0,1,1,1,1,0,1,0,1,0,1,0,1,1,1,1,0,1
0,0,1,1,1,0,1,0,0,1,0,0,0,0,0,1,0,0,1,1,1,0,1,0,1,1,1,1,0,0,0,1,0,0,0,0,1,1,1,1,0,1
0,0,0,1,0,1,1,1,0,0,0,0,0,0,1,1,0,0,1,1,1,0,0,1,1,1,0,1,0,0,1,0,0,0,0,0,1,0,0,1,1,1
1,1,1,0,0,1,1,0,0,0,1,0,0,0,0,1,0,0,1,1,1,0,0,0,1,0,1,1,1,0,0,0,0,0,0,1,1,0,0,1,1,1
0,1,1,1,1,1,1,0,0,1,0,0,0,0,1,1,0,1,0,0,1,1,1,1,0,0,1,1,0,0,0,1,0,0,0,0,1,0,0,1,1,1
0,1,1,0,1,0,1,1,0,0,0,1,0,1,1,1,0,1,0,0,1,0,1,1,1,1,1,1,0,0,1,0,0,0,0,1,1,0,1,0,0,1
1,0,1,1,1,1,1,0,0,1,1,0,0,1,1,1,0,1,0,0,1,0,1,1,0,1,0,1,1,0,0,0,1,0,1,1,1,0,1,0,0,1
1,1,0,1,0,1,1,0,0,0,0,0,0,0,1,1,0,0,0,0,1,1,0,1,1,1,1,1,0,0,1,1,0,0,1,1,1,0,1,0,0,1
1,0,1,0,1,0,1,0,0,1,1,0,0,1,1,1,0,0,0,0,1,1,1,0,1,0,1,1,0,0,0,0,0,0,0,1,1,0,0,0,0,1
0,1,0,1,1,0,1,0,0,0,1,0,0,0,0,1,0,0,0,0,1,1,0,1,0,1,0,1,0,0,1,1,0,0,1,1,1,0,0,0,0,1
0,1,0,0,1,1,1,0,0,0,0,0,0,0,0,1,0,0,1,0,0,0,1,0,1,1,0,1,0,0,0,1,0,0,0,0,1,0,0,0,0,1
0,0,1,0,1,1,1,0,0,0,0,0,0,0,0,1,0,0,1,0,0,0,1,0,0,1,1,1,0,0,0,0,0,0,0,0,1,0,0,1,0,0
1,0,1,1,0,1,1,0,0,0,0,0,0,0,0,1,0,0,1,0,0,0,0,1,0,1,1,1,0,0,0,0,0,0,0,0,1,0,0,1,0,0
1,1,0,1,0,1,1,0,0,1,1,0,0,0,1,1,0,0,1,0,0,1,0,1,1,0,1,1,0,0,0,0,0,0,0,0,1,0,0,1,0,0
0,0,0,0,1,1,1,0,0,0,0,0,0,0,1,0,0,0,1,0,1,1,1,0,1,0,1,1,0,0,1,1,0,0,0,1,1,0,0,1,0,0
1,0,0,0,0,0,1,1,0,1,1,0,0,0,1,0,0,0,1,0,1,0,0,0,0,1,1,1,0,0,0,0,0,0,0,1,0,0,0,1,0,1
1,1,0,0,0,1,1,0,0,0,0,0,0,0,1,1,0,0,0,0,1,1,0,0,0,0,0,1,1,0,1,1,0,0,0,1,0,0,0,1,0,1
1,1,1,1,1,0,1,1,0,1,1,1,0,1,0,1,0,0,0,0,1,1,1,0,0,0,1,1,0,0,0,0,0,0,0,1,1,0,0,0,0,1
1,1,1,1,1,0,1,0,0,0,0,0,0,0,0,1,1,0,0,0,0,1,1,1,1,1,0,1,1,0,1,1,1,0,1,0,1,0,0,0,0,1
0,1,1,0,0,0,1,1,0,0,1,0,0,0,1,1,1,0,0,0,0,1,1,1,1,1,0,1,0,0,0,0,0,0,0,0,1,1,0,0,0,0
0,0,0,0,1,1,1,0,0,0,1,0,0,1,1,0,0,0,0,1,1,0,1,1,0,0,0,1,1,0,0,1,0,0,0,1,1,1,0,0,0,0
0,0,0,1,1,0,1,0,0,0,0,0,0,1,1,1,0,1,0,0,1,0,0,0,0,1,1,1,0,0,0,1,0,0,1,1,0,0,0,0,1,1
0,0,0,1,1,1,1,0,0,0,0,0,0,1,0,1,0,1,0,0,1,0,0,0,1,1,0,1,0,0,0,0,0,0,1,1,1,0,1,0,0,1
0,1,0,0,1,1,1,0,0,1,0,0,0,1,1,1,0,1,0,0,1,0,0,0,1,1,1,1,0,0,0,0,0,0,1,0,1,0,1,0,0,1
0,0,1,1,0,1,1,1,0,0,1,0,0,0,0,1,0,1,0,0,1,0,1,0,0,1,1,1,0,0,1,0,0,0,1,1,1,0,1,0,0,1
0,0,0,0,1,0,1,0,0,1,0,0,0,0,1,1,0,0,0,0,0,0,0,1,1,0,1,1,1,0,0,1,0,0,0,0,1,0,1,0,0,1
1,1,0,1,1,1,1,0,0,1,1,0,0,0,0,1,0,0,0,0,0,0,0,0,0,1,0,1,0,0,1,0,0,0,0,1,1,0,0,0,0,0
1,0,1,1,1,1,1,0,0,1,0,0,0,1,0,0,0,0,0,0,0,1,1,0,1,1,1,1,0,0,1,1,0,0,0,0,1,0,0,0,0,0
1,1,1,1,0,1,1,0,0,1,0,0,0,1,1,0,0,0,0,0,0,1,0,1,1,1,1,1,0,0,1,0,0,0,1,0,0,0,0,0,0,0
0,1,1,1,1,1,1,1,0,1,0,0,0,0,1,0,0,0,0,0,0,1,1,1,1,0,1,1,0,0,1,0,0,0,1,1,0,0,0,0,0,0
0,1,0,1,1,1,1,1,0,1,0,0,0,0,0,0,0,0,0,0,0,0,1,1,1,1,1,1,1,0,1,0,0,0,0,1,0,0,0,0,0,0
1,1,1,1,1,1,1,1,0,0,0,0,0,1,0,0,0,0,0,0,0,0,1,0,1,1,1,1,1,0,1,0,0,0,0,0,0,0,0,0,0,0
0,1,0,0,1,1,1,1,0,1,0,0,0,0,0,0,0,0,0,0,0,1,1,1,1,1,1,1,1,0,0,0,0,0,1,0,0,0,0,0,0,0
1,1,0,0,1,1,1,0,0,0,1,0,0,1,1,0,0,0,0,0,0,0,1,0,0,1,1,1,1,0,1,0,0,0,0,0,0,0,0,0,0,0
1,0,1,1,0,0,1,0,0,0,0,0,0,0,0,0,0,0,0,0,1,1,1,0,0,1,1,1,0,0,0,1,0,0,1,1,0,0,0,0,0,0
0,1,1,0,0,1,1,0,0,0,1,0,0,0,1,0,0,0,0,0,1,1,0,1,1,0,0,1,0,0,0,0,0,0,0,0,0,0,0,0,0,1
1,0,0,0,1,1,1,1,0,1,1,0,0,1,1,1,0,0,0,0,1,0,1,1,0,0,1,1,0,0,0,1,0,0,0,1,0,0,0,0,0,1
1,1,1,1,0,1,1,1,0,0,1,1,0,1,1,1,1,0,1,0,1,1,0,0,0,1,1,1,1,0,1,1,0,0,1,1,1,0,0,0,0,1
1,0,0,0,0,1,1,0,0,0,0,0,0,0,1,1,1,0,0,1,1,1,1,1,1,0,1,1,1,0,0,1,1,0,1,1,1,1,0,1,0,1
0,0,1,0,0,1,1,0,0,1,1,0,0,0,0,1,1,0,0,1,1,1,0,0,0,0,1,1,0,0,0,0,0,0,0,1,1,1,0,0,1,1
0,0,0,1,0,1,1,1,0,0,1,0,0,1,1,1,0,1,0,1,0,0,0,1,0,0,1,1,0,0,1,1,0,0,0,0,1,1,0,0,1,1
1,1,1,1,1,0,1,0,0,0,1,0,0,0,0,0,1,1,1,0,1,0,0,0,1,0,1,1,1,0,0,1,0,0,1,1,1,0,1,0,1,0
1,0,1,1,0,1,1,0,0,0,1,0,0,0,1,1,0,0,0,1,1,1,1,1,1,1,0,1,0,0,0,1,0,0,0,0,0,1,1,1,0,1
1,0,1,0,1,1,1,0,0,0,0,0,0,1,1,1,0,1,0,0,1,1,0,1,1,0,1,1,0,0,0,1,0,0,0,1,1,0,0,0,1,1
0,1,0,1,1,0,1,1,0,1,0,1,0,1,0,1,0,1,0,0,1,1,0,1,0,1,1,1,0,0,0,0,0,0,1,1,1,0,1,0,0,1
0,0,0,0,1,1,1,0,0,0,1,0,0,1,1,1,0,1,0,0,1,0,1,0,1,1,0,1,1,0,1,0,1,0,1,0,1,0,1,0,0,1
0,1,1,1,1,1,1,0,0,1,0,0,0,1,1,1,0,0,0,0,1,0,0,0,0,1,1,1,0,0,0,1,0,0,1,1,1,0,1,0,0,1
0,0,0,1,1,0,1,0,0,1,1,0,0,0,1,1,0,0,0,0,1,0,1,1,1,1,1,1,0,0,1,0,0,0,1,1,1,0,0,0,0,1
1,0,1,1,0,1,1,1,0,1,0,1,0,1,0,1,0,0,0,0,1,0,0,0,1,1,0,1,0,0,1,1,0,0,0,1,1,0,0,0,0,1
1,0,1,1,0,0,1,0,0,0,1,0,0,1,0,1,0,0,0,0,1,1,0,1,1,0,1,1,1,0,1,0,1,0,1,0,1,0,0,0,0,1
1,1,0,1,0,1,1,1,0,1,0,1,0,1,0,1,0,0,0,0,0,1,0,1,1,0,0,1,0,0,0,1,0,0,1,0,1,0,0,0,0,1
1,0,0,1,0,0,1,0,0,1,0,0,0,0,0,1,0,0,0,0,0,1,1,0,1,0,1,1,1,0,1,0,1,0,1,0,1,0,0,0,0,0
1,0,1,1,0,0,1,1,0,1,1,1,0,1,1,1,0,0,0,0,0,1,0,0,1,0,0,1,0,0,1,0,0,0,0,0,1,0,0,0,0,0
0,1,1,0,1,1,1,1,0,0,1,0,0,0,1,0,1,0,0,0,1,1,0,1,1,0,0,1,1,0,1,1,1,0,1,1,1,0,0,0,0,0
1,1,1,0,0,1,1,0,0,1,0,0,0,0,0,1,0,0,0,1,1,0,1,1,0,1,1,1,1,0,0,1,0,0,0,1,0,1,0,0,0,1
1,0,0,1,0,1,1,1,0,0,1,0,0,1,1,1,0,0,0,1,1,1,1,1,0,0,1,1,0,0,1,0,0,0,0,0,1,0,0,0,1,1
1,0,1,1,0,1,1,0,0,1,1,0,0,0,0,1,1,1,1,0,1,1,0,0,1,0,1,1,1,0,0,1,0,0,1,1,1,0,0,0,1,1
1,0,0,1,1,1,1,1,0,1,1,0,0,0,1,1,0,0,0,1,1,1,0,1,1,0,1,1,0,0,1,1,0,0,0,0,1,1,1,1,0,1
1,0,1,1,0,1,1,0,0,1,1,0,0,1,1,1,0,1,0,0,1,1,0,0,1,1,1,1,1,0,1,1,0,0,0,1,1,0,0,0,1,1
1,0,0,1,0,1,1,1,0,1,1,0,0,0,0,1,0,0,0,0,1,1,0,1,1,0,1,1,0,0,1,1,0,0,1,1,1,0,1,0,0,1
0,0,0,1,0,0,1,1,0,0,0,1,0,1,1,1,1,0,1,0,0,1,0,0,1,0,1,1,1,0,1,1,0,0,0,0,1,0,0,0,0,1
0,1,0,1,0,0,1,1,0,0,0,0,0,1,0,1,1,0,1,0,0,0,0,0,1,0,0,1,1,0,0,0,1,0,1,1,1,1,0,1,0,0
0,0,0,1,1,0,1,1,0,1,1,0,0,0,0,1,1,0,1,0,0,0,1,0,1,0,0,1,1,0,0,0,0,0,1,0,1,1,0,1,0,0
0,0,0,0,1,1,1,1,0,0,1,0,0,0,1,0,1,0,1,1,1,0,0,0,1,1,0,1,1,0,1,1,0,0,0,0,1,1,0,1,0,0
0,1,0,0,0,1,1,1,0,1,1,1,0,1,1,1,0,1,0,1,1,0,0,0,0,1,1,1,1,0,0,1,0,0,0,1,0,1,0,1,1,1
1,0,1,1,1,1,1,1,0,0,1,0,0,0,1,1,1,1,0,0,1,0,1,0,0,0,1,1,1,0,1,1,1,0,1,1,1,0,1,0,1,1
1,0,1,1,0,0,1,0,0,0,1,0,0,1,1,1,0,0,0,1,1,1,0,1,1,1,1,1,1,0,0,1,0,0,0,1,1,1,1,0,0,1
1,1,1,0,0,0,1,1,0,0,0,0,0,0,1,1,0,1,0,0,1,1,0,1,1,0,0,1,0,0,0,1,0,0,1,1,1,0,0,0,1,1
0,0,0,1,0,1,1,0,0,1,1,0,0,1,0,1,0,1,0,0,1,1,1,1,0,0,0,1,1,0,0,0,0,0,0,1,1,0,1,0,0,1
0,1,0,0,0,1,1,0,0,1,1,0,0,1,1,1,0,0,0,0,0,0,0,0,1,0,1,1,0,0,1,1,0,0,1,0,1,0,1,0,0,1
1,0,0,0,1,0,1,1,0,1,1,0,0,0,0,0,0,0,0,0,1,0,1,0,0,0,1,1,0,0,1,1,0,0,1,1,1,0,0,0,0,0
1,1,1,1,1,1,1,1,0,1,1,0,0,0,1,1,0,0,0,0,0,1,0,0,0,1,0,1,1,0,1,1,0,0,0,0,0,0,0,0,0,1
0,0,1,0,1,1,1,1,0,0,1,1,0,1,0,0,0,0,0,0,1,1,1,1,1,1,1,1,1,0,1,1,0,0,0,1,1,0,0,0,0,0
0,0,0,1,1,1,1,0,0,0,1,0,0,0,0,1,1,0,0,0,0,0,0,1,0,1,1,1,1,0,0,1,1,0,1,0,0,0,0,0,0,1
0,1,0,1,1,1,1,0,0,1,1,0,0,1,0,0,0,0,0,1,0,0,0,0,1,1,1,1,0,0,0,1,0,0,0,0,1,1,0,0,0,0
0,1,1,1,1,0,1,1,0,1,0,0,0,0,1,0,0,1,0,0,0,0,1,0,1,1,1,1,0,0,1,1,0,0,1,0,0,0,0,0,1,0
1,0,0,1,0,1,1,1,0,1,0,0,0,0,1,0,0,1,0,0,0,0,1,1,1,1,0,1,1,0,1,0,0,0,0,1,0,0,1,0,0,0
0,1,0,1,0,1,1,0,0,1,1,0,0,1,1,0,0,1,0,0,0,1,0,0,1,0,1,1,1,0,1,0,0,0,0,1,0,0,1,0,0,0
1,1,0,1,1,1,1,0,0,1,1,0,0,0,0,0,0,0,1,0,1,0,1,0,1,0,1,1,0,0,1,1,0,0,1,1,0,0,1,0,0,0
0,1,0,0,0,0,1,0,0,0,0,0,0,1,1,1,0,0,0,0,1,1,1,0,1,1,1,1,0,0,1,1,0,0,0,0,0,0,0,1,0,1
0,0,0,1,1,1,1,0,0,0,1,0,0,0,0,1,0,0,0,0,1,0,1,0,0,0,0,1,0,0,0,0,0,0,1,1,1,0,0,0,0,1
0,0,0,1,0,1,1,1,0,1,0,1,0,1,1,1,0,0,0,0,0,0,0,0,1,1,1,1,0,0,0,1,0,0,0,0,1,0,0,0,0,1
0,1,0,1,1,0,1,0,0,0,1,0,0,1,0,1,0,0,0,0,0,0,0,0,1,0,1,1,1,0,1,0,1,0,1,1,1,0,0,0,0,0
0,1,0,0,1,0,1,0,0,0,1,0,0,0,1,0,0,0,0,0,0,0,1,0,1,1,0,1,0,0,0,1,0,0,1,0,1,0,0,0,0,0
0,0,0,0,0,0,1,1,0,1,1,1,0,1,0,0,0,0,0,0,1,0,1,0,0,1,0,1,0,0,0,1,0,0,0,1,0,0,0,0,0,0
0,1,1,1,1,1,1,0,0,1,1,0,0,0,1,1,1,0,0,0,0,0,0,0,0,0,0,1,1,0,1,1,1,0,1,0,0,0,0,0,0,1
0,0,0,0,0,0,1,1,0,0,1,0,0,0,1,0,0,0,0,1,1,0,1,1,1,1,1,1,0,0,1,1,0,0,0,1,1,1,0,0,0,0
0,1,1,1,1,1,1,0,0,0,1,0,0,0,0,1,0,1,0,0,1,0,0,0,0,0,0,1,1,0,0,1,0,0,0,1,0,0,0,0,1,1
0,0,0,0,1,0,1,1,0,0,1,1,0,1,0,1,0,0,0,0,0,0,1,1,1,1,1,1,0,0,0,1,0,0,0,0,1,0,1,0,0,1
0,1,1,1,0,0,1,1,0,0,1,0,0,0,1,0,1,0,0,0,0,0,0,0,0,1,0,1,1,0,0,1,1,0,1,0,1,0,0,0,0,0
0,0,0,1,0,1,1,0,0,0,0,0,0,0,1,0,0,0,0,1,1,0,1,1,1,0,0,1,1,0,0,1,0,0,0,1,0,1,0,0,0,0
1,0,0,0,1,1,1,1,0,1,0,1,0,1,1,0,0,0,0,1,1,0,0,0,1,0,1,1,0,0,0,0,0,0,0,1,0,0,0,0,1,1
1,0,1,0,0,0,1,1,0,1,0,0,0,0,0,0,0,0,0,1,1,1,0,0,0,1,1,1,1,0,1,0,1,0,1,1,0,0,0,0,1,1
1,1,0,1,0,0,1,0,0,1,1,0,0,0,1,0,0,0,0,1,1,1,0,1,0,0,0,1,1,0,1,0,0,0,0,0,0,0,0,0,1,1
0,1,0,0,1,1,1,1,0,1,1,1,0,1,1,1,0,1,1,0,1,1,1,0,1,0,0,1,0,0,1,1,0,0,0,1,0,0,0,0,1,1
0,1,0,0,1,0,1,0,0,0,1,0,0,0,0,1,1,0,0,0,1,0,1,0,0,1,1,1,1,0,1,1,1,0,1,1,1,0,1,1,0,1
1,0,1,1,1,0,1,0,0,1,1,0,0,1,0,1,0,0,0,1,0,0,1,0,0,1,0,1,0,0,0,1,0,0,0,0,1,1,0,0,0,1
0,0,1,1,0,0,1,0,0,0,0,0,0,1,0,0,0,1,1,0,0,1,0,1,1,1,0,1,0,0,1,1,0,0,1,0,1,0,0,0,1,0
1,0,1,0,1,0,1,0,0,1,1,0,0,1,0,0,0,1,1,0,0,0,0,1,1,0,0,1,0,0,0,0,0,0,1,0,0,0,1,1,0,0
0,1,0,0,1,1,1,1,0,0,0,0,0,0,0,0,0,0,0,0,1,1,0,1,0,1,0,1,0,0,1,1,0,0,1,0,0,0,1,1,0,0
1,0,0,1,1,1,1,1,0,1,0,0,0,0,1,0,0,0,0,0,1,0,1,0,0,1,1,1,1,0,0,0,0,0,0,0,0,0,0,0,0,1
1,1,1,1,0,1,1,0,0,0,1,0,0,0,0,0,0,0,0,0,1,1,0,0,1,1,1,1,1,0,1,0,0,0,0,1,0,0,0,0,0,1
0,1,0,1,0,1,1,0,0,1,1,0,0,0,0,1,0,0,0,0,0,1,1,1,1,0,1,1,0,0,0,1,0,0,0,0,0,0,0,0,0,1
1,0,1,0,1,0,1,1,0,1,1,1,0,1,0,0,0,0,0,0,0,0,1,0,1,0,1,1,0,0,1,1,0,0,0,0,1,0,0,0,0,0
1,0,1,1,1,0,1,0,0,0,1,0,0,1,0,0,1,0,0,0,0,1,0,1,0,1,0,1,1,0,1,1,1,0,1,0,0,0,0,0,0,0
0,1,1,1,1,0,1,1,0,1,1,0,0,0,0,0,0,0,1,1,0,1,0,1,1,1,0,1,0,0,0,1,0,0,1,0,0,1,0,0,0,0
0,1,1,0,0,1,1,1,0,0,0,1,0,1,0,0,1,1,1,0,1,0,1,1,1,1,0,1,1,0,1,1,0,0,0,0,0,0,0,1,1,0
1,1,1,0,1,1,1,0,0,0,1,0,0,1,1,0,1,1,1,0,1,0,1,1,0,0,1,1,1,0,0,0,1,0,1,0,0,1,1,1,0,1
0,1,1,1,1,1,1,0,0,1,1,0,0,1,1,1,0,0,1,1,1,1,1,1,0,1,1,1,0,0,0,1,0,0,1,1,0,1,1,1,0,1
0,1,0,1,1,1,1,1,0,1,0,1,0,1,1,1,0,1,0,0,1,0,1,1,1,1,1,1,0,0,1,1,0,0,1,1,1,0,0,1,1,1
1,1,0,0,0,1,1,1,0,1,0,1,0,1,1,1,0,1,0,0,1,0,1,0,1,1,1,1,1,0,1,0,1,0,1,1,1,0,1,0,0,1
1,0,0,1,1,1,1,0,0,0,1,0,0,0,0,1,0,1,0,0,1,1,1,0,0,0,1,1,1,0,1,0,1,0,1,1,1,0,1,0,0,1
1,0,0,1,1,0,1,1,0,0,1,1,0,1,1,1,0,0,0,0,0,1,0,0,1,1,1,1,0,0,0,1,0,0,0,0,1,0,1,0,0,1
0,0,0,1,1,0,1,0,0,0,0,0,0,1,1,0,1,0,0,0,1,1,0,0,1,1,0,1,1,0,0,1,1,0,1,1,1,0,0,0,0,0
0,1,1,0,1,0,1,1,0,1,1,1,0,1,0,0,1,0,0,0,1,0,0,0,1,1,0,1,0,0,0,0,0,0,1,1,0,1,0,0,0,1
1,0,0,1,0,0,1,1,0,1,0,0,0,0,0,1,1,0,0,1,0,0,1,1,0,1,0,1,1,0,1,1,1,0,1,0,0,1,0,0,0,1
0,0,0,0,1,0,1,0,0,0,0,0,0,1,0,1,1,0,0,1,0,1,0,0,1,0,0,1,1,0,1,0,0,0,0,0,1,1,0,0,1,0
0,0,0,0,1,1,1,0,0,0,1,0,0,0,1,1,1,0,0,1,0,0,0,0,0,1,0,1,0,0,0,0,0,0,1,0,1,1,0,0,1,0
1,1,1,1,1,1,1,1,0,1,0,0,0,1,1,0,0,1,0,1,1,0,0,0,0,1,1,1,0,0,0,1,0,0,0,1,1,1,0,0,1,0
0,1,0,1,0,1,1,1,0,1,0,1,0,1,0,0,0,1,0,1,1,1,1,1,1,1,1,1,1,0,1,0,0,0,1,1,0,0,1,0,1,1
1,1,0,1,0,0,1,0,0,1,1,0,0,0,0,0,0,1,0,1,1,0,1,0,1,0,1,1,1,0,1,0,1,0,1,0,0,0,1,0,1,1
1,1,0,1,0,0,1,0,0,0,0,0,0,1,1,1,0,1,0,0,0,1,1,0,1,0,0,1,0,0,1,1,0,0,0,0,0,0,1,0,1,1
0,0,0,1,1,1,1,0,0,0,1,0,0,0,1,1,0,1,0,0,0,1,1,0,1,0,0,1,0,0,0,0,0,0,1,1,1,0,1,0,0,0
1,0,1,1,1,1,1,0,0,1,1,0,0,0,0,0,0,0,0,0,1,0,0,0,1,1,1,1,0,0,0,1,0,0,0,1,1,0,1,0,0,0
1,1,0,1,1,1,1,0,0,0,1,0,0,0,0,1,0,0,0,0,0,1,0,1,1,1,1,1,0,0,1,1,0,0,0,0,0,0,0,0,0,1
0,1,0,0,0,1,1,0,0,0,1,0,0,0,1,0,0,0,1,0,0,1,1,0,1,1,1,1,0,0,0,1,0,0,0,0,1,0,0,0,0,0
1,1,1,0,0,1,1,1,0,1,0,0,0,0,1,0,0,0,0,0,1,0,1,0,0,0,1,1,0,0,0,1,0,0,0,1,0,0,0,1,0,0
0,0,1,1,0,1,1,0,0,0,1,0,0,0,0,0,0,0,0,0,1,1,1,1,0,0,1,1,1,0,1,0,0,0,0,1,0,0,0,0,0,1
1,0,0,1,0,1,1,0,0,1,0,0,0,0,0,1,0,0,0,0,0,0,0,1,1,0,1,1,0,0,0,1,0,0,0,0,0,0,0,0,0,1
1,0,0,0,1,1,1,0,0,0,1,0,0,0,0,1,0,0,0,0,0,1,0,0,1,0,1,1,0,0,1,0,0,0,0,0,1,0,0,0,0,0
1,0,0,0,1,0,1,0,0,1,1,0,0,1,1,0,0,0,0,0,0,1,0,0,0,1,1,1,0,0,0,1,0,0,0,0,1,0,0,0,0,0
0,0,0,0,1,0,1,0,0,1,0,0,0,1,0,0,0,0,0,0,1,1,0,0,0,1,0,1,0,0,1,1,0,0,1,1,0,0,0,0,0,0
0,0,0,1,1,1,1,0,0,1,1,0,0,0,1,0,0,0,0,0,1,0,0,0,0,1,0,1,0,0,1,0,0,0,1,0,0,0,0,0,0,1
1,0,1,0,1,0,1,1,0,0,0,0,0,0,1,1,0,0,0,0,1,0,0,0,1,1,1,1,0,0,1,1,0,0,0,1,0,0,0,0,0,1
1,1,1,0,1,0,1,1,0,0,0,0,0,1,0,1,0,0,0,0,1,1,0,1,0,1,0,1,1,0,0,0,0,0,0,1,1,0,0,0,0,1
1,0,1,1,1,1,1,0,0,1,1,0,0,0,1,1,0,0,0,0,1,1,1,1,0,1,0,1,1,0,0,0,0,0,1,0,1,0,0,0,0,1
1,1,1,0,0,0,1,0,0,0,1,0,0,0,0,1,0,0,0,0,1,1,0,1,1,1,1,1,0,0,1,1,0,0,0,1,1,0,0,0,0,1
1,0,0,1,1,1,1,1,0,1,0,0,0,0,0,1,0,0,0,0,0,1,1,1,0,0,0,1,0,0,0,1,0,0,0,0,1,0,0,0,0,1
1,0,1,1,1,1,1,1,0,0,0,1,0,1,0,1,0,0,0,0,0,1,0,0,1,1,1,1,1,0,1,0,0,0,0,0,1,0,0,0,0,0
1,0,0,1,0,1,1,1,0,1,1,0,0,0,0,1,0,0,0,0,0,1,0,1,1,1,1,1,1,0,0,0,1,0,1,0,1,0,0,0,0,0
0,1,1,1,1,1,1,0,0,0,1,0,0,1,0,0,0,0,0,0,0,1,0,0,1,0,1,1,1,0,1,1,0,0,0,0,1,0,0,0,0,0
1,0,0,0,0,1,1,1,0,1,1,1,0,1,1,0,0,0,0,0,0,0,1,1,1,1,1,1,0,0,0,1,0,0,1,0,0,0,0,0,0,0
1,1,0,0,1,1,1,1,0,1,0,0,0,0,0,0,1,0,0,0,1,1,0,0,0,0,1,1,1,0,1,1,1,0,1,1,0,0,0,0,0,0
1,0,1,0,1,1,1,0,0,0,1,0,0,0,0,0,1,0,0,0,1,1,1,0,0,1,1,1,1,0,1,0,0,0,0,0,0,1,0,0,0,1
0,0,1,0,0,1,1,0,0,1,1,0,0,1,0,1,0,0,0,1,0,1,0,1,0,1,1,1,0,0,0,1,0,0,0,0,0,1,0,0,0,1
1,0,1,0,0,1,1,1,0,1,1,1,0,1,1,0,0,1,0,0,0,0,0,1,0,0,1,1,0,0,1,1,0,0,1,0,1,0,0,0,1,0
1,0,1,1,0,1,1,1,0,1,0,0,0,1,1,0,1,0,0,0,1,1,0,1,0,0,1,1,1,0,1,1,1,0,1,1,0,0,1,0,0,0
0,0,0,1,1,1,1,1,0,1,0,0,0,1,0,0,1,0,0,0,1,1,0,1,1,0,1,1,1,0,1,0,0,0,1,1,0,1,0,0,0,1
1,1,1,1,1,1,1,0,0,1,0,0,0,0,1,0,1,0,0,0,1,0,0,0,1,1,1,1,1,0,1,0,0,0,1,0,0,1,0,0,0,1
1,1,0,1,0,0,1,0,0,0,1,0,0,0,0,0,1,0,0,0,1,1,1,1,1,1,1,1,0,0,1,0,0,0,0,1,0,1,0,0,0,1
0,1,0,0,0,1,1,1,0,0,1,1,0,1,1,1,0,0,0,1,0,1,1,0,1,0,0,1,0,0,0,1,0,0,0,0,0,1,0,0,0,1
1,0,1,0,0,1,1,0,0,1,1,0,0,0,0,0,1,1,0,0,1,0,1,0,0,0,1,1,1,0,0,1,1,0,1,1,1,0,0,0,1,0
1,0,0,0,1,1,1,1,0,0,0,0,0,1,1,1,0,0,0,1,0,1,0,1,0,0,1,1,0,0,1,1,0,0,0,0,0,1,1,0,0,1
1,0,0,0,0,0,1,1,0,0,0,0,0,0,0,1,0,0,0,1,0,1,0,0,0,1,1,1,1,0,0,0,0,0,1,1,1,0,0,0,1,0
1,0,0,1,0,1,1,0,0,0,1,0,0,0,0,1,0,0,0,1,0,1,0,0,0,0,0,1,1,0,0,0,0,0,0,0,1,0,0,0,1,0
1,1,1,0,1,1,1,0,0,0,0,0,0,0,0,0,0,1,0,0,0,1,0,0,1,0,1,1,0,0,0,1,0,0,0,0,1,0,0,0,1,0
0,1,1,1,1,1,1,0,0,1,1,0,0,0,1,0,0,1,0,0,0,1,1,1,0,1,1,1,0,0,0,0,0,0,0,0,0,0,1,0,0,0
1,1,1,1,0,1,1,0,0,1,1,0,0,1,0,0,0,0,0,0,1,0,1,1,1,1,1,1,0,0,1,1,0,0,0,1,0,0,1,0,0,0
0,1,0,0,1,1,1,1,0,0,0,0,0,1,0,1,0,0,0,0,0,1,1,1,1,0,1,1,0,0,1,1,0,0,1,0,0,0,0,0,0,1
0,0,0,1,1,1,1,1,0,0,1,1,0,1,0,1,0,0,0,0,0,0,1,0,0,1,1,1,1,0,0,0,0,0,1,0,1,0,0,0,0,0
0,1,0,1,0,0,1,0,0,0,1,0,0,0,1,0,1,0,0,0,0,0,0,0,1,1,1,1,1,0,0,1,1,0,1,0,1,0,0,0,0,0
0,1,0,1,1,1,1,0,0,0,1,0,0,0,1,0,0,0,0,1,1,0,1,0,1,0,0,1,0,0,0,1,0,0,0,1,0,1,0,0,0,0
0,1,1,1,0,1,1,1,0,1,1,0,0,0,1,1,0,1,0,0,1,0,1,0,1,1,1,1,0,0,0,1,0,0,0,1,0,0,0,0,1,1
0,1,0,1,0,0,1,1,0,0,0,1,0,1,1,1,0,0,0,0,1,0,1,1,1,0,1,1,1,0,1,1,0,0,0,1,1,0,1,0,0,1
1,0,0,1,1,1,1,0,0,1,1,0,0,1,0,1,0,0,0,0,1,0,1,0,1,0,0,1,1,0,0,0,1,0,1,1,1,0,0,0,0,1
0,1,1,0,1,1,1,1,0,0,0,0,0,1,0,1,0,0,0,0,0,1,0,0,1,1,1,1,0,0,1,1,0,0,1,0,1,0,0,0,0,1
0,1,1,0,1,1,1,0,0,1,0,0,0,1,0,1,0,0,0,0,0,0,1,1,0,1,1,1,1,0,0,0,0,0,1,0,1,0,0,0,0,0
1,0,0,0,1,1,1,1,0,0,1,0,0,1,1,1,0,0,0,0,0,0,1,1,0,1,1,1,0,0,1,0,0,0,1,0,1,0,0,0,0,0
0,1,1,0,1,1,1,0,0,1,1,0,0,1,1,0,1,0,1,0,1,1,0,0,0,1,1,1,1,0,0,1,0,0,1,1,1,0,0,0,0,0
0,1,0,0,0,0,1,1,0,1,1,1,0,1,1,1,0,0,1,1,1,0,1,1,0,1,1,1,0,0,1,1,0,0,1,1,0,1,0,1,0,1
0,0,1,1,0,0,1,1,0,0,0,0,0,1,0,1,1,1,0,0,1,0,1,0,0,0,0,1,1,0,1,1,1,0,1,1,1,0,0,1,1,1
1,0,1,1,1,0,1,0,0,0,1,0,0,1,0,1,1,1,0,0,1,0,0,1,1,0,0,1,1,0,0,0,0,0,1,0,1,1,1,0,0,1
1,0,1,1,0,0,1,0,0,1,1,0,0,1,1,1,0,0,0,1,0,1,0,1,1,1,0,1,0,0,0,1,0,0,1,0,1,1,1,0,0,1
0,1,1,1,1,0,1,1,0,0,1,0,0,0,0,0,0,1,0,0,1,1,0,1,1,0,0,1,0,0,1,1,0,0,1,1,1,0,0,0,1,0
1,1,1,0,0,1,1,0,0,0,1,0,0,1,0,1,1,0,1,0,0,0,1,1,1,1,0,1,1,0,0,1,0,0,0,0,0,0,1,0,0,1
1,1,1,1,0,1,1,0,0,0,1,0,0,1,0,0,0,0,0,1,1,1,1,1,0,0,1,1,0,0,0,1,0,0,1,0,1,1,0,1,0,0
1,1,1,1,0,1,1,0,0,1,0,0,0,0,0,1,0,1,0,0,0,1,1,1,1,0,1,1,0,0,0,1,0,0,1,0,0,0,0,0,1,1
0,0,0,1,0,1,1,0,0,1,1,0,0,1,1,1,0,1,0,0,0,1,1,1,1,0,1,1,0,0,1,0,0,0,0,0,1,0,1,0,0,0
1,1,0,1,0,1,1,0,0,1,1,0,0,0,0,0,0,0,0,0,1,0,0,0,1,0,1,1,0,0,1,1,0,0,1,1,1,0,1,0,0,0
0,1,1,0,0,1,1,1,0,0,1,1,0,1,0,1,0,0,0,0,0,1,1,0,1,0,1,1,0,0,1,1,0,0,0,0,0,0,0,0,0,1
1,1,0,0,1,0,1,1,0,1,1,0,0,0,0,0,1,0,0,0,0,0,1,1,0,0,1,1,1,0,0,1,1,0,1,0,1,0,0,0,0,0
0,1,0,0,1,0,1,0,0,0,0,0,0,0,1,0,0,0,0,1,0,1,1,0,0,1,0,1,1,0,1,1,0,0,0,0,0,1,0,0,0,0
0,0,1,0,0,1,1,0,0,1,1,0,0,1,0,0,0,0,0,1,0,0,1,0,0,1,0,1,0,0,0,0,0,0,0,1,0,0,0,0,1,0
0,0,0,1,0,1,1,0,0,0,1,0,0,1,1,0,0,1,0,0,0,0,0,1,0,0,1,1,0,0,1,1,0,0,1,0,0,0,0,0,1,0
0,0,0,1,1,1,1,0,0,0,0,0,0,0,1,0,0,0,1,0,1,0,0,0,1,0,1,1,0,0,0,1,0,0,1,1,0,0,1,0,0,0
0,1,1,1,1,1,1,1,0,1,0,1,0,1,1,0,0,0,1,0,1,0,0,0,1,1,1,1,0,0,0,0,0,0,0,1,0,0,0,1,0,1
1,0,0,1,1,1,1,1,0,0,0,0,0,1,1,0,0,0,1,0,1,0,1,1,1,1,1,1,1,0,1,0,1,0,1,1,0,0,0,1,0,1
1,1,1,0,0,1,1,0,0,1,0,0,0,1,1,0,0,0,1,0,1,1,0,0,1,1,1,1,1,0,0,0,0,0,1,1,0,0,0,1,0,1
1,1,1,0,0,1,1,0,0,0,0,0,0,1,0,0,0,0,1,0,1,1,1,1,0,0,1,1,0,0,1,0,0,0,1,1,0,0,0,1,0,1
0,0,1,0,1,1,1,0,0,0,1,0,0,1,1,0,0,0,1,0,1,1,1,1,0,0,1,1,0,0,0,0,0,0,1,0,0,0,0,1,0,1
1,1,1,1,0,0,1,1,0,1,0,0,0,0,1,1,0,0,1,0,1,0,0,1,0,1,1,1,0,0,0,1,0,0,1,1,0,0,0,1,0,1
1,0,1,1,0,1,1,0,0,0,0,0,0,0,0,1,0,0,1,0,1,1,1,1,1,0,0,1,1,0,1,0,0,0,0,1,1,0,0,1,0,1
1,1,0,0,0,0,1,1,0,1,0,0,0,0,1,1,0,0,1,0,1,1,0,1,1,0,1,1,0,0,0,0,0,0,0,0,1,0,0,1,0,1
0,1,0,1,1,1,1,0,0,0,0,0,0,1,1,1,0,0,1,0,1,1,1,0,0,0,0,1,1,0,1,0,0,0,0,1,1,0,0,1,0,1
0,0,0,1,1,0,1,1,0,1,0,0,0,0,0,1,0,0,1,0,1,0,1,0,1,1,1,1,0,0,0,0,0,0,1,1,1,0,0,1,0,1
1,1,1,0,0,0,1,1,0,1,0,1,0,1,0,1,0,0,1,0,1,0,0,0,1,1,0,1,1,0,1,0,0,0,0,0,1,0,0,1,0,1
1,0,0,0,1,0,1,0,0,1,1,0,0,0,0,1,0,0,1,0,1,1,1,1,0,0,0,1,1,0,1,0,1,0,1,0,1,0,0,1,0,1
1,1,0,0,1,1,1,1,0,1,1,0,0,0,1,1,0,0,1,0,1,1,0,0,0,1,0,1,0,0,1,1,0,0,0,0,1,0,0,1,0,1
1,1,0,0,0,0,1,0,0,1,1,0,0,1,1,1,0,0,0,0,1,1,1,0,0,1,1,1,1,0,1,1,0,0,0,1,1,0,0,1,0,1
1,0,0,1,0,1,1,0,0,1,1,0,0,1,1,1,0,0,0,0,1,1,1,0,0,0,0,1,0,0,1,1,0,0,1,1,1,0,0,0,0,1
1,0,0,0,1,1,1,0,0,0,0,0,0,0,0,1,0,0,0,0,1,1,0,0,1,0,1,1,0,0,1,1,0,0,1,1,1,0,0,0,0,1
1,0,0,0,1,0,1,1,0,1,1,0,0,0,1,1,0,0,0,0,1,1,0,0,0,1,1,1,0,0,0,0,0,0,0,0,1,0,0,0,0,1
1,1,1,1,1,0,1,0,0,0,1,0,0,1,1,1,0,0,0,0,1,1,0,0,0,1,0,1,1,0,1,1,0,0,0,1,1,0,0,0,0,1
0,1,0,1,1,1,1,1,0,0,1,1,0,1,1,1,0,0,1,0,1,1,1,1,1,1,0,1,0,0,0,1,0,0,1,1,1,0,0,0,0,1
1,0,0,0,1,0,1,1,0,0,1,0,0,0,0,1,1,0,0,0,1,0,1,0,1,1,1,1,1,0,0,1,1,0,1,1,1,0,0,1,0,1
0,1,0,0,1,0,1,1,0,1,0,0,0,1,0,1,0,0,0,1,0,1,0,0,0,1,0,1,1,0,0,1,0,0,0,0,1,1,0,0,0,1
1,0,1,1,1,1,1,0,0,0,0,0,0,0,1,1,0,0,0,1,0,0,1,0,0,1,0,1,1,0,1,0,0,0,1,0,1,0,0,0,1,0
1,1,1,1,1,1,1,0,0,0,1,0,0,0,0,1,0,0,0,1,0,1,0,1,1,1,1,1,0,0,0,0,0,0,0,1,1,0,0,0,1,0
1,0,1,1,0,0,1,1,0,0,1,1,0,1,1,0,0,1,1,0,0,1,1,1,1,1,1,1,0,0,0,1,0,0,0,0,1,0,0,0,1,0
1,0,0,1,1,0,1,0,0,0,0,0,0,1,0,0,1,0,0,0,1,1,0,1,1,0,0,1,1,0,0,1,1,0,1,1,0,0,1,1,0,0
1,0,1,1,1,0,1,0,0,0,0,0,0,0,0,0,1,0,0,0,1,1,0,0,1,1,0,1,0,0,0,0,0,0,1,0,0,1,0,0,0,1
1,0,1,1,1,0,1,0,0,1,0,0,0,1,0,0,1,0,0,0,1,1,0,1,1,1,0,1,0,0,0,0,0,0,0,0,0,1,0,0,0,1
0,0,0,0,1,0,1,1,0,1,1,1,0,1,0,0,1,0,0,0,1,1,0,1,1,1,0,1,0,0,1,0,0,0,1,0,0,1,0,0,0,1
0,0,1,0,1,0,1,1,0,0,1,0,0,1,1,1,1,0,0,1,0,0,0,0,0,1,0,1,1,0,1,1,1,0,1,0,0,1,0,0,0,1
0,1,1,0,1,0,1,0,0,0,1,0,0,0,1,0,1,1,1,1,1,0,0,1,0,1,0,1,1,0,0,1,0,0,1,1,1,1,0,0,1,0
1,1,0,1,0,1,1,0,0,0,1,0,0,0,1,1,0,1,1,1,1,0,1,1,0,1,0,1,0,0,0,1,0,0,0,1,0,1,1,1,1,1
1,1,0,0,1,0,1,0,0,0,1,0,0,1,1,1,0,1,0,0,1,1,1,0,1,0,1,1,0,0,0,1,0,0,0,1,1,0,1,1,1,1
1,1,0,1,0,1,1,1,0,1,1,1,0,1,1,1,0,0,0,0,1,1,1,0,0,1,0,1,0,0,0,1,0,0,1,1,1,0,1,0,0,1
0,0,1,0,0,1,1,0,0,0,1,0,0,0,1,1,1,0,0,0,1,1,1,0,1,0,1,1,1,0,1,1,1,0,1,1,1,0,0,0,0,1
1,0,1,0,1,0,1,0,0,1,0,0,0,1,0,1,0,0,0,1,1,0,0,1,0,0,1,1,0,0,0,1,0,0,0,1,1,1,0,0,0,1
0,1,1,1,1,1,1,1,0,0,0,1,0,1,1,1,0,0,0,1,1,1,0,1,0,1,0,1,0,0,1,0,0,0,1,0,1,0,0,0,1,1
0,0,0,0,1,1,1,0,0,0,1,0,0,0,0,1,0,0,0,1,1,0,1,1,1,1,1,1,1,0,0,0,1,0,1,1,1,0,0,0,1,1
0,0,1,1,1,1,1,1,0,1,0,1,0,1,1,1,0,1,0,0,0,0,0,0,0,1,1,1,0,0,0,1,0,0,0,0,1,0,0,0,1,1
1,0,1,0,0,0,1,0,0,1,0,0,0,1,0,1,0,1,0,0,0,0,0,1,1,1,1,1,1,0,1,0,1,0,1,1,1,0,1,0,0,0
1,1,0,1,0,1,1,0,0,1,0,0,0,0,1,1,0,1,0,0,0,1,0,1,0,0,0,1,0,0,1,0,0,0,1,0,1,0,1,0,0,0
1,1,0,1,0,1,1,1,0,1,0,0,0,0,1,1,0,1,0,0,0,1,1,0,1,0,1,1,0,0,1,0,0,0,0,1,1,0,1,0,0,0
0,0,1,1,1,1,1,1,0,0,0,1,0,1,1,1,0,1,0,0,0,1,1,0,1,0,1,1,1,0,1,0,0,0,0,1,1,0,1,0,0,0
1,0,0,0,1,1,1,0,0,1,0,0,0,0,1,1,0,1,0,0,0,0,0,1,1,1,1,1,1,0,0,0,1,0,1,1,1,0,1,0,0,0
1,0,1,0,0,0,1,1,0,0,0,0,0,0,1,1,0,1,0,0,0,1,0,0,0,1,1,1,0,0,1,0,0,0,0,1,1,0,1,0,0,0
1,1,0,1,0,1,1,1,0,0,1,1,0,1,1,1,0,1,0,0,0,1,0,1,0,0,0,1,1,0,0,0,0,0,0,1,1,0,1,0,0,0
0,1,0,1,1,0,1,0,0,0,0,0,0,1,1,0,1,0,0,0,1,1,1,0,1,0,1,1,1,0,0,1,1,0,1,1,1,0,1,0,0,0
1,0,1,1,1,0,1,0,0,0,0,0,0,0,1,0,1,0,0,0,1,0,1,0,1,1,0,1,0,0,0,0,0,0,1,1,0,1,0,0,0,1
0,1,0,1,0,0,1,1,0,0,1,0,0,0,1,0,1,0,0,0,1,1,0,1,1,1,0,1,0,0,0,0,0,0,0,1,0,1,0,0,0,1
0,1,1,0,1,0,1,1,0,1,1,0,0,1,1,1,0,0,0,1,1,0,1,0,1,0,0,1,1,0,0,1,0,0,0,1,0,1,0,0,0,1
0,0,1,0,0,0,1,1,0,0,0,0,0,0,1,1,1,1,1,0,1,0,1,1,0,1,0,1,1,0,1,1,0,0,1,1,1,0,0,0,1,1
1,1,0,1,0,0,1,1,0,1,0,0,0,0,0,1,1,1,1,0,1,0,0,1,0,0,0,1,1,0,0,0,0,0,0,1,1,1,1,1,0,1
0,0,1,1,0,1,1,1,0,1,1,1,0,1,1,1,1,1,1,0,1,1,1,0,1,0,0,1,1,0,1,0,0,0,0,0,1,1,1,1,0,1
0,1,1,1,1,1,1,1,0,1,1,0,0,1,0,1,1,0,0,1,1,0,0,1,1,0,1,1,1,0,1,1,1,0,1,1,1,1,1,1,0,1
0,0,0,0,1,1,1,0,0,1,0,0,0,1,0,1,1,1,1,1,0,0,1,1,1,1,1,1,1,0,1,1,0,0,1,0,1,1,0,0,1,1
1,0,1,1,1,1,1,0,0,0,1,0,0,0,1,1,1,1,1,1,0,0,0,0,0,1,1,1,0,0,1,0,0,0,1,0,1,1,1,1,1,0
1,1,0,0,1,0,1,0,0,0,1,0,0,1,0,0,0,1,0,1,1,1,0,1,1,1,1,1,0,0,0,1,0,0,0,1,1,1,1,1,1,0
1,0,0,1,1,0,1,1,0,0,1,0,0,1,0,1,0,1,0,0,0,1,1,0,0,1,0,1,0,0,0,1,0,0,1,0,0,0,1,0,1,1
0,1,1,1,0,0,1,1,0,0,0,1,0,1,1,0,1,0,1,0,0,1,0,0,1,1,0,1,1,0,0,1,0,0,1,0,1,0,1,0,0,0
0,0,1,0,0,1,1,0,0,1,0,0,0,1,0,0,1,0,1,0,0,0,1,1,1,0,0,1,1,0,0,0,1,0,1,1,0,1,0,1,0,0
1,1,0,1,1,1,1,1,0,0,0,0,0,0,1,0,1,0,1,0,0,0,0,1,0,0,1,1,0,0,1,0,0,0,1,0,0,1,0,1,0,0
1,1,0,0,0,1,1,0,0,0,0,0,0,0,1,0,1,0,1,0,0,1,1,0,1,1,1,1,1,0,0,0,0,0,0,1,0,1,0,1,0,0
1,0,0,1,1,1,1,1,0,0,1,0,0,1,0,0,1,0,1,0,0,1,1,0,0,0,1,1,0,0,0,0,0,0,0,1,0,1,0,1,0,0
1,1,1,0,0,1,1,1,0,1,1,1,0,0,0,0,1,0,1,1,1,1,0,0,1,1,1,1,1,0,0,1,0,0,1,0,0,1,0,1,0,0
1,1,1,0,1,1,1,0,0,0,1,0,0,1,1,1,1,1,0,1,1,1,1,1,0,0,1,1,1,0,1,1,1,0,0,0,0,1,0,1,1,1
0,1,1,0,1,1,1,0,0,0,1,0,0,0,0,1,0,1,0,1,1,1,1,1,0,1,1,1,0,0,0,1,0,0,1,1,1,1,1,0,1,1
1,0,1,0,1,1,1,1,0,1,0,0,0,1,1,1,0,1,0,0,0,0,1,1,0,1,1,1,0,0,0,1,0,0,0,0,1,0,1,0,1,1
1,0,0,1,1,1,1,1,0,1,1,0,0,0,1,1,0,1,0,0,0,1,0,1,0,1,1,1,1,0,1,0,0,0,1,1,1,0,1,0,0,0
0,0,1,0,1,0,1,1,0,0,0,0,0,0,1,0,1,0,1,0,1,1,0,0,1,1,1,1,1,0,1,1,0,0,0,1,1,0,1,0,0,0
0,0,1,0,0,1,1,0,0,0,1,0,0,1,1,0,1,0,1,0,1,0,0,1,0,1,0,1,1,0,0,0,0,0,0,1,0,1,0,1,0,1
1,0,1,0,1,0,1,1,0,0,0,0,0,0,0,1,0,0,0,1,1,0,0,1,0,0,1,1,0,0,0,1,0,0,1,1,0,1,0,1,0,1
0,0,0,1,1,1,1,1,0,1,0,0,0,0,0,1,0,0,0,1,1,1,0,1,0,1,0,1,1,0,0,0,0,0,0,0,1,0,0,0,1,1
1,0,1,0,1,1,1,1,0,0,1,0,0,1,0,1,0,0,0,1,1,0,0,0,1,1,1,1,1,0,1,0,0,0,0,0,1,0,0,0,1,1
0,1,1,1,1,0,1,1,0,1,0,0,0,0,0,1,1,1,1,0,0,1,0,1,0,1,1,1,1,0,0,1,0,0,1,0,1,0,0,0,1,1
0,1,1,0,0,0,1,0,0,0,1,0,0,0,0,1,1,1,1,0,0,0,1,1,1,1,0,1,1,0,1,0,0,0,0,0,1,1,1,1,0,0
0,0,0,0,1,1,1,1,0,1,1,0,0,0,0,0,0,0,0,1,1,0,1,1,0,0,0,1,0,0,0,1,0,0,0,0,1,1,1,1,0,0
0,0,0,1,1,0,1,0,0,1,1,0,0,0,0,1,0,1,0,0,0,0,0,0,0,1,1,1,1,0,1,1,0,0,0,0,0,0,0,0,1,1
1,1,1,1,1,1,1,0,0,1,0,0,0,0,1,0,0,0,0,0,0,0,0,0,1,1,0,1,0,0,1,1,0,0,0,0,1,0,1,0,0,0
0,0,0,1,0,1,1,0,0,0,0,0,0,1,0,0,0,0,0,0,0,1,1,1,1,1,1,1,0,0,1,0,0,0,0,1,0,0,0,0,0,0
0,1,1,1,0,1,1,0,0,0,1,0,0,1,1,0,0,0,0,0,0,0,0,0,1,0,1,1,0,0,0,0,0,0,1,0,0,0,0,0,0,0
0,1,1,0,1,1,1,1,0,0,0,0,0,1,1,0,0,0,1,0,1,0,1,1,1,0,1,1,0,0,0,1,0,0,1,1,0,0,0,0,0,0
1,1,0,0,0,0,1,1,0,1,0,1,0,1,0,0,0,0,1,0,1,0,1,1,0,1,1,1,1,0,0,0,0,0,1,1,0,0,0,1,0,1
0,1,1,0,0,0,1,1,0,1,1,1,0,1,0,0,0,0,1,0,1,1,1,0,0,0,0,1,1,0,1,0,1,0,1,0,0,0,0,1,0,1
0,1,1,0,1,0,1,1,0,1,0,0,0,0,0,1,1,0,0,0,1,0,1,1,0,0,0,1,1,0,1,1,1,0,1,0,0,0,0,1,0,1
1,0,1,0,0,0,1,0,0,1,0,0,0,1,1,1,1,0,0,0,1,0,1,1,0,1,0,1,1,0,1,0,0,0,0,0,1,1,0,0,0,1
0,1,0,0,0,1,1,1,0,1,1,1,0,0,1,1,1,0,0,0,1,1,0,1,0,0,0,1,0,0,1,0,0,0,1,1,1,1,0,0,0,1
1,0,1,1,1,1,1,0,0,1,1,0,0,1,0,1,1,0,0,1,1,0,1,0,0,0,1,1,1,0,1,1,1,0,0,1,1,1,0,0,0,1
0,1,1,1,1,1,1,0,0,1,1,0,0,1,0,1,0,1,0,1,0,1,0,1,1,1,1,1,0,0,1,1,0,0,1,0,1,1,0,0,1,1
0,1,1,0,1,1,1,1,0,1,0,0,0,0,0,0,0,1,1,0,0,0,1,1,1,1,1,1,0,0,1,1,0,0,1,0,1,0,1,0,1,0
0,0,0,1,0,0,1,0,0,0,1,0,0,0,0,0,0,1,1,0,0,0,1,1,0,1,1,1,1,0,1,0,0,0,0,0,0,0,1,1,0,0
1,0,1,1,0,1,1,0,0,0,0,0,0,1,1,0,0,0,0,0,1,0,0,0,1,0,0,1,0,0,0,1,0,0,0,0,0,0,1,1,0,0
0,0,1,0,0,1,1,1,0,1,0,0,0,0,0,0,0,0,0,0,1,1,0,1,1,0,1,1,0,0,0,0,0,0,1,1,0,0,0,0,0,1
0,0,0,1,1,1,1,0,0,1,1,0,0,0,1,0,0,0,0,0,1,0,0,1,0,0,1,1,1,0,1,0,0,0,0,0,0,0,0,0,0,1
1,0,1,1,0,1,1,1,0,1,1,0,0,0,0,1,0,0,1,0,1,0,0,0,1,1,1,1,0,0,1,1,0,0,0,1,0,0,0,0,0,1
1,0,1,0,0,0,1,1,0,0,0,1,0,1,1,1,0,0,0,0,1,1,0,1,1,0,1,1,1,0,1,1,0,0,0,0,1,0,0,1,0,1
0,0,1,0,1,0,1,1,0,0,1,1,0,1,1,1,0,0,0,0,1,1,0,1,0,0,0,1,1,0,0,0,1,0,1,1,1,0,0,0,0,1
1,0,0,1,1,1,1,1,0,0,1,0,0,0,1,1,1,0,0,0,1,0,0,1,0,1,0,1,1,0,0,1,1,0,1,1,1,0,0,0,0,1
1,0,0,0,1,1,1,0,0,1,0,0,0,1,0,1,0,0,0,1,1,1,0,0,1,1,1,1,1,0,0,1,0,0,0,1,1,1,0,0,0,1
0,1,0,1,1,1,1,0,0,0,1,0,0,0,0,1,0,0,0,1,1,1,0,0,0,1,1,1,0,0,1,0,0,0,1,0,1,0,0,0,1,1
1,0,1,1,1,1,1,0,0,1,1,0,0,1,1,1,0,1,0,0,0,0,1,0,1,1,1,1,0,0,0,1,0,0,0,0,1,0,0,0,1,1
1,0,0,1,0,1,1,0,0,0,0,0,0,1,1,0,0,0,1,0,1,1,0,1,1,1,1,1,0,0,1,1,0,0,1,1,1,0,1,0,0,0
1,0,0,0,1,1,1,1,0,1,0,0,0,0,0,0,0,0,1,0,1,1,0,0,1,0,1,1,0,0,0,0,0,0,1,1,0,0,0,1,0,1
1,0,1,0,1,1,1,0,0,0,1,0,0,1,0,0,0,0,1,0,1,1,0,0,0,1,1,1,1,0,1,0,0,0,0,0,0,0,0,1,0,1
0,1,1,1,1,1,1,0,0,1,1,0,0,0,0,1,0,0,1,0,1,1,0,1,0,1,1,1,0,0,0,1,0,0,1,0,0,0,0,1,0,1
1,0,1,0,1,1,1,1,0,0,1,0,0,1,0,1,0,0,0,0,1,0,1,1,1,1,1,1,0,0,1,1,0,0,0,0,1,0,0,1,0,1
1,1,0,0,0,1,1,0,0,1,1,0,0,0,0,1,1,0,1,0,0,1,0,1,0,1,1,1,1,0,0,1,0,0,1,0,1,0,0,0,0,1
1,1,0,0,0,1,1,0,0,1,1,0,0,0,1,0,0,0,0,1,1,1,1,0,0,0,1,1,0,0,1,1,0,0,0,0,1,1,0,1,0,0
0,0,1,1,0,1,1,0,0,1,0,0,0,1,1,1,0,1,0,0,1,1,1,0,0,0,1,1,0,0,1,1,0,0,0,1,0,0,0,0,1,1
1,1,1,1,0,0,1,1,0,0,1,0,0,0,0,1,0,1,0,0,1,0,0,1,1,0,1,1,0,0,1,0,0,0,1,1,1,0,1,0,0,1
0,0,0,0,1,1,1,0,0,1,0,0,0,0,1,1,0,0,0,0,0,1,1,1,1,0,0,1,1,0,0,1,0,0,0,0,1,0,1,0,0,1
1,0,0,1,1,1,1,0,0,1,0,0,0,1,0,1,0,0,0,0,0,0,0,0,0,1,1,1,0,0,1,0,0,0,0,1,1,0,0,0,0,0
1,0,1,1,1,1,1,1,0,1,1,1,0,1,0,1,0,0,0,0,0,1,0,0,1,1,1,1,0,0,1,0,0,0,1,0,1,0,0,0,0,0
1,1,0,1,0,0,1,0,0,1,1,0,0,1,1,0,1,0,0,0,0,1,0,1,1,1,1,1,1,0,1,1,1,0,1,0,1,0,0,0,0,0
0,0,0,1,0,0,1,0,0,1,0,0,0,1,0,0,0,0,0,1,1,1,1,0,1,0,0,1,0,0,1,1,0,0,1,1,0,1,0,0,0,0
1,0,0,0,1,1,1,1,0,1,0,1,0,1,1,0,0,0,0,1,1,0,0,0,1,0,0,1,0,0,1,0,0,0,1,0,0,0,0,0,1,1
0,0,1,0,0,1,1,0,0,1,0,0,0,1,0,0,0,0,0,1,1,1,0,0,0,1,1,1,1,0,1,0,1,0,1,1,0,0,0,0,1,1
1,1,1,1,1,1,1,1,0,0,1,1,0,1,0,0,0,0,0,1,1,0,0,1,0,0,1,1,0,0,1,0,0,0,1,0,0,0,0,0,1,1
1,1,1,1,1,1,1,1,0,1,1,0,0,0,0,1,1,1,0,0,0,1,1,1,1,1,1,1,1,0,0,1,1,0,1,0,0,0,0,0,1,1
1,0,0,0,0,1,1,0,0,1,1,0,0,1,0,0,0,0,0,1,0,1,1,1,1,1,1,1,1,0,1,1,0,0,0,0,1,1,1,0,0,0
1,1,1,0,0,1,1,0,0,0,0,0,0,1,0,0,0,1,0,0,0,1,0,0,0,0,1,1,0,0,1,1,0,0,1,0,0,0,0,0,1,0
1,0,0,1,0,1,1,0,0,1,1,0,0,0,0,0,0,1,0,0,0,1,1,1,0,0,1,1,0,0,0,0,0,0,1,0,0,0,1,0,0,0
1,1,1,0,0,1,1,0,0,0,0,0,0,0,1,0,0,0,0,0,0,1,0,0,1,0,1,1,0,0,1,1,0,0,0,0,0,0,1,0,0,0
0,0,1,0,0,1,1,0,0,0,0,0,0,1,0,0,0,0,0,0,0,1,1,1,0,0,1,1,0,0,0,0,0,0,0,1,0,0,0,0,0,0
0,1,1,0,0,1,1,0,0,0,0,0,0,0,1,0,0,0,0,0,0,0,0,1,0,0,1,1,0,0,0,0,0,0,1,0,0,0,0,0,0,0
1,1,0,1,0,1,1,1,0,0,1,0,0,0,1,0,0,0,0,0,0,0,1,1,0,0,1,1,0,0,0,0,0,0,0,1,0,0,0,0,0,0
0,0,1,0,0,1,1,1,0,0,0,1,0,1,0,0,0,0,0,0,1,1,1,0,1,0,1,1,1,0,0,1,0,0,0,1,0,0,0,0,0,0
1,1,0,0,0,1,1,0,0,1,1,0,0,1,0,0,0,0,0,0,1,0,0,1,0,0,1,1,1,0,0,0,1,0,1,0,0,0,0,0,0,1
0,1,0,1,0,1,1,1,0,1,1,0,0,1,1,1,0,0,0,0,0,1,1,0,0,0,1,1,0,0,1,1,0,0,1,0,0,0,0,0,0,1
1,0,1,1,0,0,1,1,0,1,1,1,0,1,1,0,1,0,1,0,1,0,1,0,1,0,1,1,1,0,1,1,0,0,1,1,1,0,0,0,0,0
1,1,0,1,0,1,1,1,0,0,1,1,0,0,1,1,1,0,0,1,1,1,0,1,1,0,0,1,1,0,1,1,1,0,1,1,0,1,0,1,0,1
0,0,0,0,1,0,1,0,0,0,0,0,0,1,1,1,1,1,0,1,1,1,1,0,1,0,1,1,1,0,0,1,1,0,0,1,1,1,0,0,1,1
1,0,0,1,0,1,1,0,0,1,0,0,0,0,0,1,1,1,0,1,1,0,0,0,0,1,0,1,0,0,0,0,0,0,1,1,1,1,1,0,1,1
0,1,0,0,0,1,1,1,0,1,1,1,0,0,0,1,1,1,0,1,1,1,0,0,1,0,1,1,0,0,1,0,0,0,0,0,1,1,1,0,1,1
0,1,1,0,1,1,1,0,0,1,1,0,0,0,0,1,1,1,0,1,0,0,1,0,0,0,1,1,1,0,1,1,1,0,0,0,1,1,1,0,1,1
1,1,0,1,1,1,1,1,0,1,1,0,0,0,1,0,0,1,1,1,0,0,1,1,0,1,1,1,0,0,1,1,0,0,0,0,1,1,1,0,1,0
0,0,0,0,1,1,1,0,0,0,0,0,0,0,0,0,0,1,0,0,1,1,1,0,1,1,1,1,1,0,1,1,0,0,0,1,0,0,1,1,1,0
1,0,0,0,0,0,1,0,0,1,1,0,0,0,1,0,0,1,0,0,1,0,0,0,0,1,1,1,0,0,0,0,0,0,0,0,0,0,1,0,0,1
1,0,0,0,0,1,1,0,0,1,0,0,0,0,0,1,0,0,0,0,1,1,0,0,0,0,0,1,0,0,1,1,0,0,0,1,0,0,1,0,0,1
0,0,0,0,0,1,1,0,0,1,0,0,0,1,0,1,0,0,0,0,1,1,0,0,0,0,1,1,0,0,1,0,0,0,0,0,1,0,0,0,0,1
1,0,1,1,0,1,1,0,0,0,0,0,0,1,1,1,0,0,0,0,1,0,0,0,0,0,1,1,0,0,1,0,0,0,1,0,1,0,0,0,0,1
0,0,0,0,1,1,1,1,0,1,1,0,0,0,1,1,0,0,0,0,1,1,0,1,1,0,1,1,0,0,0,0,0,0,1,1,1,0,0,0,0,1
0,1,1,1,1,1,1,0,0,0,0,0,0,0,0,1,0,0,0,0,1,0,0,0,0,1,1,1,1,0,1,1,0,0,0,1,1,0,0,0,0,1
0,1,0,1,1,0,1,0,0,1,0,0,0,1,0,1,0,0,0,0,1,0,1,1,1,1,1,1,0,0,0,0,0,0,0,0,1,0,0,0,0,1
0,1,0,1,1,0,1,1,0,0,0,0,0,0,1,1,0,0,0,0,1,0,1,0,1,1,0,1,0,0,1,0,0,0,1,0,1,0,0,0,0,1
0,0,1,1,1,0,1,0,0,0,1,0,0,1,1,1,0,0,0,0,1,0,1,0,1,1,0,1,1,0,0,0,0,0,0,1,1,0,0,0,0,1
1,0,1,0,1,0,1,1,0,1,1,0,0,0,1,1,0,0,1,0,1,0,0,1,1,1,0,1,0,0,0,1,0,0,1,1,1,0,0,0,0,1
1,1,0,0,1,0,1,1,0,0,0,0,0,0,1,1,1,0,1,0,1,1,0,1,0,1,0,1,1,0,1,1,0,0,0,1,1,0,0,1,0,1
1,1,1,1,1,1,1,0,0,1,0,0,0,0,1,1,1,0,1,0,1,1,1,0,0,1,0,1,1,0,0,0,0,0,0,1,1,1,0,1,0,1
0,0,0,0,0,0,1,0,0,1,0,0,0,0,1,1,1,0,1,0,1,1,1,1,1,1,1,1,0,0,1,0,0,0,0,1,1,1,0,1,0,1
0,1,1,0,1,0,1,0,0,0,1,0,0,0,1,1,1,0,1,0,1,0,0,0,0,0,0,1,0,0,1,0,0,0,0,1,1,1,0,1,0,1
1,1,1,0,1,0,1,1,0,1,1,0,0,0,1,1,0,0,1,1,1,0,1,1,0,1,0,1,0,0,0,1,0,0,0,1,1,1,0,1,0,1
0,0,1,0,0,1,1,0,0,0,0,0,0,1,0,1,0,1,0,0,1,1,1,1,0,1,0,1,1,0,1,1,0,0,0,1,1,0,0,1,1,1
1,1,0,0,0,1,1,1,0,1,0,1,0,1,0,1,0,1,0,0,1,0,0,1,0,0,1,1,0,0,0,0,0,0,1,0,1,0,1,0,0,1
0,1,1,0,1,1,1,0,0,1,0,0,0,0,1,1,0,1,0,0,1,1,1,0,0,0,1,1,1,0,1,0,1,0,1,0,1,0,1,0,0,1
1,0,0,0,0,1,1,0,0,0,0,0,0,0,1,1,0,1,0,0,1,0,1,1,0,1,1,1,0,0,1,0,0,0,0,1,1,0,1,0,0,1
0,1,0,0,1,1,1,1,0,1,1,0,0,0,1,1,0,1,0,0,1,1,0,0,0,0,1,1,0,0,0,0,0,0,0,1,1,0,1,0,0,1
1,0,0,1,1,1,1,0,0,0,0,0,0,1,0,1,0,0,0,0,1,0,1,0,0,1,1,1,1,0,1,1,0,0,0,1,1,0,1,0,0,1
1,0,0,1,1,1,1,0,0,1,1,0,0,1,0,1,0,0,0,0,1,1,0,0,1,1,1,1,0,0,0,0,0,0,1,0,1,0,0,0,0,1
0,1,1,1,0,0,1,1,0,0,1,1,0,1,0,1,0,0,1,0,0,1,0,0,1,1,1,1,0,0,1,1,0,0,1,0,1,0,0,0,0,1
1,1,0,0,0,1,1,1,0,1,0,0,0,0,1,0,1,0,0,0,1,0,1,1,1,0,0,1,1,0,0,1,1,0,1,0,1,0,0,1,0,0
0,0,0,1,0,1,1,1,0,0,0,1,0,1,0,0,1,0,0,0,1,1,1,0,0,0,1,1,1,0,1,0,0,0,0,1,0,1,0,0,0,1
0,1,1,0,1,1,1,1,0,0,1,1,0,1,0,0,1,0,0,0,1,0,0,0,1,0,1,1,1,0,0,0,1,0,1,0,0,1,0,0,0,1
0,1,0,0,1,0,1,0,0,0,1,0,0,1,1,1,1,0,0,1,0,0,1,1,0,1,1,1,1,0,0,1,1,0,1,0,0,1,0,0,0,1
1,0,1,0,0,1,1,0,0,0,1,0,0,0,1,0,0,1,0,1,1,0,1,0,0,1,0,1,0,0,0,1,0,0,1,1,1,1,0,0,1,0
0,1,0,0,0,1,1,1,0,0,0,0,0,0,0,1,0,1,0,0,1,1,0,1,0,0,1,1,0,0,0,1,0,0,0,1,0,0,1,0,1,1
0,1,1,0,1,0,1,0,0,1,1,0,0,0,0,1,0,1,0,0,1,0,1,0,0,0,1,1,1,0,0,0,0,0,0,0,1,0,1,0,0,1
1,0,0,0,0,0,1,1,0,0,0,1,0,1,0,1,0,0,0,0,0,0,1,1,0,1,0,1,0,0,1,1,0,0,0,0,1,0,1,0,0,1
0,1,1,0,0,1,1,1,0,0,0,1,0,1,1,1,0,0,0,0,0,1,0,0,0,0,0,1,1,0,0,0,1,0,1,0,1,0,0,0,0,0
1,0,1,1,0,1,1,1,0,0,1,0,0,0,1,1,0,0,0,0,0,0,1,1,0,0,1,1,1,0,0,0,1,0,1,1,1,0,0,0,0,0
0,1,1,0,0,1,1,0,0,0,1,0,0,1,0,0,0,0,0,0,1,1,0,1,1,0,1,1,1,0,0,1,0,0,0,1,1,0,0,0,0,0
0,0,0,1,0,1,1,0,0,0,1,0,0,1,0,1,0,0,0,0,0,0,1,1,0,0,1,1,0,0,0,1,0,0,1,0,0,0,0,0,0,1
0,1,1,1,1,1,1,1,0,0,1,1,0,1,1,0,0,0,1,0,0,0,0,0,1,0,1,1,0,0,0,1,0,0,1,0,1,0,0,0,0,0
1,0,1,1,1,1,1,0,0,0,0,0,0,0,0,0,1,0,0,0,1,0,1,1,1,1,1,1,1,0,0,1,1,0,1,1,0,0,0,1,0,0
0,1,0,1,0,1,1,0,0,1,1,0,0,1,1,0,1,0,0,0,1,1,0,1,1,1,1,1,0,0,0,0,0,0,0,0,0,1,0,0,0,1
1,1,1,0,1,1,1,0,0,1,1,0,0,0,0,1,0,0,0,1,1,0,1,0,1,0,1,1,0,0,1,1,0,0,1,1,0,1,0,0,0,1
1,0,1,0,1,1,1,0,0,1,0,0,0,1,1,1,0,1,0,0,0,1,1,1,0,1,1,1,0,0,1,1,0,0,0,0,1,0,0,0,1,1
1,0,1,1,1,1,1,0,0,0,1,0,0,1,0,1,0,1,0,0,0,1,0,1,0,1,1,1,0,0,1,0,0,0,1,1,1,0,1,0,0,0
0,1,0,1,1,1,1,0,0,1,1,0,0,0,1,0,0,0,0,0,0,1,0,1,1,1,1,1,0,0,0,1,0,0,1,0,1,0,1,0,0,0
1,0,0,1,1,1,1,1,0,0,0,1,0,1,0,0,0,0,1,0,1,0,1,0,1,1,1,1,0,0,1,1,0,0,0,1,0,0,0,0,0,0
0,1,1,1,0,1,1,0,0,1,0,0,0,0,1,0,0,0,1,0,1,1,0,0,1,1,1,1,1,0,0,0,1,0,1,0,0,0,0,1,0,1
0,1,0,1,0,1,1,1,0,1,0,0,0,0,1,0,0,0,1,0,1,0,1,1,1,0,1,1,0,0,1,0,0,0,0,1,0,0,0,1,0,1
0,1,1,0,0,0,1,0,0,0,1,0,0,1,1,0,0,0,1,0,1,0,1,0,1,0,1,1,1,0,1,0,0,0,0,1,0,0,0,1,0,1
1,0,1,1,1,0,1,1,0,0,1,0,0,1,0,1,0,0,0,0,1,0,1,1,0,0,0,1,0,0,0,1,0,0,1,1,0,0,0,1,0,1
1,0,0,0,1,1,1,0,0,0,0,0,0,0,0,1,1,0,1,0,0,1,0,1,1,1,0,1,1,0,0,1,0,0,1,0,1,0,0,0,0,1
0,1,1,0,1,1,1,0,0,0,1,0,0,0,1,1,1,0,1,0,0,1,0,0,0,1,1,1,0,0,0,0,0,0,0,0,1,1,0,1,0,0
1,1,1,0,1,1,1,0,0,1,1,0,0,0,1,0,0,0,1,1,1,0,1,1,0,1,1,1,0,0,0,1,0,0,0,1,1,1,0,1,0,0
1,1,1,1,1,1,1,0,0,1,1,0,0,0,0,1,0,1,1,0,1,1,1,1,0,1,1,1,0,0,1,1,0,0,0,1,0,0,0,1,1,1
1,0,0,0,1,1,1,1,0,1,1,0,0,0,0,1,0,0,1,0,1,1,1,1,1,1,1,1,0,0,1,1,0,0,0,0,1,0,1,1,0,1
1,1,1,0,0,0,1,1,0,1,1,1,0,1,0,1,1,0,1,0,1,1,0,0,0,1,1,1,1,0,1,1,0,0,0,0,1,0,0,1,0,1
0,0,1,1,1,0,1,1,0,0,0,0,0,0,1,1,1,0,0,1,1,1,1,1,0,0,0,1,1,0,1,1,1,0,1,0,1,1,0,1,0,1
1,0,1,0,0,1,1,1,0,0,1,1,0,1,0,1,1,0,0,1,1,0,0,1,1,1,0,1,1,0,0,0,0,0,0,1,1,1,0,0,1,1
0,1,1,0,1,1,1,0,0,0,0,0,0,0,1,1,1,1,0,1,0,1,0,1,0,0,1,1,1,0,0,1,1,0,1,0,1,1,0,0,1,1
0,1,1,1,1,1,1,1,0,0,0,1,0,1,0,1,1,1,0,1,0,0,1,1,0,1,1,1,0,0,0,0,0,0,0,1,1,1,1,0,1,0
0,1,0,0,0,1,1,0,0,0,1,0,0,0,1,1,1,1,0,1,0,0,1,1,1,1,1,1,1,0,0,0,1,0,1,0,1,1,1,0,1,0
1,0,1,1,0,0,1,0,0,0,0,0,0,0,1,0,0,1,0,1,1,0,1,0,0,0,1,1,0,0,0,1,0,0,0,1,1,1,1,0,1,0
1,0,0,1,0,0,1,0,0,1,1,0,0,0,1,0,0,1,0,1,1,1,0,1,1,0,0,1,0,0,0,0,0,0,0,1,0,0,1,0,1,1
0,0,0,0,1,0,1,1,0,1,0,0,0,0,0,1,0,1,0,0,1,1,0,0,1,0,0,1,0,0,1,1,0,0,0,1,0,0,1,0,1,1
1,1,1,1,0,1,1,0,0,1,0,0,0,1,1,1,0,1,0,0,1,0,0,0,0,1,0,1,1,0,1,0,0,0,0,0,1,0,1,0,0,1
0,1,1,0,0,1,1,0,0,0,1,0,0,0,0,1,0,1,0,0,1,1,1,1,1,0,1,1,0,0,1,0,0,0,1,1,1,0,1,0,0,1
1,0,0,1,1,1,1,1,0,1,0,1,0,1,0,1,0,0,0,0,0,0,1,1,0,0,1,1,0,0,0,1,0,0,0,0,1,0,1,0,0,1
0,0,1,1,0,1,1,1,0,1,1,1,0,1,1,1,0,0,0,0,0,1,0,0,1,1,1,1,1,0,1,0,1,0,1,0,1,0,0,0,0,0
1,0,1,1,0,1,1,1,0,1,0,0,0,0,1,0,1,0,0,0,1,0,0,1,1,0,1,1,1,0,1,1,1,0,1,1,1,0,0,0,0,0
0,0,0,1,0,1,1,0,0,1,0,0,0,1,0,0,1,0,0,0,1,1,0,1,1,0,1,1,1,0,1,0,0,0,0,1,0,1,0,0,0,1
1,0,1,0,0,1,1,0,0,0,1,0,0,0,1,0,1,0,0,0,1,0,0,0,1,0,1,1,0,0,1,0,0,0,1,0,0,1,0,0,0,1
1,0,1,1,1,1,1,1,0,0,0,1,0,1,1,1,0,0,0,1,1,1,0,1,0,0,1,1,0,0,0,1,0,0,0,1,0,1,0,0,0,1
0,0,1,0,1,1,1,1,0,0,0,0,0,0,0,1,0,0,0,1,1,1,0,1,1,1,1,1,1,0,0,0,1,0,1,1,1,0,0,0,1,1
0,1,1,1,1,1,1,1,0,1,1,0,0,0,1,1,0,0,0,1,1,0,0,1,0,1,1,1,1,0,0,0,0,0,0,0,1,0,0,0,1,1
1,1,1,0,0,1,1,0,0,0,1,0,0,1,1,1,0,1,0,0,1,0,1,1,1,1,1,1,1,0,1,1,0,0,0,1,1,0,0,0,1,1
0,0,1,0,0,1,1,1,0,1,0,1,0,1,0,1,0,0,0,0,1,1,1,1,0,0,1,1,0,0,0,1,0,0,1,1,1,0,1,0,0,1
1,0,0,1,0,0,1,1,0,1,1,1,0,1,1,1,0,0,0,0,1,0,0,1,0,0,1,1,1,0,1,0,1,0,1,0,1,0,0,0,0,1
1,0,1,1,0,1,1,1,0,1,0,0,0,0,0,1,1,0,0,0,1,1,0,0,1,0,0,1,1,0,1,1,1,0,1,1,1,0,0,0,0,1
0,1,0,1,1,1,1,1,0,1,0,0,0,0,0,1,1,0,0,0,1,1,0,1,1,0,1,1,1,0,1,0,0,0,0,0,1,1,0,0,0,1
0,0,1,0,0,1,1,0,0,0,1,0,0,1,1,1,1,0,0,0,1,0,1,0,1,1,1,1,1,0,1,0,0,0,0,0,1,1,0,0,0,1
0,0,0,0,1,1,1,0,0,1,1,0,0,0,1,1,0,0,0,1,1,0,0,1,0,0,1,1,0,0,0,1,0,0,1,1,1,1,0,0,0,1
1,1,1,1,0,1,1,0,0,1,0,0,0,1,0,1,0,1,0,0,1,0,0,0,0,1,1,1,0,0,1,1,0,0,0,1,1,0,0,0,1,1
0,0,0,1,0,1,1,1,0,1,0,0,0,1,1,1,0,1,0,0,1,1,1,1,1,0,1,1,0,0,1,0,0,0,1,0,1,0,1,0,0,1
1,1,1,0,1,1,1,1,0,1,0,0,0,0,1,1,0,1,0,0,1,0,0,0,1,0,1,1,1,0,1,0,0,0,1,1,1,0,1,0,0,1
0,0,0,1,0,1,1,1,0,1,1,1,0,1,1,1,0,1,0,0,1,1,1,1,0,1,1,1,1,0,1,0,0,0,0,1,1,0,1,0,0,1
1,0,1,1,1,0,1,1,0,0,1,1,0,1,0,1,1,0,0,0,1,0,0,0,1,0,1,1,1,0,1,1,1,0,1,1,1,0,1,0,0,1
0,1,0,1,0,0,1,1,0,1,0,0,0,0,0,1,1,0,0,1,0,1,0,1,1,1,0,1,1,0,0,1,1,0,1,0,1,1,0,0,0,1
1,0,0,1,1,0,1,1,0,1,1,1,0,1,1,1,1,0,0,1,0,0,1,0,1,0,0,1,1,0,1,0,0,0,0,0,1,1,0,0,1,0
1,0,1,1,1,0,1,1,0,0,0,1,0,1,0,0,1,1,0,1,1,1,0,0,1,1,0,1,1,0,1,1,1,0,1,1,1,1,0,0,1,0
0,1,1,1,1,0,1,0,0,1,0,0,0,1,1,0,1,1,0,1,1,1,0,1,1,1,0,1,1,0,0,0,1,0,1,0,0,1,1,0,1,1
1,0,1,1,1,0,1,1,0,0,0,1,0,1,0,0,1,1,0,1,1,0,1,1,1,1,0,1,0,0,1,0,0,0,1,1,0,1,1,0,1,1
1,1,1,1,1,0,1,1,0,0,0,0,0,0,0,0,1,1,0,1,1,1,0,1,1,1,0,1,1,0,0,0,1,0,1,0,0,1,1,0,1,1
0,0,0,0,0,1,1,0,0,0,0,0,0,1,0,0,1,1,0,1,1,1,1,1,1,1,0,1,1,0,0,0,0,0,0,0,0,1,1,0,1,1
0,1,1,1,0,0,1,1,0,0,1,1,0,1,1,0,1,1,0,1,1,0,0,0,0,0,1,1,0,0,0,0,0,0,1,0,0,1,1,0,1,1
1,1,1,1,1,0,1,1,0,1,0,1,0,1,0,1,1,1,0,1,1,0,1,1,1,0,0,1,1,0,0,1,1,0,1,1,0,1,1,0,1,1
1,1,1,1,0,0,1,0,0,1,1,0,0,0,0,1,1,1,0,1,1,1,1,1,1,1,0,1,1,0,1,0,1,0,1,0,1,1,1,0,1,1
1,1,1,1,0,0,1,1,0,1,1,0,0,1,1,1,0,1,0,1,0,1,1,1,1,0,0,1,0,0,1,1,0,0,0,0,1,1,1,0,1,1
0,0,1,0,0,1,1,0,0,1,1,0,0,0,1,0,1,1,1,0,1,1,1,1,1,0,0,1,1,0,1,1,0,0,1,1,1,0,1,0,1,0
1,0,0,0,0,0,1,0,0,0,1,0,0,1,0,1,0,0,0,1,1,0,0,1,0,0,1,1,0,0,1,1,0,0,0,1,0,1,1,1,0,1
1,0,1,0,1,0,1,0,0,0,1,0,0,0,0,1,0,1,0,0,0,1,0,0,0,0,0,1,0,0,0,1,0,0,1,0,1,0,0,0,1,1
0,1,1,1,1,0,1,0,0,1,1,0,0,1,1,0,0,0,1,0,0,1,0,1,0,1,0,1,0,0,0,1,0,0,0,0,1,0,1,0,0,0
0,1,1,1,1,0,1,0,0,1,0,0,0,1,0,0,0,0,1,0,1,0,1,1,1,1,0,1,0,0,1,1,0,0,1,1,0,0,0,1,0,0
1,1,0,1,0,1,1,1,0,1,0,0,0,0,1,0,0,0,1,0,1,0,1,1,1,1,0,1,0,0,1,0,0,0,1,0,0,0,0,1,0,1
0,1,0,0,1,1,1,1,0,1,0,0,0,0,1,0,0,0,1,0,1,1,1,0,1,0,1,1,1,0,1,0,0,0,0,1,0,0,0,1,0,1
0,0,1,1,1,1,1,0,0,0,0,0,0,0,1,0,0,0,1,0,1,0,1,0,0,1,1,1,1,0,1,0,0,0,0,1,0,0,0,1,0,1
1,0,0,1,1,1,1,1,0,0,1,0,0,0,0,0,0,0,1,0,1,0,0,1,1,1,1,1,0,0,0,0,0,0,0,1,0,0,0,1,0,1
0,0,0,1,0,0,1,0,0,1,0,0,0,0,1,1,1,0,1,0,1,1,0,0,1,1,1,1,1,0,0,1,0,0,0,0,0,0,0,1,0,1
1,0,1,0,0,0,1,0,0,0,0,0,0,0,0,1,1,0,1,0,1,0,0,0,1,0,0,1,0,0,1,0,0,0,0,1,1,1,0,1,0,1
1,0,0,0,1,0,1,1,0,0,0,1,0,1,0,1,1,0,1,0,1,1,0,1,0,0,0,1,0,0,0,0,0,0,0,0,1,1,0,1,0,1
1,0,1,1,1,1,1,1,0,1,0,0,0,0,1,1,1,0,1,0,1,1,0,0,0,1,0,1,1,0,0,0,1,0,1,0,1,1,0,1,0,1
0,0,1,1,0,1,1,1,0,0,0,1,0,0,1,1,1,0,1,0,1,1,0,1,1,1,1,1,1,0,1,0,0,0,0,1,1,1,0,1,0,1
1,0,0,0,1,1,1,0,0,0,0,0,0,1,1,1,1,0,1,0,1,0,0,1,1,0,1,1,1,0,0,0,1,0,0,1,1,1,0,1,0,1
0,1,1,0,1,1,1,1,0,1,0,0,0,0,0,1,1,0,1,0,1,1,0,0,0,1,1,1,0,0,0,0,0,0,1,1,1,1,0,1,0,1
1,0,0,1,0,0,1,0,0,1,0,0,0,0,0,1,1,0,1,0,1,0,1,1,0,1,1,1,1,0,1,0,0,0,0,0,1,1,0,1,0,1
0,0,0,0,0,1,1,1,0,0,0,1,0,1,1,1,1,0,1,0,1,1,0,0,1,0,0,1,0,0,1,0,0,0,0,0,1,1,0,1,0,1
0,0,1,1,1,1,1,1,0,0,0,1,0,1,1,1,1,0,1,0,1,0,0,0,0,0,1,1,1,0,0,0,1,0,1,1,1,1,0,1,0,1
0,0,1,1,0,1,1,1,0,1,1,0,0,0,0,1,1,0,1,0,1,0,0,1,1,1,1,1,1,0,0,0,1,0,1,1,1,1,0,1,0,1
1,0,1,0,1,1,1,0,0,0,1,0,0,0,0,1,0,0,0,1,1,0,0,1,1,0,1,1,1,0,1,1,0,0,0,0,1,1,0,1,0,1
0,0,0,1,1,1,1,1,0,1,0,0,0,0,0,1,0,1,0,0,0,1,0,1,0,1,1,1,0,0,0,1,0,0,0,0,1,0,0,0,1,1
0,0,1,0,1,1,1,1,0,0,0,1,0,1,1,1,0,1,0,0,0,0,0,0,1,1,1,1,1,0,1,0,0,0,0,0,1,0,1,0,0,0
1,0,1,1,1,1,1,0,0,0,1,0,0,1,0,1,0,1,0,0,0,0,0,1,0,1,1,1,1,0,0,0,1,0,1,1,1,0,1,0,0,0
1,1,1,1,1,1,1,0,0,1,1,0,0,0,1,0,0,0,1,0,0,1,0,1,1,1,1,1,0,0,0,1,0,0,1,0,1,0,1,0,0,0
1,1,1,1,0,1,1,1,0,0,0,0,0,0,1,0,0,0,1,0,1,1,1,1,1,1,1,1,0,0,1,1,0,0,0,1,0,0,0,1,0,0
1,0,1,1,0,1,1,1,0,1,0,0,0,0,0,0,0,0,1,0,1,1,1,1,1,0,1,1,1,0,0,0,0,0,0,1,0,0,0,1,0,1
1,1,1,1,1,0,1,1,0,0,0,1,0,1,0,0,0,0,1,0,1,1,0,1,1,0,1,1,1,0,1,0,0,0,0,0,0,0,0,1,0,1
1,0,0,0,0,1,1,0,0,1,0,0,0,1,0,0,0,0,1,0,1,1,1,1,1,1,0,1,1,0,0,0,1,0,1,0,0,0,0,1,0,1
0,1,1,1,0,1,1,1,0,0,0,0,0,0,0,0,0,0,1,0,1,1,0,0,0,0,1,1,0,0,1,0,0,0,1,0,0,0,0,1,0,1
1,1,0,0,0,0,1,0,0,0,1,0,0,0,1,0,0,0,1,0,1,0,1,1,1,0,1,1,1,0,0,0,0,0,0,0,0,0,0,1,0,1
1,0,0,0,1,1,1,1,0,1,0,0,0,0,0,1,0,0,0,0,1,1,1,0,0,0,0,1,0,0,0,1,0,0,0,1,0,0,0,1,0,1
0,1,0,1,1,1,1,0,0,1,1,0,0,0,1,1,0,0,0,0,1,1,0,0,0,1,1,1,1,0,1,0,0,0,0,0,1,0,0,0,0,1
1,1,1,0,1,1,1,1,0,1,0,0,0,0,1,1,0,0,0,0,1,0,1,0,1,1,1,1,0,0,1,1,0,0,0,1,1,0,0,0,0,1
1,1,0,1,1,1,1,0,0,0,0,0,0,0,1,1,0,0,0,0,1,1,1,1,0,1,1,1,1,0,1,0,0,0,0,1,1,0,0,0,0,1
0,0,0,0,1,1,1,1,0,0,1,0,0,0,0,1,0,0,0,0,1,1,1,0,1,1,1,1,0,0,0,0,0,0,0,1,1,0,0,0,0,1
0,0,1,0,0,1,1,1,0,1,0,1,0,1,0,1,1,0,1,0,0,0,0,0,0,1,1,1,1,0,0,1,0,0,0,0,1,0,0,0,0,1
1,0,0,1,1,1,1,0,0,0,1,0,0,1,1,1,1,0,1,0,0,0,0,1,0,0,1,1,1,0,1,0,1,0,1,0,1,1,0,1,0,0
1,1,0,0,0,1,1,1,0,0,1,1,0,1,1,0,0,0,0,1,1,1,0,0,1,1,1,1,0,0,0,1,0,0,1,1,1,1,0,1,0,0
0,0,1,0,0,1,1,1,0,1,0,1,0,1,1,1,1,1,0,0,1,1,1,0,0,0,1,1,1,0,0,1,1,0,1,1,0,0,0,0,1,1
1,1,1,0,1,1,1,0,0,0,1,0,0,1,0,1,1,1,0,0,1,0,0,1,0,0,1,1,1,0,1,0,1,0,1,1,1,1,1,0,0,1
1,0,0,0,1,1,1,1,0,0,1,0,0,0,0,1,0,0,0,1,0,1,1,1,0,1,1,1,0,0,0,1,0,0,1,0,1,1,1,0,0,1
1,0,1,0,1,1,1,1,0,0,1,0,0,1,0,0,0,1,0,0,0,1,0,0,0,1,1,1,1,0,0,1,0,0,0,0,1,0,0,0,1,0
0,0,1,0,0,1,1,1,0,1,0,0,0,0,1,0,1,0,1,0,0,1,0,1,0,1,1,1,1,0,0,1,0,0,1,0,0,0,1,0,0,0
0,1,1,0,1,1,1,0,0,0,0,0,0,1,0,0,1,0,1,0,0,0,0,1,0,0,1,1,1,0,1,0,0,0,0,1,0,1,0,1,0,0
0,0,1,1,0,0,1,1,0,1,0,0,0,0,1,0,1,0,1,0,0,0,1,1,0,1,1,1,0,0,0,0,0,0,1,0,0,1,0,1,0,0
0,1,1,0,1,0,1,0,0,1,0,0,0,0,1,0,1,0,1,0,0,0,0,1,1,0,0,1,1,0,1,0,0,0,0,1,0,1,0,1,0,0
0,1,1,0,1,1,1,1,0,1,0,0,0,0,1,0,1,0,1,0,0,0,1,1,0,1,0,1,0,0,1,0,0,0,0,1,0,1,0,1,0,0
1,0,0,1,0,1,1,0,0,1,0,0,0,0,0,0,1,0,1,0,0,0,1,1,0,1,1,1,1,0,1,0,0,0,0,1,0,1,0,1,0,0
0,1,0,0,1,1,1,1,0,1,0,0,0,0,0,0,1,0,1,0,0,1,0,0,1,0,1,1,0,0,1,0,0,0,0,0,0,1,0,1,0,0
0,0,0,1,1,1,1,0,0,0,1,0,0,0,1,0,1,0,1,0,0,0,1,0,0,1,1,1,1,0,1,0,0,0,0,0,0,1,0,1,0,0
0,1,0,0,0,1,1,0,0,0,1,0,0,0,1,0,0,0,1,1,1,0,0,0,1,1,1,1,0,0,0,1,0,0,0,1,0,1,0,1,0,0
1,0,1,0,0,1,1,1,0,1,0,0,0,1,0,1,0,1,0,0,1,0,1,0,0,0,1,1,0,0,0,1,0,0,0,1,0,0,0,1,1,1
1,0,0,0,1,1,1,1,0,0,0,0,0,0,1,1,0,1,0,0,1,1,0,1,0,0,1,1,1,0,1,0,0,0,1,0,1,0,1,0,0,1
0,0,1,1,1,1,1,1,0,0,0,0,0,0,1,1,0,1,0,0,1,1,0,0,0,1,1,1,1,0,0,0,0,0,0,1,1,0,1,0,0,1
0,0,1,1,0,1,1,0,0,0,0,0,0,1,1,1,0,1,0,0,1,0,0,1,1,1,1,1,1,0,0,0,0,0,0,1,1,0,1,0,0,1
0,0,1,0,0,0,1,1,0,0,0,0,0,0,0,1,0,1,0,0,1,0,0,1,1,0,1,1,0,0,0,0,0,0,1,1,1,0,1,0,0,1
1,0,1,0,0,0,1,0,0,1,1,0,0,0,0,1,0,1,0,0,1,0,0,1,0,0,0,1,1,0,0,0,0,0,0,0,1,0,1,0,0,1
1,1,1,1,0,1,1,0,0,1,1,0,0,1,0,1,0,0,1,0,0,1,0,1,0,0,0,1,0,0,1,1,0,0,0,0,1,0,1,0,0,1
1,0,0,0,1,0,1,1,0,1,0,1,0,1,0,0,0,0,0,0,1,1,1,1,1,0,1,1,0,0,1,1,0,0,1,0,1,0,0,1,0,0
1,1,0,0,1,0,1,1,0,1,0,0,0,1,1,0,0,0,0,0,1,1,0,0,0,1,0,1,1,0,1,0,1,0,1,0,0,0,0,0,0,1
0,1,0,0,1,0,1,1,0,1,1,1,0,1,0,0,0,0,0,0,1,1,1,0,0,1,0,1,1,0,1,0,0,0,1,1,0,0,0,0,0,1
0,1,0,0,1,0,1,0,0,1,0,0,0,1,0,1,1,0,0,0,0,0,1,0,0,1,0,1,1,0,1,1,1,0,1,0,0,0,0,0,0,1
0,0,1,1,1,0,1,0,0,0,1,0,0,0,0,1,1,0,0,0,0,0,1,0,0,1,0,1,0,0,1,0,0,0,1,0,1,1,0,0,0,0
0,1,0,0,0,1,1,0,0,0,1,0,0,0,1,0,0,0,1,1,0,0,0,1,1,1,0,1,0,0,0,1,0,0,0,0,1,1,0,0,0,0
1,1,0,0,1,0,1,0,0,1,1,0,0,0,1,0,0,1,0,0,1,0,1,0,0,0,1,1,0,0,0,1,0,0,0,1,0,0,0,1,1,0
0,1,0,0,1,1,1,0,0,1,1,0,0,1,0,1,0,0,0,0,1,1,1,0,0,1,0,1,0,0,1,1,0,0,0,1,0,0,1,0,0,1
0,1,1,1,1,0,1,0,0,1,1,0,0,0,1,1,0,0,0,0,0,0,1,0,0,1,1,1,0,0,1,1,0,0,1,0,1,0,0,0,0,1
0,0,0,1,1,0,1,1,0,0,0,0,0,0,0,0,0,0,0,0,1,0,1,1,1,1,0,1,0,0,1,1,0,0,0,1,1,0,0,0,0,0
0,0,0,1,1,1,1,1,0,0,1,0,0,0,0,0,0,0,0,0,1,0,0,0,1,1,0,1,1,0,0,0,0,0,0,0,0,0,0,0,0,1
1,1,0,0,1,0,1,1,0,1,0,0,0,0,0,1,0,0,0,0,0,0,0,0,1,1,1,1,1,0,0,1,0,0,0,0,0,0,0,0,0,1
1,1,0,1,1,0,1,0,0,0,0,0,0,0,1,1,0,0,0,0,0,1,1,0,0,1,0,1,1,0,1,0,0,0,0,0,1,0,0,0,0,0
0,1,0,0,0,1,1,1,0,0,1,1,0,0,1,1,0,0,0,0,0,1,1,0,1,1,0,1,0,0,0,0,0,0,0,1,1,0,0,0,0,0
1,1,0,1,1,1,1,0,0,1,1,0,0,0,0,0,1,0,0,0,1,0,1,0,0,0,1,1,1,0,0,1,1,0,0,1,1,0,0,0,0,0
1,1,1,1,1,1,1,1,0,1,0,0,0,0,1,1,0,0,0,1,0,1,1,0,1,1,1,1,0,0,1,1,0,0,0,0,0,1,0,0,0,1
1,0,0,0,1,1,1,1,0,1,0,1,0,1,1,1,0,0,0,1,0,1,1,1,1,1,1,1,1,0,1,0,0,0,0,1,1,0,0,0,1,0
0,0,1,0,0,1,1,1,0,1,1,1,0,0,0,1,0,0,0,1,0,1,0,0,0,1,1,1,1,0,1,0,1,0,1,1,1,0,0,0,1,0
0,1,0,0,0,1,1,1,0,0,0,0,0,0,0,0,1,1,0,0,0,0,0,1,0,0,1,1,1,0,1,1,1,0,0,0,1,0,0,0,1,0
1,1,1,0,1,1,1,1,0,1,0,0,0,1,1,0,1,1,0,0,0,0,1,0,0,0,1,1,1,0,0,0,0,0,0,0,0,1,1,0,0,0
0,1,0,0,1,1,1,1,0,0,0,0,0,1,0,0,1,1,0,0,0,1,1,1,0,1,1,1,1,0,1,0,0,0,1,1,0,1,1,0,0,0
1,0,0,1,1,1,1,1,0,1,0,0,0,0,1,0,1,1,0,0,0,0,1,0,0,1,1,1,1,0,0,0,0,0,1,0,0,1,1,0,0,0
0,1,1,0,1,1,1,0,0,0,1,0,0,0,1,0,1,1,0,0,0,1,0,0,1,1,1,1,1,0,1,0,0,0,0,1,0,1,1,0,0,0
0,0,0,0,0,0,1,0,0,1,0,0,0,0,0,0,0,0,0,1,1,0,1,1,0,1,1,1,0,0,0,1,0,0,0,1,0,1,1,0,0,0
0,1,0,1,1,0,1,0,0,1,0,0,0,1,1,0,0,0,0,1,1,0,0,0,0,0,0,1,0,0,1,0,0,0,0,0,0,0,0,0,1,1
1,0,0,1,1,1,1,0,0,0,0,0,0,0,0,0,0,0,0,1,1,0,1,0,1,1,0,1,0,0,1,0,0,0,1,1,0,0,0,0,1,1
1,1,1,1,0,1,1,0,0,0,0,0,0,0,0,0,0,0,0,1,1,1,0,0,1,1,1,1,0,0,0,0,0,0,0,0,0,0,0,0,1,1
1,0,1,0,1,0,1,0,0,1,1,0,0,1,0,0,0,0,0,1,1,1,1,1,1,0,1,1,0,0,0,0,0,0,0,0,0,0,0,0,1,1
0,0,1,1,1,1,1,0,0,0,1,0,0,1,1,1,0,1,0,0,0,1,0,1,0,1,0,1,0,0,1,1,0,0,1,0,0,0,0,0,1,1
0,1,0,0,0,1,1,0,0,1,1,0,0,1,0,0,0,0,0,0,1,0,0,1,1,1,1,1,0,0,0,1,0,0,1,1,1,0,1,0,0,0
1,0,0,1,1,1,1,0,0,1,0,0,0,0,1,1,0,0,0,0,0,0,1,0,0,0,1,1,0,0,1,1,0,0,1,0,0,0,0,0,0,1
1,1,1,1,1,1,1,1,0,0,1,1,0,1,0,1,0,0,0,0,0,1,0,0,1,1,1,1,0,0,1,0,0,0,0,1,1,0,0,0,0,0
0,1,1,0,0,1,1,0,0,0,0,0,0,1,1,0,1,0,0,0,0,1,1,1,1,1,1,1,1,0,0,1,1,0,1,0,1,0,0,0,0,0
0,0,0,0,1,1,1,1,0,0,1,0,0,0,1,0,1,0,0,0,0,0,1,1,0,0,1,1,0,0,0,0,0,0,1,1,0,1,0,0,0,0
1,0,1,1,1,1,1,1,0,0,1,0,0,1,0,0,0,0,0,1,1,0,0,0,0,1,1,1,1,0,0,1,0,0,0,1,0,1,0,0,0,0
1,1,1,1,1,0,1,0,0,1,1,0,0,0,0,1,1,1,1,0,0,1,0,1,1,1,1,1,1,0,0,1,0,0,1,0,0,0,0,0,1,1
0,1,0,0,0,1,1,0,0,1,1,0,0,0,0,0,0,0,0,1,1,1,1,1,1,1,0,1,0,0,1,1,0,0,0,0,1,1,1,1,0,0
0,1,0,1,1,1,1,1,0,1,1,0,0,1,0,1,0,1,0,0,0,0,1,0,0,0,1,1,0,0,1,1,0,0,0,0,0,0,0,0,1,1
0,1,1,1,1,1,1,0,0,0,1,0,0,0,0,0,1,0,1,0,0,0,1,0,1,1,1,1,1,0,1,1,0,0,1,0,1,0,1,0,0,0
0,0,0,0,1,0,1,1,0,1,1,1,0,1,1,0,0,0,1,1,1,0,1,1,1,1,1,1,0,0,0,1,0,0,0,0,0,1,0,1,0,0
0,1,1,0,0,0,1,1,0,0,0,1,0,1,1,1,1,1,0,0,1,0,0,0,0,1,0,1,1,0,1,1,1,0,1,1,0,0,0,1,1,1
1,1,1,0,1,0,1,0,0,0,0,0,0,1,0,1,1,1,0,0,1,0,1,1,0,0,0,1,1,0,0,0,1,0,1,1,1,1,1,0,0,1
0,0,0,0,1,0,1,1,0,1,1,0,0,0,1,1,1,1,0,0,1,1,1,1,0,1,0,1,0,0,0,0,0,0,1,0,1,1,1,0,0,1
0,1,1,0,1,0,1,0,0,1,0,0,0,0,1,1,1,0,1,1,1,0,0,0,0,1,0,1,1,0,1,1,0,0,0,1,1,1,1,0,0,1
0,1,0,0,1,0,1,1,0,1,1,1,0,1,1,1,1,0,1,1,1,0,1,1,0,1,0,1,0,0,1,0,0,0,0,1,1,1,0,1,1,1
1,0,0,1,0,1,1,0,0,1,0,0,0,0,0,1,1,1,0,1,1,0,1,0,0,1,0,1,1,0,1,1,1,0,1,1,1,1,0,1,1,1
0,1,1,1,1,1,1,1,0,1,1,1,0,1,0,1,1,1,0,1,1,1,0,0,1,0,1,1,0,0,1,0,0,0,0,0,1,1,1,0,1,1
1,0,0,0,1,0,1,0,0,1,0,0,0,1,1,1,1,1,0,1,0,0,1,1,1,1,1,1,1,0,1,1,1,0,1,0,1,1,1,0,1,1
0,1,0,1,0,1,1,1,0,1,1,0,0,0,1,1,1,1,0,1,0,1,0,0,0,1,0,1,0,0,1,0,0,0,1,1,1,1,1,0,1,0
1,1,0,0,1,0,1,1,0,1,0,1,0,1,1,0,0,1,0,1,1,0,1,0,1,0,1,1,1,0,1,1,0,0,0,1,1,1,1,0,1,0
1,1,1,0,1,1,1,1,0,0,0,1,0,1,1,0,0,1,0,1,1,1,1,0,0,1,0,1,1,0,1,0,1,0,1,1,0,0,1,0,1,1
1,0,0,1,1,1,1,0,0,0,1,0,0,1,0,0,0,1,0,1,1,1,1,1,0,1,1,1,1,0,0,0,1,0,1,1,0,0,1,0,1,1
1,1,0,1,0,1,1,0,0,1,1,0,0,1,0,1,0,1,0,0,0,1,0,0,1,1,1,1,0,0,0,1,0,0,1,0,0,0,1,0,1,1
0,0,0,1,0,1,1,1,0,1,1,1,0,1,1,0,0,0,0,0,0,1,1,0,1,0,1,1,0,0,1,1,0,0,1,0,1,0,1,0,0,0
0,1,1,0,0,1,1,1,0,0,1,1,0,1,0,0,1,0,0,0,1,0,0,0,1,0,1,1,1,0,1,1,1,0,1,1,0,0,0,0,0,0
1,0,0,1,0,0,1,1,0,1,1,0,0,0,1,1,1,0,0,1,0,0,1,1,0,0,1,1,1,0,0,1,1,0,1,0,0,1,0,0,0,1
0,1,1,0,0,1,1,0,0,0,0,0,0,0,1,0,0,1,0,1,1,1,0,0,1,0,0,1,1,0,1,1,0,0,0,1,1,1,0,0,1,0
1,0,1,1,1,1,1,0,0,1,1,0,0,0,0,0,0,1,0,1,1,0,1,1,0,0,1,1,0,0,0,0,0,0,0,1,0,0,1,0,1,1
0,1,0,1,0,1,1,1,0,0,1,0,0,0,0,1,0,1,0,0,0,1,0,1,1,1,1,1,0,0,1,1,0,0,0,0,0,0,1,0,1,1
0,0,1,0,0,1,1,0,0,0,1,0,0,1,0,0,0,0,0,0,0,0,1,0,1,0,1,1,1,0,0,1,0,0,0,0,1,0,1,0,0,0
1,1,0,1,1,1,1,0,0,0,0,0,0,1,0,0,0,0,0,0,0,0,0,1,0,0,1,1,0,0,0,1,0,0,1,0,0,0,0,0,0,0
0,0,0,1,1,1,1,1,0,1,0,1,0,1,0,0,0,0,0,0,0,1,1,0,1,1,1,1,0,0,0,0,0,0,1,0,0,0,0,0,0,0
1,0,0,0,0,1,1,1,0,0,0,1,0,1,1,0,0,0,0,0,0,0,0,0,1,1,1,1,1,0,1,0,1,0,1,0,0,0,0,0,0,0
0,0,0,0,1,1,1,1,0,1,1,0,0,1,0,0,0,0,0,0,0,1,0,0,0,0,1,1,1,0,0,0,1,0,1,1,0,0,0,0,0,0
1,1,1,1,0,0,1,0,0,0,1,0,0,1,1,0,1,0,1,0,0,0,0,0,0,1,1,1,1,0,1,1,0,0,1,0,0,0,0,0,0,0
0,0,1,1,0,0,1,0,0,1,0,0,0,0,1,0,0,0,0,1,1,1,1,1,1,0,0,1,0,0,0,1,0,0,1,1,0,1,0,1,0,0
1,0,1,1,0,0,1,1,0,0,0,1,0,1,1,0,0,0,0,1,1,0,0,1,1,0,0,1,0,0,1,0,0,0,0,1,0,0,0,0,1,1
1,1,1,1,0,0,1,1,0,1,1,0,0,0,1,0,0,0,0,1,1,1,0,1,1,0,0,1,1,0,0,0,1,0,1,1,0,0,0,0,1,1
1,0,1,0,0,1,1,0,0,1,0,0,0,0,1,1,0,1,0,0,1,1,1,1,1,0,0,1,1,0,1,1,0,0,0,1,0,0,0,0,1,1
1,1,1,1,1,1,1,0,0,0,0,0,0,1,1,1,0,1,0,0,1,1,0,1,0,0,1,1,0,0,1,0,0,0,0,1,1,0,1,0,0,1
1,0,0,0,0,1,1,1,0,0,1,1,0,1,1,1,0,1,0,0,1,1,1,1,1,1,1,1,0,0,0,0,0,0,1,1,1,0,1,0,0,1
1,0,0,1,0,1,1,0,0,0,0,0,0,1,1,1,1,0,0,0,1,1,0,0,0,0,1,1,1,0,0,1,1,0,1,1,1,0,1,0,0,1
0,1,0,1,1,1,1,1,0,0,0,0,0,1,1,1,1,0,0,0,1,1,0,0,1,0,1,1,0,0,0,0,0,0,1,1,1,1,0,0,0,1
0,0,1,1,0,0,1,0,0,0,0,0,0,1,0,1,1,0,0,0,1,0,1,0,1,1,1,1,1,0,0,0,0,0,1,1,1,1,0,0,0,1
1,0,0,1,0,1,1,0,0,1,1,0,0,1,0,1,1,0,0,0,1,0,0,1,1,0,0,1,0,0,0,0,0,0,1,0,1,1,0,0,0,1
0,1,0,0,0,0,1,1,0,1,0,0,0,0,1,1,0,0,0,1,0,1,0,0,1,0,1,1,0,0,1,1,0,0,1,0,1,1,0,0,0,1
0,1,0,1,1,1,1,0,0,1,0,0,0,1,1,1,0,0,0,1,0,0,1,0,0,0,0,1,1,0,1,0,0,0,0,1,1,0,0,0,1,0
1,1,1,0,0,1,1,0,0,0,0,0,0,1,1,1,0,0,0,1,0,0,1,0,1,1,1,1,0,0,1,0,0,0,1,1,1,0,0,0,1,0
0,1,0,0,1,1,1,1,0,1,1,0,0,1,0,1,0,0,0,1,0,1,1,1,0,0,1,1,0,0,0,0,0,0,1,1,1,0,0,0,1,0
0,1,1,0,0,1,1,0,0,0,1,0,0,0,1,0,1,1,1,0,0,0,1,0,0,1,1,1,1,0,1,1,0,0,1,0,1,0,0,0,1,0
0,1,1,1,1,1,1,0,0,0,1,0,0,1,0,0,0,0,0,1,1,0,1,1,0,0,1,1,0,0,0,1,0,0,0,1,0,1,1,1,0,0
0,0,0,0,1,1,1,0,0,1,0,0,0,0,1,1,0,1,0,0,0,0,1,1,1,1,1,1,0,0,0,1,0,0,1,0,0,0,0,0,1,1
1,1,0,0,1,1,1,0,0,0,1,0,0,0,0,1,0,1,0,0,0,0,0,0,0,1,1,1,0,0,1,0,0,0,0,1,1,0,1,0,0,0
1,0,0,0,0,1,1,0,0,0,1,0,0,0,1,0,0,0,1,0,0,1,1,0,0,1,1,1,0,0,0,1,0,0,0,0,1,0,1,0,0,0
0,0,0,0,0,1,1,1,0,0,0,1,0,1,1,0,0,0,0,0,1,1,0,0,0,0,1,1,0,0,0,1,0,0,0,1,0,0,0,1,0,0
0,1,0,0,0,0,1,1,0,0,1,1,0,1,1,0,0,0,0,0,1,0,0,0,0,0,1,1,1,0,0,0,1,0,1,1,0,0,0,0,0,1
1,0,0,1,1,1,1,1,0,1,0,0,0,0,1,1,1,0,0,0,1,0,1,0,0,0,0,1,1,0,0,1,1,0,1,1,0,0,0,0,0,1
0,1,1,0,0,0,1,1,0,0,1,1,0,1,1,1,1,0,0,0,1,1,0,0,1,1,1,1,1,0,1,0,0,0,0,1,1,1,0,0,0,1
0,1,1,0,1,0,1,1,0,0,1,0,0,1,1,1,1,0,0,1,1,0,1,1,0,0,0,1,1,0,0,1,1,0,1,1,1,1,0,0,0,1
1,1,1,1,1,1,1,1,0,1,0,0,0,0,1,1,1,1,1,1,1,0,1,1,0,1,0,1,1,0,0,1,0,0,1,1,1,1,0,0,1,1
1,1,0,1,0,0,1,0,0,0,1,0,0,0,1,1,1,1,1,1,1,1,1,1,1,1,1,1,1,0,1,0,0,0,0,1,1,1,1,1,1,1
0,1,1,1,0,0,1,1,0,0,1,1,0,1,0,1,0,1,0,1,1,1,1,0,1,0,0,1,0,0,0,1,0,0,0,1,1,1,1,1,1,1
0,0,1,1,0,1,1,1,0,0,1,1,0,1,1,1,1,1,0,0,0,0,1,1,1,0,0,1,1,0,0,1,1,0,1,0,1,0,1,0,1,1
1,0,1,0,0,1,1,0,0,1,0,0,0,1,1,0,1,0,0,1,1,0,0,1,1,0,1,1,1,0,0,1,1,0,1,1,1,1,1,0,0,0
1,1,1,0,1,1,1,0,0,1,1,0,0,0,0,0,1,0,0,1,1,1,0,1,0,0,1,1,0,0,1,0,0,0,1,1,0,1,0,0,1,1
1,1,1,0,1,1,1,0,0,1,0,0,0,1,1,1,0,1,1,1,0,1,1,1,0,1,1,1,0,0,1,1,0,0,0,0,0,1,0,0,1,1
1,1,0,1,1,1,1,0,0,0,1,0,0,0,1,1,0,1,1,1,0,1,1,1,0,1,1,1,0,0,1,0,0,0,1,1,1,0,1,1,1,0
1,0,1,1,1,0,1,1,0,1,0,0,0,0,0,0,0,1,0,0,1,1,1,0,1,1,1,1,0,0,0,1,0,0,0,1,1,0,1,1,1,0
0,0,0,1,1,0,1,1,0,1,1,1,0,1,1,0,0,1,0,0,1,1,0,1,1,1,0,1,1,0,1,0,0,0,0,0,0,0,1,0,0,1
0,0,0,1,1,0,1,1,0,0,1,0,0,1,1,1,1,0,0,0,1,0,0,0,1,1,0,1,1,0,1,1,1,0,1,1,0,0,1,0,0,1
1,0,1,1,1,0,1,0,0,0,0,0,0,1,0,1,1,0,1,1,1,0,0,0,1,1,0,1,1,0,0,1,0,0,1,1,1,1,0,0,0,1
0,0,1,1,0,1,1,0,0,1,1,0,0,1,0,1,1,0,1,1,1,1,0,1,1,1,0,1,0,0,0,0,0,0,1,0,1,1,0,1,1,1
1,1,0,0,0,0,1,1,0,0,1,0,0,0,1,1,0,1,0,1,1,0,0,1,1,0,1,1,0,0,1,1,0,0,1,0,1,1,0,1,1,1
1,0,0,0,1,0,1,0,0,1,0,0,0,0,1,1,0,1,0,0,1,1,1,0,0,0,0,1,1,0,0,1,0,0,0,1,1,0,1,0,1,1
1,0,0,1,0,1,1,0,0,0,1,0,0,1,1,1,0,1,0,0,1,1,0,0,0,1,0,1,0,0,1,0,0,0,0,1,1,0,1,0,0,1
1,0,1,0,0,1,1,1,0,0,1,1,0,0,0,1,0,0,0,0,1,1,0,0,1,0,1,1,0,0,0,1,0,0,1,1,1,0,1,0,0,1
1,1,0,1,0,1,1,1,0,0,1,1,0,1,0,1,1,0,0,0,0,1,0,1,0,0,1,1,1,0,0,1,1,0,0,0,1,0,0,0,0,1
1,1,0,1,0,1,1,0,0,0,0,0,0,1,1,0,1,0,0,1,0,1,1,0,1,0,1,1,1,0,0,1,1,0,1,0,1,1,0,0,0,0
0,0,1,1,0,1,1,0,0,0,0,0,0,1,0,0,1,0,0,1,0,1,1,0,1,0,1,1,0,0,0,0,0,0,1,1,0,1,0,0,1,0
1,0,0,1,1,1,1,0,0,0,1,0,0,0,1,0,1,0,0,1,0,0,0,1,1,0,1,1,0,0,0,0,0,0,1,0,0,1,0,0,1,0
0,0,0,0,1,0,1,0,0,1,1,0,0,0,1,0,0,1,0,1,1,1,0,0,1,1,1,1,0,0,0,1,0,0,0,1,0,1,0,0,1,0
0,0,1,1,1,1,1,1,0,1,0,0,0,0,1,1,0,1,0,0,1,0,0,0,0,1,0,1,0,0,1,1,0,0,0,1,0,0,1,0,1,1
1,1,1,1,1,0,1,0,0,1,1,0,0,1,0,1,0,1,0,0,1,0,0,1,1,1,1,1,1,0,1,0,0,0,0,1,1,0,1,0,0,1
0,0,0,1,0,1,1,0,0,1,1,0,0,0,1,1,0,0,0,0,0,1,1,1,1,1,0,1,0,0,1,1,0,0,1,0,1,0,1,0,0,1
0,0,0,0,0,0,1,1,0,1,1,0,0,0,0,0,0,0,0,0,1,0,0,0,1,0,1,1,0,0,1,1,0,0,0,1,1,0,0,0,0,0
1,1,0,0,1,1,1,1,0,1,1,1,0,1,1,1,0,0,0,0,0,0,0,0,0,0,0,1,1,0,1,1,0,0,0,0,0,0,0,0,0,1
1,1,0,0,1,1,1,0,0,1,1,0,0,1,1,0,1,0,0,0,1,1,1,0,0,1,1,1,1,0,1,1,1,0,1,1,1,0,0,0,0,0
0,1,0,0,1,1,1,1,0,0,1,0,0,0,1,1,0,0,1,1,1,1,1,0,0,1,1,1,0,0,1,1,0,0,1,1,0,1,0,0,0,1
1,0,0,1,0,1,1,1,0,0,1,1,0,1,0,1,1,1,1,0,1,0,1,0,0,1,1,1,1,0,0,1,0,0,0,1,1,0,0,1,1,1
0,1,1,1,0,0,1,0,0,0,1,0,0,0,1,1,1,0,0,1,1,1,0,0,1,0,1,1,1,0,0,1,1,0,1,0,1,1,1,1,0,1
0,1,0,1,1,1,1,0,0,0,1,0,0,1,1,1,0,1,0,1,1,0,1,1,1,0,0,1,0,0,0,1,0,0,0,1,1,1,0,0,1,1
0,1,0,1,0,1,1,0,0,0,0,0,0,1,1,1,0,1,0,0,1,0,1,0,1,1,1,1,0,0,0,1,0,0,1,1,1,0,1,0,1,1
0,1,0,1,1,1,1,1,0,0,1,0,0,0,0,1,0,1,0,0,1,0,1,0,1,0,1,1,0,0,0,0,0,0,1,1,1,0,1,0,0,1
1,1,1,0,1,1,1,0,0,0,0,0,0,0,1,1,0,0,0,0,0,0,1,0,1,1,1,1,1,0,0,1,0,0,0,0,1,0,1,0,0,1
0,1,1,1,0,0,1,1,0,1,0,1,0,1,1,1,0,0,0,0,0,1,1,1,0,1,1,1,0,0,0,0,0,0,0,1,1,0,0,0,0,0
1,1,1,1,0,0,1,1,0,1,1,0,0,0,0,1,0,0,0,0,0,0,1,1,1,0,0,1,1,0,1,0,1,0,1,1,1,0,0,0,0,0
1,1,0,0,1,1,1,1,0,1,0,1,0,1,1,0,1,0,1,0,0,1,1,1,1,0,0,1,1,0,1,1,0,0,0,0,1,0,0,0,0,0
0,0,0,1,0,0,1,1,0,0,1,0,0,0,1,0,1,0,1,0,0,1,1,0,0,1,1,1,1,0,1,0,1,0,1,1,0,1,0,1,0,0
0,0,1,1,1,0,1,0,0,1,0,0,0,1,1,0,0,0,0,1,1,0,0,0,1,0,0,1,1,0,0,1,0,0,0,1,0,1,0,1,0,0
0,1,1,1,1,0,1,1,0,1,1,0,0,1,0,0,0,0,0,1,1,0,0,1,1,1,0,1,0,0,1,0,0,0,1,1,0,0,0,0,1,1
0,0,0,1,1,0,1,0,0,1,1,0,0,0,1,1,1,1,1,0,0,0,1,1,1,1,0,1,1,0,1,1,0,0,1,0,0,0,0,0,1,1
0,0,1,1,0,1,1,0,0,0,1,0,0,1,0,0,0,0,1,1,1,0,0,0,1,1,0,1,0,0,1,1,0,0,0,1,1,1,1,1,0,0
0,1,0,0,0,1,1,0,0,1,1,0,0,0,1,1,0,1,0,0,1,0,0,1,1,0,1,1,0,0,0,1,0,0,1,0,0,0,0,1,1,1
0,1,1,1,1,1,1,1,0,1,0,1,0,1,1,1,0,0,0,0,1,0,1,0,0,0,1,1,0,0,1,1,0,0,0,1,1,0,1,0,0,1
1,0,1,1,0,1,1,1,0,1,1,1,0,1,1,1,0,0,0,0,1,0,1,1,1,1,1,1,1,0,1,0,1,0,1,1,1,0,0,0,0,1
0,0,1,1,1,0,1,1,0,1,0,0,0,0,1,1,1,0,0,0,1,1,0,1,1,0,1,1,1,0,1,1,1,0,1,1,1,0,0,0,0,1
0,1,1,0,0,0,1,1,0,1,0,0,0,0,1,1,1,0,0,0,1,0,0,1,1,1,0,1,1,0,1,0,0,0,0,1,1,1,0,0,0,1
0,1,1,1,0,0,1,0,0,1,0,0,0,0,0,1,1,0,0,0,1,0,1,1,0,0,0,1,1,0,1,0,0,0,0,1,1,1,0,0,0,1
0,0,0,0,0,0,1,0,0,1,1,0,0,1,1,1,1,0,0,0,1,0,1,1,1,0,0,1,0,0,1,0,0,0,0,0,1,1,0,0,0,1
1,0,1,0,0,1,1,0,0,0,1,0,0,1,0,1,0,0,0,1,1,0,0,0,0,0,0,1,0,0,1,1,0,0,1,1,1,1,0,0,0,1
0,1,1,1,0,1,1,1,0,1,0,0,0,0,0,1,0,1,0,0,0,1,0,1,0,0,1,1,0,0,0,1,0,0,1,0,1,0,0,0,1,1
1,1,0,1,1,1,1,1,0,1,1,1,0,1,0,1,0,1,0,0,0,0,1,1,1,0,1,1,1,0,1,0,0,0,0,0,1,0,1,0,0,0
0,0,0,0,1,0,1,0,0,1,0,0,0,1,0,0,1,0,0,0,0,1,1,0,1,1,1,1,1,0,1,1,1,0,1,0,1,0,1,0,0,0
1,1,1,0,0,0,1,0,0,1,0,0,0,1,0,0,1,0,0,0,0,0,0,0,0,1,0,1,0,0,1,0,0,0,1,0,0,1,0,0,0,0
0,0,1,1,1,1,1,1,0,1,1,0,0,0,1,0,1,0,0,0,0,1,1,1,0,0,0,1,0,0,1,0,0,0,1,0,0,1,0,0,0,0
0,1,1,0,0,1,1,0,0,1,1,0,0,0,0,0,0,0,0,1,1,0,0,1,1,1,1,1,1,0,1,1,0,0,0,1,0,1,0,0,0,0
1,0,1,0,0,1,1,0,0,1,1,0,0,1,1,1,0,1,0,0,0,0,1,1,0,0,1,1,0,0,1,1,0,0,0,0,0,0,0,0,1,1
1,1,0,0,1,0,1,1,0,1,1,0,0,0,0,0,0,0,1,0,1,1,0,1,0,0,1,1,0,0,1,1,0,0,1,1,1,0,1,0,0,0
1,1,0,0,0,1,1,1,0,1,1,1,0,1,0,1,0,0,0,0,1,1,1,0,0,1,0,1,1,0,1,1,0,0,0,0,0,0,0,1,0,1
0,1,1,0,1,0,1,1,0,0,0,0,0,0,1,1,1,0,0,0,0,1,1,0,0,0,1,1,1,0,1,1,1,0,1,0,1,0,0,0,0,1
0,0,1,1,0,1,1,1,0,1,1,1,0,1,0,1,1,0,0,0,0,0,1,1,0,1,0,1,1,0,0,0,0,0,0,1,1,1,0,0,0,0
1,1,0,0,1,1,1,1,0,0,0,0,0,0,1,0,1,0,0,1,0,0,0,1,1,0,1,1,1,0,1,1,1,0,1,0,1,1,0,0,0,0
1,1,0,0,0,1,1,1,0,1,0,0,0,0,1,0,1,0,0,1,0,1,1,0,0,1,1,1,1,0,0,0,0,0,0,1,0,1,0,0,1,0
1,1,0,1,0,1,1,0,0,1,0,0,0,0,0,0,1,0,0,1,0,1,1,0,0,0,1,1,1,0,1,0,0,0,0,1,0,1,0,0,1,0
0,0,0,0,0,1,1,1,0,1,0,1,0,1,1,0,1,0,0,1,0,1,1,0,1,0,1,1,0,0,1,0,0,0,0,0,0,1,0,0,1,0
1,1,0,0,0,0,1,0,0,0,1,0,0,1,1,0,1,0,0,1,0,0,0,0,0,0,1,1,1,0,1,0,1,0,1,1,0,1,0,0,1,0
0,1,0,0,0,1,1,0,0,0,1,0,0,1,0,0,0,1,0,1,1,1,1,0,0,0,0,1,0,0,0,1,0,0,1,1,0,1,0,0,1,0
0,0,0,0,1,1,1,0,0,1,0,0,0,0,1,1,0,1,0,0,0,0,1,0,0,0,1,1,0,0,0,1,0,0,1,0,0,0,1,0,1,1
0,1,1,1,0,0,1,1,0,0,0,1,0,1,1,1,0,1,0,0,0,0,0,0,0,1,1,1,0,0,1,0,0,0,0,1,1,0,1,0,0,0
1,0,0,1,1,0,1,0,0,0,0,0,0,1,1,1,0,1,0,0,0,0,1,1,1,0,0,1,1,0,0,0,1,0,1,1,1,0,1,0,0,0
0,1,0,0,0,1,1,1,0,1,0,1,0,1,0,1,0,1,0,0,0,1,0,0,1,1,0,1,0,0,0,0,0,0,1,1,1,0,1,0,0,0
1,0,1,1,0,1,1,1,0,1,1,0,0,0,0,1,0,1,0,0,0,0,1,0,0,0,1,1,1,0,1,0,1,0,1,0,1,0,1,0,0,0
0,0,1,0,0,1,1,0,0,0,0,0,0,0,1,0,1,0,1,0,0,1,0,1,1,0,1,1,1,0,1,1,0,0,0,0,1,0,1,0,0,0
1,0,0,0,0,1,1,0,0,1,1,0,0,0,1,0,1,0,1,0,0,0,0,1,0,0,1,1,0,0,0,0,0,0,0,1,0,1,0,1,0,0
1,0,1,1,1,1,1,1,0,1,1,0,0,0,0,0,0,0,0,1,1,1,0,0,0,0,1,1,0,0,1,1,0,0,0,1,0,1,0,1,0,0
1,1,0,0,1,0,1,0,0,1,1,0,0,1,0,1,1,1,1,0,0,1,0,1,1,1,1,1,1,0,1,1,0,0,0,0,0,0,0,0,1,1
1,0,0,1,1,0,1,0,0,1,0,0,0,0,0,0,0,0,0,1,1,1,1,0,0,1,0,1,0,0,1,1,0,0,1,0,1,1,1,1,0,0
0,0,0,0,0,1,1,1,0,1,1,1,0,1,1,0,0,0,0,1,1,1,0,0,1,1,0,1,0,0,1,0,0,0,0,0,0,0,0,0,1,1
0,0,0,0,0,0,1,1,0,0,0,0,0,0,1,1,1,1,0,0,1,0,0,0,0,0,1,1,1,0,1,1,1,0,1,1,0,0,0,0,1,1
0,1,0,0,1,1,1,1,0,1,1,1,0,1,1,1,1,1,0,0,1,0,0,0,0,0,0,1,1,0,0,0,0,0,0,1,1,1,1,0,0,1
0,0,0,0,1,1,1,0,0,1,0,0,0,1,1,1,1,0,0,1,1,0,1,0,0,1,1,1,1,0,1,1,1,0,1,1,1,1,1,0,0,1
1,0,1,0,1,0,1,1,0,0,1,0,0,0,1,1,1,0,0,1,1,0,0,0,0,1,1,1,0,0,1,0,0,0,1,1,1,1,0,0,1,1
1,1,0,1,1,1,1,0,0,0,1,0,0,0,1,1,0,1,0,1,1,1,0,1,0,1,0,1,1,0,0,1,0,0,0,1,1,1,0,0,1,1
0,1,0,1,0,0,1,0,0,1,0,0,0,0,1,1,0,1,0,0,1,1,1,0,1,1,1,1,0,0,0,1,0,0,0,1,1,0,1,0,1,1
1,1,0,1,0,1,1,0,0,0,0,0,0,0,0,1,0,1,0,0,1,0,1,0,1,0,0,1,0,0,1,0,0,0,0,1,1,0,1,0,0,1
1,1,0,1,1,1,1,0,0,0,1,0,0,1,0,1,0,1,0,0,1,1,1,0,1,0,1,1,0,0,0,0,0,0,0,0,1,0,1,0,0,1
