clk,rst,data_in[0],data_in[1],data_in[2],data_in[3],data_in[4],data_in[5],data_in[6],data_in[7],we,rst_sync,data_out[0],data_out[1],data_out[2],data_out[3],data_out[4],data_out[5],data_out[6],data_out[7],[1]clk,[1]rst,[1]data_in[0],[1]data_in[1],[1]data_in[2],[1]data_in[3],[1]data_in[4],[1]data_in[5],[1]data_in[6],[1]data_in[7],[1]we,[1]rst_sync,[1]data_out[0],[1]data_out[1],[1]data_out[2],[1]data_out[3],[1]data_out[4],[1]data_out[5],[1]data_out[6],[1]data_out[7]
0,0,1,0,1,1,0,0,0,1,1,1,0,2,2,2,2,2,2,2,0,0,1,0,0,1,2,2,2,2,0,1,0,2,2,2,2,2,2,2
0,0,1,0,1,1,0,0,0,1,1,0,0,2,2,2,2,2,2,2,0,0,1,0,1,1,0,0,0,1,1,1,0,2,2,2,2,2,2,2
0,0,1,0,1,1,1,1,0,1,1,0,1,2,2,2,2,2,2,2,0,0,1,0,1,1,0,0,0,1,1,0,0,2,2,2,2,2,2,2
0,0,1,0,0,1,1,1,1,1,1,0,1,0,1,1,1,1,2,2,0,0,1,0,1,1,1,1,0,1,1,0,1,2,2,2,2,2,2,2
0,0,0,1,0,1,0,1,0,1,0,1,1,0,0,1,1,1,1,1,0,0,1,0,0,1,1,1,1,1,1,0,1,0,1,1,1,1,2,2
0,0,0,1,0,0,1,1,0,1,1,1,0,0,0,1,1,1,1,1,0,0,0,1,0,1,0,1,0,1,0,1,1,0,0,1,1,1,1,1
0,0,0,1,1,1,0,0,1,1,1,0,0,0,0,1,1,1,1,1,0,0,0,1,0,0,1,1,0,1,1,1,0,0,0,1,1,1,1,1
0,0,0,0,1,1,1,0,1,1,0,1,0,1,1,1,0,0,1,1,0,0,0,1,1,1,0,0,1,1,1,0,0,0,0,1,1,1,1,1
0,0,1,0,1,0,0,1,1,1,1,1,0,1,1,1,0,0,1,1,0,0,0,0,1,1,1,0,1,1,0,1,0,1,1,1,0,0,1,1
0,0,0,0,0,0,0,0,0,1,1,0,0,1,1,1,0,0,1,1,0,0,1,0,1,0,0,1,1,1,1,1,0,1,1,1,0,0,1,1
0,0,1,0,1,1,1,0,0,1,0,0,0,0,0,0,0,0,0,1,0,0,0,0,0,0,0,0,0,1,1,0,0,1,1,1,0,0,1,1
0,0,1,0,1,1,1,0,0,1,0,1,0,0,0,0,0,0,0,1,0,0,1,0,1,1,1,0,0,1,0,0,0,0,0,0,0,0,0,1
0,0,1,0,1,0,1,0,1,1,1,1,0,0,0,0,0,0,0,1,0,0,1,0,1,1,1,0,0,1,0,1,0,0,0,0,0,0,0,1
0,0,1,0,1,1,1,0,1,1,0,0,0,0,0,0,0,0,0,1,0,0,1,0,1,0,1,0,1,1,1,1,0,0,0,0,0,0,0,1
0,0,0,1,0,1,1,0,1,1,1,1,0,0,0,0,0,0,0,1,0,0,1,0,1,1,1,0,1,1,0,0,0,0,0,0,0,0,0,1
0,0,0,1,0,0,1,1,1,1,0,0,0,0,0,0,0,0,0,1,0,0,0,1,0,1,1,0,1,1,1,1,0,0,0,0,0,0,0,1
0,0,0,0,0,1,1,0,1,1,0,1,0,0,0,0,0,0,0,1,0,0,0,1,0,0,1,1,1,1,0,0,0,0,0,0,0,0,0,1
0,0,1,1,0,1,0,1,1,1,0,1,0,0,0,0,0,0,0,1,0,0,0,0,0,1,1,0,1,1,0,1,0,0,0,0,0,0,0,1
0,0,0,1,1,1,0,1,0,1,0,0,0,0,0,0,0,0,0,1,0,0,1,1,0,1,0,1,1,1,0,1,0,0,0,0,0,0,0,1
0,0,1,1,0,1,0,1,0,1,0,0,0,0,0,0,0,0,0,1,0,0,0,1,1,1,0,1,0,1,0,0,0,0,0,0,0,0,0,1
0,0,1,1,1,1,0,0,1,1,1,1,0,0,0,0,0,0,0,1,0,0,1,1,0,1,0,1,0,1,0,0,0,0,0,0,0,0,0,1
0,0,0,1,1,1,1,1,1,1,1,0,0,0,0,0,0,0,0,1,0,0,1,1,1,1,0,0,1,1,1,1,0,0,0,0,0,0,0,1
0,0,1,0,0,1,1,0,1,1,1,1,0,1,1,1,1,1,1,1,0,0,0,1,1,1,1,1,1,1,1,0,0,0,0,0,0,0,0,1
0,0,1,1,1,1,1,0,0,1,0,0,0,1,1,1,1,1,1,1,0,0,1,0,0,1,1,0,1,1,1,1,0,1,1,1,1,1,1,1
0,0,1,1,1,0,1,1,0,1,1,0,0,1,1,1,1,1,1,1,0,0,1,1,1,1,1,0,0,1,0,0,0,1,1,1,1,1,1,1
0,0,1,1,0,1,1,0,1,1,1,0,1,1,1,0,1,1,0,1,0,0,1,1,1,0,1,1,0,1,1,0,0,1,1,1,1,1,1,1
0,0,0,0,0,0,1,0,1,1,1,1,1,1,0,1,1,0,1,1,0,0,1,1,0,1,1,0,1,1,1,0,1,1,1,0,1,1,0,1
0,0,0,1,1,0,1,0,0,1,1,1,0,1,0,1,1,0,1,1,0,0,0,0,0,0,1,0,1,1,1,1,1,1,0,1,1,0,1,1
0,0,0,0,0,1,0,0,1,1,0,0,0,1,0,1,1,0,1,1,0,0,0,1,1,0,1,0,0,1,1,1,0,1,0,1,1,0,1,1
0,0,0,1,0,0,1,0,1,1,1,1,0,1,0,1,1,0,1,1,0,0,0,0,0,1,0,0,1,1,0,0,0,1,0,1,1,0,1,1
0,0,1,0,0,1,1,1,1,1,0,1,0,1,0,1,1,0,1,1,0,0,0,1,0,0,1,0,1,1,1,1,0,1,0,1,1,0,1,1
0,0,1,0,1,0,0,0,0,1,1,1,0,1,0,1,1,0,1,1,0,0,1,0,0,1,1,1,1,1,0,1,0,1,0,1,1,0,1,1
0,0,1,0,0,1,0,0,1,1,0,1,0,1,0,1,1,0,1,1,0,0,1,0,1,0,0,0,0,1,1,1,0,1,0,1,1,0,1,1
0,0,0,0,0,1,1,0,1,1,1,0,0,1,0,1,1,0,1,1,0,0,1,0,0,1,0,0,1,1,0,1,0,1,0,1,1,0,1,1
0,0,0,0,1,1,1,0,0,1,0,0,0,0,0,1,1,0,1,1,0,0,0,0,0,1,1,0,1,1,1,0,0,1,0,1,1,0,1,1
0,0,1,1,0,0,1,1,1,1,0,0,0,0,0,1,1,0,1,1,0,0,0,0,1,1,1,0,0,1,0,0,0,0,0,1,1,0,1,1
0,0,1,1,0,0,1,1,0,1,1,1,0,0,0,1,1,0,1,1,0,0,1,1,0,0,1,1,1,1,0,0,0,0,0,1,1,0,1,1
0,0,1,1,1,0,1,1,1,1,1,0,0,0,0,1,1,0,1,1,0,0,1,1,0,0,1,1,0,1,1,1,0,0,0,1,1,0,1,1
0,0,0,1,0,1,1,0,1,1,1,0,1,1,1,0,1,1,1,1,0,0,1,1,1,0,1,1,1,1,1,0,0,0,0,1,1,0,1,1
0,0,0,1,0,1,1,0,1,1,1,1,0,1,0,1,1,0,1,1,0,0,0,1,0,1,1,0,1,1,1,0,1,1,1,0,1,1,1,1
0,0,1,1,1,1,1,0,1,1,1,1,0,1,0,1,1,0,1,1,0,0,0,1,0,1,1,0,1,1,1,1,0,1,0,1,1,0,1,1
0,0,0,0,0,0,1,0,1,1,1,0,0,1,0,1,1,0,1,1,0,0,1,1,1,1,1,0,1,1,1,1,0,1,0,1,1,0,1,1
0,0,0,1,1,1,1,0,1,1,0,1,0,0,0,0,1,0,1,1,0,0,0,0,0,0,1,0,1,1,1,0,0,1,0,1,1,0,1,1
0,0,1,0,1,1,1,1,1,1,0,0,0,0,0,0,1,0,1,1,0,0,0,1,1,1,1,0,1,1,0,1,0,0,0,0,1,0,1,1
0,0,0,1,1,1,0,0,1,1,1,0,0,0,0,0,1,0,1,1,0,0,1,0,1,1,1,1,1,1,0,0,0,0,0,0,1,0,1,1
0,0,0,1,1,0,1,1,0,1,1,0,0,1,1,1,0,0,1,1,0,0,0,1,1,1,0,0,1,1,1,0,0,0,0,0,1,0,1,1
0,0,0,0,0,1,1,1,0,1,0,1,0,1,1,0,1,1,0,1,0,0,0,1,1,0,1,1,0,1,1,0,0,1,1,1,0,0,1,1
0,0,0,0,1,1,1,1,0,1,0,1,0,1,1,0,1,1,0,1,0,0,0,0,0,1,1,1,0,1,0,1,0,1,1,0,1,1,0,1
0,0,1,0,1,1,0,0,1,1,1,1,0,1,1,0,1,1,0,1,0,0,0,0,1,1,1,1,0,1,0,1,0,1,1,0,1,1,0,1
0,0,0,1,1,0,1,1,1,1,1,1,0,1,1,0,1,1,0,1,0,0,1,0,1,1,0,0,1,1,1,1,0,1,1,0,1,1,0,1
0,0,1,0,1,0,1,0,0,1,0,0,0,1,1,0,1,1,0,1,0,0,0,1,1,0,1,1,1,1,1,1,0,1,1,0,1,1,0,1
0,0,1,1,1,0,1,1,1,1,0,0,0,1,1,0,1,1,0,1,0,0,1,0,1,0,1,0,0,1,0,0,0,1,1,0,1,1,0,1
0,0,0,0,0,1,0,0,0,1,1,0,0,1,1,0,1,1,0,1,0,0,1,1,1,0,1,1,1,1,0,0,0,1,1,0,1,1,0,1
0,0,1,1,1,0,0,0,1,1,0,1,0,0,0,1,0,0,0,1,0,0,0,0,0,1,0,0,0,1,1,0,0,1,1,0,1,1,0,1
0,0,0,0,1,1,1,0,1,1,0,0,0,0,0,1,0,0,0,1,0,0,1,1,1,0,0,0,1,1,0,1,0,0,0,1,0,0,0,1
0,0,0,0,1,1,1,0,1,1,1,1,0,0,0,1,0,0,0,1,0,0,0,0,1,1,1,0,1,1,0,0,0,0,0,1,0,0,0,1
0,0,1,0,1,1,1,1,1,1,0,0,0,0,0,1,0,0,0,1,0,0,0,0,1,1,1,0,1,1,1,1,0,0,0,1,0,0,0,1
0,0,1,1,0,0,1,1,1,1,0,0,0,0,0,1,0,0,0,1,0,0,1,0,1,1,1,1,1,1,0,0,0,0,0,1,0,0,0,1
0,0,0,1,0,1,1,1,1,1,0,0,0,0,0,1,0,0,0,1,0,0,1,1,0,0,1,1,1,1,0,0,0,0,0,1,0,0,0,1
0,0,1,0,0,1,1,1,0,1,1,0,0,0,0,1,0,0,0,1,0,0,0,1,0,1,1,1,1,1,0,0,0,0,0,1,0,0,0,1
0,0,0,0,0,0,0,0,1,1,1,0,1,0,0,1,1,1,0,1,0,0,1,0,0,1,1,1,0,1,1,0,0,0,0,1,0,0,0,1
0,0,1,0,1,1,1,1,1,1,0,0,0,0,0,0,0,0,1,1,0,0,0,0,0,0,0,0,1,1,1,0,1,0,0,1,1,1,0,1
0,0,0,0,0,1,1,1,1,1,0,0,0,0,0,0,0,0,1,1,0,0,1,0,1,1,1,1,1,1,0,0,0,0,0,0,0,0,1,1
0,0,1,1,1,1,0,0,1,1,0,1,0,0,0,0,0,0,1,1,0,0,0,0,0,1,1,1,1,1,0,0,0,0,0,0,0,0,1,1
0,0,1,0,0,0,0,1,1,1,1,0,0,0,0,0,0,0,1,1,0,0,1,1,1,1,0,0,1,1,0,1,0,0,0,0,0,0,1,1
0,0,0,1,1,0,0,0,0,1,1,1,1,0,0,0,0,1,1,1,0,0,1,0,0,0,0,1,1,1,1,0,0,0,0,0,0,0,1,1
0,0,1,0,1,0,1,1,0,1,0,1,0,0,0,0,0,1,1,1,0,0,0,1,1,0,0,0,0,1,1,1,1,0,0,0,0,1,1,1
0,0,1,0,1,0,0,0,1,1,1,1,0,0,0,0,0,1,1,1,0,0,1,0,1,0,1,1,0,1,0,1,0,0,0,0,0,1,1,1
0,0,1,1,0,0,1,1,1,1,0,1,0,0,0,0,0,1,1,1,0,0,1,0,1,0,0,0,1,1,1,1,0,0,0,0,0,1,1,1
0,0,0,1,1,1,0,0,1,1,0,0,0,0,0,0,0,1,1,1,0,0,1,1,0,0,1,1,1,1,0,1,0,0,0,0,0,1,1,1
0,0,1,0,0,0,0,1,0,1,0,1,0,0,0,0,0,1,1,1,0,0,0,1,1,1,0,0,1,1,0,0,0,0,0,0,0,1,1,1
0,0,1,1,1,1,1,0,0,1,0,0,0,0,0,0,0,1,1,1,0,0,1,0,0,0,0,1,0,1,0,1,0,0,0,0,0,1,1,1
0,0,1,0,1,1,0,0,0,1,0,0,0,0,0,0,0,1,1,1,0,0,1,1,1,1,1,0,0,1,0,0,0,0,0,0,0,1,1,1
0,0,1,0,0,1,1,1,1,1,0,0,0,0,0,0,0,1,1,1,0,0,1,0,1,1,0,0,0,1,0,0,0,0,0,0,0,1,1,1
0,0,1,1,0,0,1,1,1,1,0,0,0,0,0,0,0,1,1,1,0,0,1,0,0,1,1,1,1,1,0,0,0,0,0,0,0,1,1,1
0,0,0,1,1,0,1,1,0,1,1,1,0,0,0,0,0,1,1,1,0,0,1,1,0,0,1,1,1,1,0,0,0,0,0,0,0,1,1,1
0,0,1,0,0,1,1,1,0,1,0,0,0,0,0,0,0,1,1,1,0,0,0,1,1,0,1,1,0,1,1,1,0,0,0,0,0,1,1,1
0,0,1,1,1,1,1,1,1,1,0,0,0,0,0,0,0,1,1,1,0,0,1,0,0,1,1,1,0,1,0,0,0,0,0,0,0,1,1,1
0,0,0,1,0,0,1,1,1,1,0,0,0,0,0,0,0,1,1,1,0,0,1,1,1,1,1,1,1,1,0,0,0,0,0,0,0,1,1,1
0,0,0,0,1,0,0,0,0,1,0,1,0,0,0,0,0,1,1,1,0,0,0,1,0,0,1,1,1,1,0,0,0,0,0,0,0,1,1,1
0,0,1,0,0,1,0,1,0,1,0,0,0,0,0,0,0,1,1,1,0,0,0,0,1,0,0,0,0,1,0,1,0,0,0,0,0,1,1,1
0,0,1,1,0,1,1,1,1,1,1,0,0,0,0,0,0,1,1,1,0,0,1,0,0,1,0,1,0,1,0,0,0,0,0,0,0,1,1,1
0,0,1,0,0,1,0,0,1,1,1,1,1,1,0,1,1,1,1,1,0,0,1,1,0,1,1,1,1,1,1,0,0,0,0,0,0,1,1,1
0,0,1,1,1,1,0,0,0,1,0,1,0,1,0,1,1,1,1,1,0,0,1,0,0,1,0,0,1,1,1,1,1,1,0,1,1,1,1,1
0,0,0,1,1,1,0,1,0,1,1,0,0,1,0,1,1,1,1,1,0,0,1,1,1,1,0,0,0,1,0,1,0,1,0,1,1,1,1,1
0,0,0,0,0,1,0,1,0,1,1,0,0,1,1,1,0,1,0,1,0,0,0,1,1,1,0,1,0,1,1,0,0,1,0,1,1,1,1,1
0,0,0,1,0,0,0,0,1,1,1,1,0,0,0,1,0,1,0,1,0,0,0,0,0,1,0,1,0,1,1,0,0,1,1,1,0,1,0,1
0,0,0,0,1,1,0,1,1,1,0,1,0,0,0,1,0,1,0,1,0,0,0,1,0,0,0,0,1,1,1,1,0,0,0,1,0,1,0,1
0,0,0,1,1,0,0,0,0,1,0,1,0,0,0,1,0,1,0,1,0,0,0,0,1,1,0,1,1,1,0,1,0,0,0,1,0,1,0,1
0,0,0,0,0,1,1,0,1,1,1,1,0,0,0,1,0,1,0,1,0,0,0,1,1,0,0,0,0,1,0,1,0,0,0,1,0,1,0,1
0,0,1,1,0,1,1,0,1,1,1,0,0,0,0,1,0,1,0,1,0,0,0,0,0,1,1,0,1,1,1,1,0,0,0,1,0,1,0,1
0,0,1,1,0,0,1,1,1,1,0,0,1,1,0,1,1,0,1,1,0,0,1,1,0,1,1,0,1,1,1,0,0,0,0,1,0,1,0,1
0,0,0,0,0,1,1,1,0,1,0,0,1,1,0,1,1,0,1,1,0,0,1,1,0,0,1,1,1,1,0,0,1,1,0,1,1,0,1,1
0,0,1,0,0,0,0,1,0,1,1,1,1,1,0,1,1,0,1,1,0,0,0,0,0,1,1,1,0,1,0,0,1,1,0,1,1,0,1,1
0,0,0,0,0,1,0,0,1,1,1,1,0,1,0,1,1,0,1,1,0,0,1,0,0,0,0,1,0,1,1,1,1,1,0,1,1,0,1,1
0,0,1,1,1,1,1,0,1,1,1,1,0,1,0,1,1,0,1,1,0,0,0,0,0,1,0,0,1,1,1,1,0,1,0,1,1,0,1,1
0,0,0,1,1,0,1,0,0,1,0,0,0,1,0,1,1,0,1,1,0,0,1,1,1,1,1,0,1,1,1,1,0,1,0,1,1,0,1,1
0,0,0,1,1,0,1,0,0,1,0,0,0,1,0,1,1,0,1,1,0,0,0,1,1,0,1,0,0,1,0,0,0,1,0,1,1,0,1,1
0,0,1,0,1,1,0,1,1,1,1,1,0,1,0,1,1,0,1,1,0,0,0,1,1,0,1,0,0,1,0,0,0,1,0,1,1,0,1,1
0,0,1,0,1,1,0,1,0,1,1,1,0,1,0,1,1,0,1,1,0,0,1,0,1,1,0,1,1,1,1,1,0,1,0,1,1,0,1,1
0,0,1,1,1,0,0,1,0,1,1,0,0,1,0,1,1,0,1,1,0,0,1,0,1,1,0,1,0,1,1,1,0,1,0,1,1,0,1,1
0,0,1,0,0,1,0,0,1,1,1,1,1,1,1,0,0,1,0,1,0,0,1,1,1,0,0,1,0,1,1,0,0,1,0,1,1,0,1,1
0,0,1,0,0,0,1,0,1,1,1,1,0,1,1,0,0,1,0,1,0,0,1,0,0,1,0,0,1,1,1,1,1,1,1,0,0,1,0,1
0,0,0,1,0,1,1,1,1,1,1,0,0,1,1,0,0,1,0,1,0,0,1,0,0,0,1,0,1,1,1,1,0,1,1,0,0,1,0,1
0,0,0,0,1,1,1,1,1,1,1,1,0,1,0,1,1,1,1,1,0,0,0,1,0,1,1,1,1,1,1,0,0,1,1,0,0,1,0,1
0,0,0,0,0,1,0,1,1,1,0,0,0,1,0,1,1,1,1,1,0,0,0,0,1,1,1,1,1,1,1,1,0,1,0,1,1,1,1,1
0,0,0,0,0,0,1,1,1,1,1,0,0,1,0,1,1,1,1,1,0,0,0,0,0,1,0,1,1,1,0,0,0,1,0,1,1,1,1,1
0,0,0,0,0,1,0,1,1,1,0,0,0,0,0,0,1,1,1,1,0,0,0,0,0,0,1,1,1,1,1,0,0,1,0,1,1,1,1,1
0,0,0,0,0,0,0,0,1,1,0,1,0,0,0,0,1,1,1,1,0,0,0,0,0,1,0,1,1,1,0,0,0,0,0,0,1,1,1,1
0,0,0,0,0,0,1,1,0,1,0,1,0,0,0,0,1,1,1,1,0,0,0,0,0,0,0,0,1,1,0,1,0,0,0,0,1,1,1,1
0,0,0,1,0,0,0,1,1,1,0,0,0,0,0,0,1,1,1,1,0,0,0,0,0,0,1,1,0,1,0,1,0,0,0,0,1,1,1,1
0,0,1,1,1,0,1,1,1,1,1,1,0,0,0,0,1,1,1,1,0,0,0,1,0,0,0,1,1,1,0,0,0,0,0,0,1,1,1,1
0,0,0,1,1,0,0,0,0,1,1,1,0,0,0,0,1,1,1,1,0,0,1,1,1,0,1,1,1,1,1,1,0,0,0,0,1,1,1,1
0,0,1,0,1,1,0,0,0,1,1,1,0,0,0,0,1,1,1,1,0,0,0,1,1,0,0,0,0,1,1,1,0,0,0,0,1,1,1,1
0,0,0,0,1,1,0,1,0,1,0,1,0,0,0,0,1,1,1,1,0,0,1,0,1,1,0,0,0,1,1,1,0,0,0,0,1,1,1,1
0,0,1,1,0,1,1,1,0,1,0,1,0,0,0,0,1,1,1,1,0,0,0,0,1,1,0,1,0,1,0,1,0,0,0,0,1,1,1,1
0,0,0,1,1,1,1,0,0,1,0,1,0,0,0,0,1,1,1,1,0,0,1,1,0,1,1,1,0,1,0,1,0,0,0,0,1,1,1,1
0,0,0,0,0,0,0,1,0,1,0,1,0,0,0,0,1,1,1,1,0,0,0,1,1,1,1,0,0,1,0,1,0,0,0,0,1,1,1,1
0,0,0,0,1,0,1,1,0,1,0,0,0,0,0,0,1,1,1,1,0,0,0,0,0,0,0,1,0,1,0,1,0,0,0,0,1,1,1,1
0,0,1,1,0,1,0,0,1,1,1,1,0,0,0,0,1,1,1,1,0,0,0,0,1,0,1,1,0,1,0,0,0,0,0,0,1,1,1,1
0,0,1,0,1,1,1,1,1,1,1,0,0,0,0,0,1,1,1,1,0,0,1,1,0,1,0,0,1,1,1,1,0,0,0,0,1,1,1,1
0,0,1,1,1,1,1,1,1,1,1,1,1,0,1,1,1,1,1,1,0,0,1,0,1,1,1,1,1,1,1,0,0,0,0,0,1,1,1,1
0,0,1,0,0,0,1,1,0,1,1,1,0,0,1,1,1,1,1,1,0,0,1,1,1,1,1,1,1,1,1,1,1,0,1,1,1,1,1,1
0,0,0,0,0,0,0,1,1,1,0,1,0,0,1,1,1,1,1,1,0,0,1,0,0,0,1,1,0,1,1,1,0,0,1,1,1,1,1,1
0,0,0,0,0,1,1,1,1,1,1,0,0,0,1,1,1,1,1,1,0,0,0,0,0,0,0,1,1,1,0,1,0,0,1,1,1,1,1,1
0,0,0,0,1,0,0,0,0,1,1,0,0,0,0,1,1,1,1,1,0,0,0,0,0,1,1,1,1,1,1,0,0,0,1,1,1,1,1,1
0,0,0,0,0,0,1,0,0,1,0,0,0,0,1,0,0,0,0,1,0,0,0,0,1,0,0,0,0,1,1,0,0,0,0,1,1,1,1,1
0,0,0,0,1,0,0,0,0,1,1,0,0,0,1,0,0,0,0,1,0,0,0,0,0,0,1,0,0,1,0,0,0,0,1,0,0,0,0,1
0,0,0,0,0,0,0,1,1,1,0,0,0,0,1,0,0,0,0,1,0,0,0,0,1,0,0,0,0,1,1,0,0,0,1,0,0,0,0,1
0,0,0,1,1,0,0,1,0,1,0,1,0,0,1,0,0,0,0,1,0,0,0,0,0,0,0,1,1,1,0,0,0,0,1,0,0,0,0,1
0,0,0,1,0,0,0,1,0,1,1,0,0,0,1,0,0,0,0,1,0,0,0,1,1,0,0,1,0,1,0,1,0,0,1,0,0,0,0,1
0,0,1,0,1,1,1,1,0,1,1,0,0,1,0,0,0,1,0,1,0,0,0,1,0,0,0,1,0,1,1,0,0,0,1,0,0,0,0,1
0,0,1,1,1,0,0,0,1,1,1,0,1,0,1,1,1,1,0,1,0,0,1,0,1,1,1,1,0,1,1,0,0,1,0,0,0,1,0,1
0,0,0,0,1,0,1,1,0,1,0,1,1,1,1,0,0,0,1,1,0,0,1,1,1,0,0,0,1,1,1,0,1,0,1,1,1,1,0,1
0,0,0,0,1,1,0,0,0,1,0,0,0,1,1,0,0,0,1,1,0,0,0,0,1,0,1,1,0,1,0,1,1,1,1,0,0,0,1,1
0,0,1,0,0,0,1,0,0,1,1,0,0,1,1,0,0,0,1,1,0,0,0,0,1,1,0,0,0,1,0,0,0,1,1,0,0,0,1,1
0,0,1,1,0,0,1,1,1,1,0,1,1,0,0,0,1,0,1,1,0,0,1,0,0,0,1,0,0,1,1,0,0,1,1,0,0,0,1,1
0,0,0,0,1,0,0,1,0,1,0,1,0,0,0,0,1,0,1,1,0,0,1,1,0,0,1,1,1,1,0,1,1,0,0,0,1,0,1,1
0,0,1,1,1,1,1,0,1,1,1,1,0,0,0,0,1,0,1,1,0,0,0,0,1,0,0,1,0,1,0,1,0,0,0,0,1,0,1,1
0,0,1,0,1,1,1,0,0,1,0,1,0,0,0,0,1,0,1,1,0,0,1,1,1,1,1,0,1,1,1,1,0,0,0,0,1,0,1,1
0,0,1,0,0,1,0,0,1,1,0,0,0,0,0,0,1,0,1,1,0,0,1,0,1,1,1,0,0,1,0,1,0,0,0,0,1,0,1,1
0,0,0,0,1,1,1,0,1,1,1,0,0,0,0,0,1,0,1,1,0,0,1,0,0,1,0,0,1,1,0,0,0,0,0,0,1,0,1,1
0,0,0,1,0,1,0,1,1,1,1,1,0,0,1,1,1,0,1,1,0,0,0,0,1,1,1,0,1,1,1,0,0,0,0,0,1,0,1,1
0,0,0,1,0,1,1,1,1,1,0,1,0,0,1,1,1,0,1,1,0,0,0,1,0,1,0,1,1,1,1,1,0,0,1,1,1,0,1,1
0,0,1,0,0,1,1,1,1,1,0,1,0,0,1,1,1,0,1,1,0,0,0,1,0,1,1,1,1,1,0,1,0,0,1,1,1,0,1,1
0,0,1,0,0,1,1,0,1,1,0,0,0,0,1,1,1,0,1,1,0,0,1,0,0,1,1,1,1,1,0,1,0,0,1,1,1,0,1,1
0,0,1,1,1,0,1,0,0,1,0,0,0,0,1,1,1,0,1,1,0,0,1,0,0,1,1,0,1,1,0,0,0,0,1,1,1,0,1,1
0,0,1,1,0,1,1,1,0,1,1,0,0,0,1,1,1,0,1,1,0,0,1,1,1,0,1,0,0,1,0,0,0,0,1,1,1,0,1,1
0,0,1,0,0,1,0,1,1,1,0,1,1,1,0,1,1,1,0,1,0,0,1,1,0,1,1,1,0,1,1,0,0,0,1,1,1,0,1,1
0,0,1,0,1,0,0,0,1,1,0,1,0,1,0,1,1,1,0,1,0,0,1,0,0,1,0,1,1,1,0,1,1,1,0,1,1,1,0,1
0,0,1,0,0,0,1,0,1,1,1,0,0,1,0,1,1,1,0,1,0,0,1,0,1,0,0,0,1,1,0,1,0,1,0,1,1,1,0,1
0,0,0,1,0,1,0,0,1,1,1,1,1,0,0,0,1,0,1,1,0,0,1,0,0,0,1,0,1,1,1,0,0,1,0,1,1,1,0,1
0,0,0,0,1,0,0,0,1,1,0,1,0,0,0,0,1,0,1,1,0,0,0,1,0,1,0,0,1,1,1,1,1,0,0,0,1,0,1,1
0,0,0,1,1,0,0,0,0,1,0,1,0,0,0,0,1,0,1,1,0,0,0,0,1,0,0,0,1,1,0,1,0,0,0,0,1,0,1,1
0,0,1,0,1,0,1,1,0,1,0,1,0,0,0,0,1,0,1,1,0,0,0,1,1,0,0,0,0,1,0,1,0,0,0,0,1,0,1,1
0,0,0,1,1,0,1,1,1,1,0,1,0,0,0,0,1,0,1,1,0,0,1,0,1,0,1,1,0,1,0,1,0,0,0,0,1,0,1,1
0,0,1,1,1,0,1,1,1,1,1,1,0,0,0,0,1,0,1,1,0,0,0,1,1,0,1,1,1,1,0,1,0,0,0,0,1,0,1,1
0,0,0,1,0,0,0,0,1,1,1,0,0,0,0,0,1,0,1,1,0,0,1,1,1,0,1,1,1,1,1,1,0,0,0,0,1,0,1,1
0,0,1,1,1,1,0,1,0,1,1,0,0,1,0,0,0,0,1,1,0,0,0,1,0,0,0,0,1,1,1,0,0,0,0,0,1,0,1,1
0,0,1,0,0,1,0,1,1,1,0,1,1,1,1,1,0,1,0,1,0,0,1,1,1,1,0,1,0,1,1,0,0,1,0,0,0,0,1,1
0,0,1,1,1,1,0,1,1,1,0,0,0,1,1,1,0,1,0,1,0,0,1,0,0,1,0,1,1,1,0,1,1,1,1,1,0,1,0,1
0,0,0,1,1,1,0,1,1,1,1,1,0,1,1,1,0,1,0,1,0,0,1,1,1,1,0,1,1,1,0,0,0,1,1,1,0,1,0,1
0,0,0,0,0,1,0,1,1,1,0,1,0,1,1,1,0,1,0,1,0,0,0,1,1,1,0,1,1,1,1,1,0,1,1,1,0,1,0,1
0,0,1,0,0,0,0,1,1,1,0,1,0,1,1,1,0,1,0,1,0,0,0,0,0,1,0,1,1,1,0,1,0,1,1,1,0,1,0,1
0,0,1,0,0,0,0,0,0,1,1,0,0,1,1,1,0,1,0,1,0,0,1,0,0,0,0,1,1,1,0,1,0,1,1,1,0,1,0,1
0,0,0,0,0,0,1,1,1,1,1,0,1,0,0,0,0,0,0,1,0,0,1,0,0,0,0,0,0,1,1,0,0,1,1,1,0,1,0,1
0,0,1,0,0,0,1,1,1,1,0,1,0,0,0,0,1,1,1,1,0,0,0,0,0,0,1,1,1,1,1,0,1,0,0,0,0,0,0,1
0,0,0,1,0,0,0,1,1,1,1,0,0,0,0,0,1,1,1,1,0,0,1,0,0,0,1,1,1,1,0,1,0,0,0,0,1,1,1,1
0,0,1,1,1,1,0,1,1,1,0,1,0,1,0,0,0,1,1,1,0,0,0,1,0,0,0,1,1,1,1,0,0,0,0,0,1,1,1,1
0,0,0,1,0,1,0,0,1,1,1,1,0,1,0,0,0,1,1,1,0,0,1,1,1,1,0,1,1,1,0,1,0,1,0,0,0,1,1,1
0,0,1,1,0,0,1,0,1,1,1,1,0,1,0,0,0,1,1,1,0,0,0,1,0,1,0,0,1,1,1,1,0,1,0,0,0,1,1,1
0,0,1,1,1,0,1,1,0,1,1,1,0,1,0,0,0,1,1,1,0,0,1,1,0,0,1,0,1,1,1,1,0,1,0,0,0,1,1,1
0,0,1,0,0,0,1,1,1,1,1,0,0,1,0,0,0,1,1,1,0,0,1,1,1,0,1,1,0,1,1,1,0,1,0,0,0,1,1,1
0,0,0,1,0,1,0,1,1,1,0,0,1,0,0,0,1,1,1,1,0,0,1,0,0,0,1,1,1,1,1,0,0,1,0,0,0,1,1,1
0,0,1,0,1,0,0,1,1,1,1,1,1,0,0,0,1,1,1,1,0,0,0,1,0,1,0,1,1,1,0,0,1,0,0,0,1,1,1,1
0,0,1,0,0,0,0,0,1,1,1,1,0,0,0,0,1,1,1,1,0,0,1,0,1,0,0,1,1,1,1,1,1,0,0,0,1,1,1,1
0,0,1,0,1,1,0,0,1,1,1,1,0,0,0,0,1,1,1,1,0,0,1,0,0,0,0,0,1,1,1,1,0,0,0,0,1,1,1,1
0,0,0,1,0,0,0,1,0,1,0,0,0,0,0,0,1,1,1,1,0,0,1,0,1,1,0,0,1,1,1,1,0,0,0,0,1,1,1,1
0,0,0,0,1,1,1,0,1,1,1,0,0,0,0,0,1,1,1,1,0,0,0,1,0,0,0,1,0,1,0,0,0,0,0,0,1,1,1,1
0,0,1,0,1,0,0,1,1,1,0,1,0,0,1,1,1,0,1,1,0,0,0,0,1,1,1,0,1,1,1,0,0,0,0,0,1,1,1,1
0,0,0,0,1,1,1,0,1,1,0,0,0,0,1,1,1,0,1,1,0,0,1,0,1,0,0,1,1,1,0,1,0,0,1,1,1,0,1,1
0,0,0,0,0,1,0,0,1,1,1,1,0,0,1,1,1,0,1,1,0,0,0,0,1,1,1,0,1,1,0,0,0,0,1,1,1,0,1,1
0,0,1,1,0,0,1,1,1,1,1,0,0,0,1,1,1,0,1,1,0,0,0,0,0,1,0,0,1,1,1,1,0,0,1,1,1,0,1,1
0,0,0,0,1,0,1,0,1,1,0,0,1,1,0,0,1,1,1,1,0,0,1,1,0,0,1,1,1,1,1,0,0,0,1,1,1,0,1,1
0,0,1,1,0,0,1,1,0,1,1,1,1,1,0,0,1,1,1,1,0,0,0,0,1,0,1,0,1,1,0,0,1,1,0,0,1,1,1,1
0,0,0,0,1,1,1,1,0,1,0,1,0,1,0,0,1,1,1,1,0,0,1,1,0,0,1,1,0,1,1,1,1,1,0,0,1,1,1,1
0,0,1,0,1,0,1,1,0,1,1,0,0,1,0,0,1,1,1,1,0,0,0,0,1,1,1,1,0,1,0,1,0,1,0,0,1,1,1,1
0,0,0,1,1,0,1,1,0,1,1,0,1,0,1,0,1,1,1,1,0,0,1,0,1,0,1,1,0,1,1,0,0,1,0,0,1,1,1,1
0,0,1,0,1,1,0,0,0,1,0,0,0,1,1,0,1,1,1,1,0,0,0,1,1,0,1,1,0,1,1,0,1,0,1,0,1,1,1,1
0,0,0,0,0,0,1,0,0,1,1,0,0,1,1,0,1,1,1,1,0,0,1,0,1,1,0,0,0,1,0,0,0,1,1,0,1,1,1,1
0,0,1,1,0,1,1,1,1,1,1,0,0,0,0,0,1,0,0,1,0,0,0,0,0,0,1,0,0,1,1,0,0,1,1,0,1,1,1,1
0,0,1,0,1,1,1,1,1,1,0,1,1,1,0,1,1,1,1,1,0,0,1,1,0,1,1,1,1,1,1,0,0,0,0,0,1,0,0,1
0,0,1,0,0,1,0,1,1,1,0,1,0,1,0,1,1,1,1,1,0,0,1,0,1,1,1,1,1,1,0,1,1,1,0,1,1,1,1,1
0,0,0,0,0,0,0,0,1,1,0,0,0,1,0,1,1,1,1,1,0,0,1,0,0,1,0,1,1,1,0,1,0,1,0,1,1,1,1,1
0,0,1,0,1,1,0,0,1,1,0,1,0,1,0,1,1,1,1,1,0,0,0,0,0,0,0,0,1,1,0,0,0,1,0,1,1,1,1,1
0,0,1,0,1,1,1,0,1,1,1,1,0,1,0,1,1,1,1,1,0,0,1,0,1,1,0,0,1,1,0,1,0,1,0,1,1,1,1,1
0,0,0,0,1,1,1,1,0,1,0,0,0,1,0,1,1,1,1,1,0,0,1,0,1,1,1,0,1,1,1,1,0,1,0,1,1,1,1,1
0,0,0,1,0,1,1,1,1,1,0,0,0,1,0,1,1,1,1,1,0,0,0,0,1,1,1,1,0,1,0,0,0,1,0,1,1,1,1,1
0,0,1,1,0,0,1,0,0,1,0,1,0,1,0,1,1,1,1,1,0,0,0,1,0,1,1,1,1,1,0,0,0,1,0,1,1,1,1,1
0,0,1,0,1,0,0,0,1,1,1,1,0,1,0,1,1,1,1,1,0,0,1,1,0,0,1,0,0,1,0,1,0,1,0,1,1,1,1,1
0,0,0,1,1,0,0,1,1,1,1,1,0,1,0,1,1,1,1,1,0,0,1,0,1,0,0,0,1,1,1,1,0,1,0,1,1,1,1,1
0,0,0,0,0,0,1,0,0,1,0,0,0,1,0,1,1,1,1,1,0,0,0,1,1,0,0,1,1,1,1,1,0,1,0,1,1,1,1,1
0,0,1,0,0,1,1,1,0,1,0,0,0,1,0,1,1,1,1,1,0,0,0,0,0,0,1,0,0,1,0,0,0,1,0,1,1,1,1,1
0,0,1,1,1,1,0,1,1,1,1,0,0,1,0,1,1,1,1,1,0,0,1,0,0,1,1,1,0,1,0,0,0,1,0,1,1,1,1,1
0,0,1,0,1,1,0,0,0,1,0,1,1,1,1,1,0,1,1,1,0,0,1,1,1,1,0,1,1,1,1,0,0,1,0,1,1,1,1,1
0,0,0,0,1,1,1,0,1,1,1,0,0,1,1,1,0,1,1,1,0,0,1,0,1,1,0,0,0,1,0,1,1,1,1,1,0,1,1,1
0,0,1,0,1,0,0,1,0,1,0,1,0,0,1,1,1,0,1,1,0,0,0,0,1,1,1,0,1,1,1,0,0,1,1,1,0,1,1,1
0,0,0,0,0,1,1,0,1,1,0,1,0,0,1,1,1,0,1,1,0,0,1,0,1,0,0,1,0,1,0,1,0,0,1,1,1,0,1,1
0,0,0,1,1,1,1,0,1,1,0,0,0,0,1,1,1,0,1,1,0,0,0,0,0,1,1,0,1,1,0,1,0,0,1,1,1,0,1,1
0,0,1,0,1,0,0,0,1,1,0,0,0,0,1,1,1,0,1,1,0,0,0,1,1,1,1,0,1,1,0,0,0,0,1,1,1,0,1,1
0,0,1,1,0,0,0,0,1,1,0,0,0,0,1,1,1,0,1,1,0,0,1,0,1,0,0,0,1,1,0,0,0,0,1,1,1,0,1,1
0,0,1,0,0,1,0,1,1,1,0,0,0,0,1,1,1,0,1,1,0,0,1,1,0,0,0,0,1,1,0,0,0,0,1,1,1,0,1,1
0,0,0,0,0,1,1,1,1,1,1,1,0,0,1,1,1,0,1,1,0,0,1,0,0,1,0,1,1,1,0,0,0,0,1,1,1,0,1,1
0,0,1,1,1,1,0,1,1,1,0,1,0,0,1,1,1,0,1,1,0,0,0,0,0,1,1,1,1,1,1,1,0,0,1,1,1,0,1,1
0,0,0,0,0,1,0,1,1,1,1,1,0,0,1,1,1,0,1,1,0,0,1,1,1,1,0,1,1,1,0,1,0,0,1,1,1,0,1,1
0,0,1,1,0,1,0,1,0,1,1,1,0,0,1,1,1,0,1,1,0,0,0,0,0,1,0,1,1,1,1,1,0,0,1,1,1,0,1,1
0,0,1,0,1,1,1,0,1,1,1,0,0,0,1,1,1,0,1,1,0,0,1,1,0,1,0,1,0,1,1,1,0,0,1,1,1,0,1,1
0,0,1,1,1,0,1,0,1,1,0,0,1,0,1,1,1,0,1,1,0,0,1,0,1,1,1,0,1,1,1,0,0,0,1,1,1,0,1,1
0,0,1,0,0,1,1,1,1,1,0,0,1,0,1,1,1,0,1,1,0,0,1,1,1,0,1,0,1,1,0,0,1,0,1,1,1,0,1,1
0,0,0,1,0,1,0,1,0,1,0,0,1,0,1,1,1,0,1,1,0,0,1,0,0,1,1,1,1,1,0,0,1,0,1,1,1,0,1,1
0,0,0,0,1,1,0,0,0,1,0,0,1,0,1,1,1,0,1,1,0,0,0,1,0,1,0,1,0,1,0,0,1,0,1,1,1,0,1,1
0,0,0,0,1,1,1,1,0,1,1,1,1,0,1,1,1,0,1,1,0,0,0,0,1,1,0,0,0,1,0,0,1,0,1,1,1,0,1,1
0,0,1,0,0,0,0,0,1,1,0,1,0,0,1,1,1,0,1,1,0,0,0,0,1,1,1,1,0,1,1,1,1,0,1,1,1,0,1,1
0,0,1,0,0,1,0,0,0,1,1,1,0,0,1,1,1,0,1,1,0,0,1,0,0,0,0,0,1,1,0,1,0,0,1,1,1,0,1,1
0,0,0,0,0,0,1,1,0,1,1,1,0,0,1,1,1,0,1,1,0,0,1,0,0,1,0,0,0,1,1,1,0,0,1,1,1,0,1,1
0,0,0,1,0,0,0,0,0,1,1,0,0,0,1,1,1,0,1,1,0,0,0,0,0,0,1,1,0,1,1,1,0,0,1,1,1,0,1,1
0,0,1,1,1,0,1,0,1,1,0,1,0,1,0,0,0,0,0,1,0,0,0,1,0,0,0,0,0,1,1,0,0,0,1,1,1,0,1,1
0,0,1,0,1,1,0,0,1,1,0,1,0,1,0,0,0,0,0,1,0,0,1,1,1,0,1,0,1,1,0,1,0,1,0,0,0,0,0,1
0,0,0,0,0,1,1,0,0,1,1,0,0,1,0,0,0,0,0,1,0,0,1,0,1,1,0,0,1,1,0,1,0,1,0,0,0,0,0,1
0,0,1,0,1,0,0,1,1,1,0,0,0,0,0,1,1,0,0,1,0,0,0,0,0,1,1,0,0,1,1,0,0,1,0,0,0,0,0,1
0,0,0,1,1,1,1,1,1,1,1,1,0,0,0,1,1,0,0,1,0,0,1,0,1,0,0,1,1,1,0,0,0,0,0,1,1,0,0,1
0,0,0,0,0,1,0,1,1,1,1,0,0,0,0,1,1,0,0,1,0,0,0,1,1,1,1,1,1,1,1,1,0,0,0,1,1,0,0,1
0,0,0,1,1,1,0,1,1,1,0,0,0,0,0,1,0,1,1,1,0,0,0,0,0,1,0,1,1,1,1,0,0,0,0,1,1,0,0,1
0,0,1,0,1,0,0,0,1,1,0,0,0,0,0,1,0,1,1,1,0,0,0,1,1,1,0,1,1,1,0,0,0,0,0,1,0,1,1,1
0,0,1,1,0,0,1,1,1,1,0,0,0,0,0,1,0,1,1,1,0,0,1,0,1,0,0,0,1,1,0,0,0,0,0,1,0,1,1,1
0,0,1,1,1,0,1,1,1,1,1,1,0,0,0,1,0,1,1,1,0,0,1,1,0,0,1,1,1,1,0,0,0,0,0,1,0,1,1,1
0,0,0,1,0,1,0,1,1,1,1,0,0,0,0,1,0,1,1,1,0,0,1,1,1,0,1,1,1,1,1,1,0,0,0,1,0,1,1,1
0,0,1,1,0,1,0,0,1,1,0,0,0,1,0,1,0,1,1,1,0,0,0,1,0,1,0,1,1,1,1,0,0,0,0,1,0,1,1,1
0,0,0,0,1,0,1,1,1,1,1,0,0,1,0,1,0,1,1,1,0,0,1,1,0,1,0,0,1,1,0,0,0,1,0,1,0,1,1,1
0,0,1,0,1,0,0,0,0,1,1,1,0,0,1,0,1,1,1,1,0,0,0,0,1,0,1,1,1,1,1,0,0,1,0,1,0,1,1,1
0,0,0,0,0,0,0,1,1,1,1,1,0,0,1,0,1,1,1,1,0,0,1,0,1,0,0,0,0,1,1,1,0,0,1,0,1,1,1,1
0,0,1,1,1,0,1,1,1,1,0,0,0,0,1,0,1,1,1,1,0,0,0,0,0,0,0,1,1,1,1,1,0,0,1,0,1,1,1,1
0,0,0,1,1,1,1,1,1,1,0,1,0,0,1,0,1,1,1,1,0,0,1,1,1,0,1,1,1,1,0,0,0,0,1,0,1,1,1,1
0,0,0,0,0,0,1,0,1,1,0,0,0,0,1,0,1,1,1,1,0,0,0,1,1,1,1,1,1,1,0,1,0,0,1,0,1,1,1,1
0,0,0,0,0,1,1,1,1,1,0,1,0,0,1,0,1,1,1,1,0,0,0,0,0,0,1,0,1,1,0,0,0,0,1,0,1,1,1,1
0,0,0,0,0,1,1,0,0,1,1,1,0,0,1,0,1,1,1,1,0,0,0,0,0,1,1,1,1,1,0,1,0,0,1,0,1,1,1,1
0,0,0,1,0,1,1,1,1,1,1,1,0,0,1,0,1,1,1,1,0,0,0,0,0,1,1,0,0,1,1,1,0,0,1,0,1,1,1,1
0,0,1,1,0,1,0,1,1,1,1,0,0,0,1,0,1,1,1,1,0,0,0,1,0,1,1,1,1,1,1,1,0,0,1,0,1,1,1,1
0,0,0,0,1,1,0,1,1,1,1,0,1,1,0,1,0,1,1,1,0,0,1,1,0,1,0,1,1,1,1,0,0,0,1,0,1,1,1,1
0,0,0,0,0,0,0,0,1,1,1,1,0,0,1,1,0,1,1,1,0,0,0,0,1,1,0,1,1,1,1,0,1,1,0,1,0,1,1,1
0,0,0,0,0,0,0,0,0,1,0,0,0,0,1,1,0,1,1,1,0,0,0,0,0,0,0,0,1,1,1,1,0,0,1,1,0,1,1,1
0,0,1,0,1,1,0,1,1,1,1,1,0,0,1,1,0,1,1,1,0,0,0,0,0,0,0,0,0,1,0,0,0,0,1,1,0,1,1,1
0,0,1,1,1,0,0,1,1,1,0,0,0,0,1,1,0,1,1,1,0,0,1,0,1,1,0,1,1,1,1,1,0,0,1,1,0,1,1,1
0,0,1,1,0,1,0,1,0,1,1,1,0,0,1,1,0,1,1,1,0,0,1,1,1,0,0,1,1,1,0,0,0,0,1,1,0,1,1,1
0,0,1,0,0,1,0,0,1,1,0,0,0,0,1,1,0,1,1,1,0,0,1,1,0,1,0,1,0,1,1,1,0,0,1,1,0,1,1,1
0,0,0,1,1,1,0,0,1,1,1,0,0,0,1,1,0,1,1,1,0,0,1,0,0,1,0,0,1,1,0,0,0,0,1,1,0,1,1,1
0,0,1,1,0,1,1,0,1,1,1,0,0,1,1,1,0,0,1,1,0,0,0,1,1,1,0,0,1,1,1,0,0,0,1,1,0,1,1,1
0,0,1,0,1,0,1,1,0,1,0,1,1,1,0,1,1,0,1,1,0,0,1,1,0,1,1,0,1,1,1,0,0,1,1,1,0,0,1,1
0,0,0,1,0,0,0,0,0,1,0,0,0,1,0,1,1,0,1,1,0,0,1,0,1,0,1,1,0,1,0,1,1,1,0,1,1,0,1,1
0,0,1,1,0,0,0,1,0,1,0,0,0,1,0,1,1,0,1,1,0,0,0,1,0,0,0,0,0,1,0,0,0,1,0,1,1,0,1,1
0,0,0,1,0,1,0,1,1,1,0,1,0,1,0,1,1,0,1,1,0,0,1,1,0,0,0,1,0,1,0,0,0,1,0,1,1,0,1,1
0,0,1,1,0,1,1,0,1,1,0,0,0,1,0,1,1,0,1,1,0,0,0,1,0,1,0,1,1,1,0,1,0,1,0,1,1,0,1,1
0,0,1,1,1,0,1,1,1,1,0,0,0,1,0,1,1,0,1,1,0,0,1,1,0,1,1,0,1,1,0,0,0,1,0,1,1,0,1,1
0,0,1,0,0,0,1,0,1,1,0,1,0,1,0,1,1,0,1,1,0,0,1,1,1,0,1,1,1,1,0,0,0,1,0,1,1,0,1,1
0,0,1,0,1,0,1,1,1,1,1,1,0,1,0,1,1,0,1,1,0,0,1,0,0,0,1,0,1,1,0,1,0,1,0,1,1,0,1,1
0,0,1,1,1,1,0,0,1,1,0,1,0,1,0,1,1,0,1,1,0,0,1,0,1,0,1,1,1,1,1,1,0,1,0,1,1,0,1,1
0,0,1,0,1,1,1,0,1,1,0,0,0,1,0,1,1,0,1,1,0,0,1,1,1,1,0,0,1,1,0,1,0,1,0,1,1,0,1,1
0,0,1,0,0,1,1,0,1,1,0,1,0,1,0,1,1,0,1,1,0,0,1,0,1,1,1,0,1,1,0,0,0,1,0,1,1,0,1,1
0,0,1,1,0,1,1,0,1,1,1,1,0,1,0,1,1,0,1,1,0,0,1,0,0,1,1,0,1,1,0,1,0,1,0,1,1,0,1,1
0,0,0,0,0,1,0,1,1,1,0,1,0,1,0,1,1,0,1,1,0,0,1,1,0,1,1,0,1,1,1,1,0,1,0,1,1,0,1,1
0,0,1,0,1,0,1,0,1,1,1,0,0,1,0,1,1,0,1,1,0,0,0,0,0,1,0,1,1,1,0,1,0,1,0,1,1,0,1,1
0,0,0,0,1,0,0,1,0,1,1,0,1,0,1,0,1,0,1,1,0,0,1,0,1,0,1,0,1,1,1,0,0,1,0,1,1,0,1,1
0,0,1,1,1,1,0,1,0,1,0,0,0,0,1,0,0,1,0,1,0,0,0,0,1,0,0,1,0,1,1,0,1,0,1,0,1,0,1,1
0,0,0,1,0,0,0,0,0,1,1,0,0,0,1,0,0,1,0,1,0,0,1,1,1,1,0,1,0,1,0,0,0,0,1,0,0,1,0,1
0,0,1,1,1,0,1,1,1,1,1,1,0,1,0,0,0,0,0,1,0,0,0,1,0,0,0,0,0,1,1,0,0,0,1,0,0,1,0,1
0,0,0,0,0,1,1,1,1,1,1,1,0,1,0,0,0,0,0,1,0,0,1,1,1,0,1,1,1,1,1,1,0,1,0,0,0,0,0,1
0,0,0,0,0,0,1,0,1,1,0,0,0,1,0,0,0,0,0,1,0,0,0,0,0,1,1,1,1,1,1,1,0,1,0,0,0,0,0,1
0,0,0,0,1,1,1,1,0,1,1,0,0,1,0,0,0,0,0,1,0,0,0,0,0,0,1,0,1,1,0,0,0,1,0,0,0,0,0,1
0,0,1,0,0,1,0,1,1,1,1,0,0,0,1,1,1,1,0,1,0,0,0,0,1,1,1,1,0,1,1,0,0,1,0,0,0,0,0,1
0,0,1,0,1,0,0,0,0,1,0,0,1,0,0,1,0,1,1,1,0,0,1,0,0,1,0,1,1,1,1,0,0,0,1,1,1,1,0,1
0,0,0,1,0,0,0,0,1,1,0,0,1,0,0,1,0,1,1,1,0,0,1,0,1,0,0,0,0,1,0,0,1,0,0,1,0,1,1,1
0,0,0,1,0,1,1,1,0,1,0,1,1,0,0,1,0,1,1,1,0,0,0,1,0,0,0,0,1,1,0,0,1,0,0,1,0,1,1,1
0,0,0,1,0,0,0,0,1,1,1,1,0,0,0,1,0,1,1,1,0,0,0,1,0,1,1,1,0,1,0,1,1,0,0,1,0,1,1,1
0,0,0,1,1,1,1,0,0,1,0,1,0,0,0,1,0,1,1,1,0,0,0,1,0,0,0,0,1,1,1,1,0,0,0,1,0,1,1,1
0,0,1,1,1,1,1,1,0,1,1,1,0,0,0,1,0,1,1,1,0,0,0,1,1,1,1,0,0,1,0,1,0,0,0,1,0,1,1,1
0,0,1,0,0,1,1,0,1,1,1,0,0,0,0,1,0,1,1,1,0,0,1,1,1,1,1,1,0,1,1,1,0,0,0,1,0,1,1,1
0,0,1,0,0,0,1,0,1,1,0,0,1,0,0,1,1,0,1,1,0,0,1,0,0,1,1,0,1,1,1,0,0,0,0,1,0,1,1,1
0,0,0,0,1,0,0,1,1,1,1,1,1,0,0,1,1,0,1,1,0,0,1,0,0,0,1,0,1,1,0,0,1,0,0,1,1,0,1,1
0,0,1,0,0,1,1,1,0,1,1,1,0,0,0,1,1,0,1,1,0,0,0,0,1,0,0,1,1,1,1,1,1,0,0,1,1,0,1,1
0,0,1,0,0,0,1,1,1,1,1,1,0,0,0,1,1,0,1,1,0,0,1,0,0,1,1,1,0,1,1,1,0,0,0,1,1,0,1,1
0,0,0,0,1,0,1,1,1,1,0,1,0,0,0,1,1,0,1,1,0,0,1,0,0,0,1,1,1,1,1,1,0,0,0,1,1,0,1,1
0,0,1,1,0,1,0,1,0,1,0,0,0,0,0,1,1,0,1,1,0,0,0,0,1,0,1,1,1,1,0,1,0,0,0,1,1,0,1,1
0,0,0,1,0,0,0,0,1,1,0,1,0,0,0,1,1,0,1,1,0,0,1,1,0,1,0,1,0,1,0,0,0,0,0,1,1,0,1,1
0,0,0,0,0,0,0,1,0,1,1,0,0,0,0,1,1,0,1,1,0,0,0,1,0,0,0,0,1,1,0,1,0,0,0,1,1,0,1,1
0,0,1,1,0,1,1,1,0,1,0,0,0,0,0,0,0,1,0,1,0,0,0,0,0,0,0,1,0,1,1,0,0,0,0,1,1,0,1,1
0,0,1,1,1,1,1,0,1,1,0,0,0,0,0,0,0,1,0,1,0,0,1,1,0,1,1,1,0,1,0,0,0,0,0,0,0,1,0,1
0,0,0,0,0,0,1,0,1,1,0,1,0,0,0,0,0,1,0,1,0,0,1,1,1,1,1,0,1,1,0,0,0,0,0,0,0,1,0,1
0,0,1,1,0,1,0,1,0,1,0,1,0,0,0,0,0,1,0,1,0,0,0,0,0,0,1,0,1,1,0,1,0,0,0,0,0,1,0,1
0,0,1,0,0,1,0,0,0,1,0,0,0,0,0,0,0,1,0,1,0,0,1,1,0,1,0,1,0,1,0,1,0,0,0,0,0,1,0,1
0,0,1,0,1,0,1,1,0,1,1,0,0,0,0,0,0,1,0,1,0,0,1,0,0,1,0,0,0,1,0,0,0,0,0,0,0,1,0,1
0,0,1,1,1,1,0,1,0,1,1,1,1,0,1,0,1,1,0,1,0,0,1,0,1,0,1,1,0,1,1,0,0,0,0,0,0,1,0,1
0,0,0,0,1,1,1,1,0,1,0,1,0,0,1,0,1,1,0,1,0,0,1,1,1,1,0,1,0,1,1,1,1,0,1,0,1,1,0,1
0,0,1,0,0,0,0,0,1,1,0,1,0,0,1,0,1,1,0,1,0,0,0,0,1,1,1,1,0,1,0,1,0,0,1,0,1,1,0,1
0,0,1,0,0,1,0,1,1,1,0,1,0,0,1,0,1,1,0,1,0,0,1,0,0,0,0,0,1,1,0,1,0,0,1,0,1,1,0,1
0,0,1,1,1,1,1,1,1,1,0,1,0,0,1,0,1,1,0,1,0,0,1,0,0,1,0,1,1,1,0,1,0,0,1,0,1,1,0,1
0,0,1,1,0,1,0,0,1,1,1,0,0,0,1,0,1,1,0,1,0,0,1,1,1,1,1,1,1,1,0,1,0,0,1,0,1,1,0,1
0,0,0,1,1,1,0,1,0,1,0,1,1,1,0,1,0,0,1,1,0,0,1,1,0,1,0,0,1,1,1,0,0,0,1,0,1,1,0,1
0,0,0,1,0,1,1,0,1,1,0,0,0,1,0,1,0,0,1,1,0,0,0,1,1,1,0,1,0,1,0,1,1,1,0,1,0,0,1,1
0,0,0,1,0,1,0,1,1,1,0,0,0,1,0,1,0,0,1,1,0,0,0,1,0,1,1,0,1,1,0,0,0,1,0,1,0,0,1,1
0,0,1,0,0,1,0,1,1,1,0,0,0,1,0,1,0,0,1,1,0,0,0,1,0,1,0,1,1,1,0,0,0,1,0,1,0,0,1,1
0,0,0,1,1,1,0,1,1,1,1,1,0,1,0,1,0,0,1,1,0,0,1,0,0,1,0,1,1,1,0,0,0,1,0,1,0,0,1,1
0,0,1,0,1,0,0,0,1,1,0,0,0,1,0,1,0,0,1,1,0,0,0,1,1,1,0,1,1,1,1,1,0,1,0,1,0,0,1,1
0,0,1,1,1,0,1,1,1,1,1,0,0,1,0,1,0,0,1,1,0,0,1,0,1,0,0,0,1,1,0,0,0,1,0,1,0,0,1,1
0,0,0,1,1,1,0,0,1,1,1,1,1,1,1,0,1,1,1,1,0,0,1,1,1,0,1,1,1,1,1,0,0,1,0,1,0,0,1,1
0,0,1,0,1,1,0,0,1,1,0,1,0,1,1,0,1,1,1,1,0,0,0,1,1,1,0,0,1,1,1,1,1,1,1,0,1,1,1,1
0,0,0,0,1,1,0,1,1,1,0,0,0,1,1,0,1,1,1,1,0,0,1,0,1,1,0,0,1,1,0,1,0,1,1,0,1,1,1,1
0,0,0,0,1,1,0,1,1,1,0,1,0,1,1,0,1,1,1,1,0,0,0,0,1,1,0,1,1,1,0,0,0,1,1,0,1,1,1,1
0,0,0,0,1,1,1,0,1,1,1,1,0,1,1,0,1,1,1,1,0,0,0,0,1,1,0,1,1,1,0,1,0,1,1,0,1,1,1,1
0,0,1,1,1,1,0,0,0,1,1,0,0,1,1,0,1,1,1,1,0,0,0,0,1,1,1,0,1,1,1,1,0,1,1,0,1,1,1,1
0,0,1,1,0,1,0,1,0,1,1,0,1,1,1,1,0,0,0,1,0,0,1,1,1,1,0,0,0,1,1,0,0,1,1,0,1,1,1,1
0,0,1,1,0,0,1,1,0,1,1,1,1,1,0,1,0,1,0,1,0,0,1,1,0,1,0,1,0,1,1,0,1,1,1,1,0,0,0,1
0,0,0,1,1,0,0,1,1,1,0,1,0,1,0,1,0,1,0,1,0,0,1,1,0,0,1,1,0,1,1,1,1,1,0,1,0,1,0,1
0,0,0,1,0,1,0,1,1,1,1,0,0,1,0,1,0,1,0,1,0,0,0,1,1,0,0,1,1,1,0,1,0,1,0,1,0,1,0,1
0,0,1,0,0,1,0,1,1,1,0,0,0,1,0,1,0,1,0,1,0,0,0,1,0,1,0,1,1,1,1,0,0,1,0,1,0,1,0,1
0,0,0,1,1,0,0,1,1,1,0,1,0,1,0,1,0,1,0,1,0,0,1,0,0,1,0,1,1,1,0,0,0,1,0,1,0,1,0,1
0,0,1,1,1,1,0,0,0,1,0,1,0,1,0,1,0,1,0,1,0,0,0,1,1,0,0,1,1,1,0,1,0,1,0,1,0,1,0,1
0,0,0,0,1,1,1,1,1,1,1,1,0,1,0,1,0,1,0,1,0,0,1,1,1,1,0,0,0,1,0,1,0,1,0,1,0,1,0,1
0,0,1,0,0,1,0,0,1,1,1,1,0,1,0,1,0,1,0,1,0,0,0,0,1,1,1,1,1,1,1,1,0,1,0,1,0,1,0,1
0,0,1,0,1,1,0,1,0,1,0,0,0,1,0,1,0,1,0,1,0,0,1,0,0,1,0,0,1,1,1,1,0,1,0,1,0,1,0,1
0,0,0,0,0,0,1,1,1,1,1,1,0,1,0,1,0,1,0,1,0,0,1,0,1,1,0,1,0,1,0,0,0,1,0,1,0,1,0,1
0,0,0,0,1,0,1,1,1,1,1,1,0,1,0,1,0,1,0,1,0,0,0,0,0,0,1,1,1,1,1,1,0,1,0,1,0,1,0,1
0,0,0,1,1,0,1,1,1,1,0,1,0,1,0,1,0,1,0,1,0,0,0,0,1,0,1,1,1,1,1,1,0,1,0,1,0,1,0,1
0,0,1,0,0,1,0,0,1,1,0,1,0,1,0,1,0,1,0,1,0,0,0,1,1,0,1,1,1,1,0,1,0,1,0,1,0,1,0,1
0,0,1,0,0,1,0,1,1,1,0,0,0,1,0,1,0,1,0,1,0,0,1,0,0,1,0,0,1,1,0,1,0,1,0,1,0,1,0,1
0,0,0,0,1,1,0,1,0,1,0,0,0,1,0,1,0,1,0,1,0,0,1,0,0,1,0,1,1,1,0,0,0,1,0,1,0,1,0,1
0,0,1,0,0,0,0,1,1,1,1,1,0,1,0,1,0,1,0,1,0,0,0,0,1,1,0,1,0,1,0,0,0,1,0,1,0,1,0,1
0,0,1,1,0,0,1,0,1,1,1,1,0,1,0,1,0,1,0,1,0,0,1,0,0,0,0,1,1,1,1,1,0,1,0,1,0,1,0,1
0,0,0,1,1,1,0,0,1,1,0,1,0,1,0,1,0,1,0,1,0,0,1,1,0,0,1,0,1,1,1,1,0,1,0,1,0,1,0,1
0,0,1,0,1,1,1,0,1,1,1,0,0,1,0,1,0,1,0,1,0,0,0,1,1,1,0,0,1,1,0,1,0,1,0,1,0,1,0,1
0,0,0,0,1,0,0,0,1,1,0,1,1,0,1,1,1,0,1,1,0,0,1,0,1,1,1,0,1,1,1,0,0,1,0,1,0,1,0,1
0,0,1,0,0,1,0,1,1,1,1,0,0,0,1,1,1,0,1,1,0,0,0,0,1,0,0,0,1,1,0,1,1,0,1,1,1,0,1,1
0,0,0,1,1,0,0,0,1,1,0,1,1,0,0,1,0,1,1,1,0,0,1,0,0,1,0,1,1,1,1,0,0,0,1,1,1,0,1,1
0,0,1,1,1,0,1,1,1,1,0,0,0,0,0,1,0,1,1,1,0,0,0,1,1,0,0,0,1,1,0,1,1,0,0,1,0,1,1,1
0,0,1,0,1,1,0,0,1,1,0,0,0,0,0,1,0,1,1,1,0,0,1,1,1,0,1,1,1,1,0,0,0,0,0,1,0,1,1,1
0,0,1,1,1,1,1,0,1,1,1,1,0,0,0,1,0,1,1,1,0,0,1,0,1,1,0,0,1,1,0,0,0,0,0,1,0,1,1,1
0,0,1,1,1,1,1,0,0,1,1,0,0,0,0,1,0,1,1,1,0,0,1,1,1,1,1,0,1,1,1,1,0,0,0,1,0,1,1,1
0,0,1,0,0,1,0,1,0,1,1,0,1,1,1,1,1,0,0,1,0,0,1,1,1,1,1,0,0,1,1,0,0,0,0,1,0,1,1,1
0,0,1,0,1,1,1,0,1,1,0,1,1,0,0,1,0,1,0,1,0,0,1,0,0,1,0,1,0,1,1,0,1,1,1,1,1,0,0,1
0,0,1,1,1,1,1,1,1,1,1,1,0,0,0,1,0,1,0,1,0,0,1,0,1,1,1,0,1,1,0,1,1,0,0,1,0,1,0,1
0,0,0,0,0,0,0,1,1,1,0,1,0,0,0,1,0,1,0,1,0,0,1,1,1,1,1,1,1,1,1,1,0,0,0,1,0,1,0,1
0,0,1,0,0,0,1,1,1,1,1,1,0,0,0,1,0,1,0,1,0,0,0,0,0,0,0,1,1,1,0,1,0,0,0,1,0,1,0,1
0,0,1,0,1,1,1,0,1,1,1,0,0,0,0,1,0,1,0,1,0,0,1,0,0,0,1,1,1,1,1,1,0,0,0,1,0,1,0,1
0,0,1,0,0,1,0,1,1,1,1,1,1,0,1,1,1,0,1,1,0,0,1,0,1,1,1,0,1,1,1,0,0,0,0,1,0,1,0,1
0,0,0,0,1,1,1,0,1,1,0,0,0,0,1,1,1,0,1,1,0,0,1,0,0,1,0,1,1,1,1,1,1,0,1,1,1,0,1,1
0,0,0,1,0,1,1,1,1,1,1,1,0,0,1,1,1,0,1,1,0,0,0,0,1,1,1,0,1,1,0,0,0,0,1,1,1,0,1,1
0,0,1,0,0,1,1,1,1,1,0,0,0,0,1,1,1,0,1,1,0,0,0,1,0,1,1,1,1,1,1,1,0,0,1,1,1,0,1,1
0,0,0,1,1,0,1,0,1,1,1,1,0,0,1,1,1,0,1,1,0,0,1,0,0,1,1,1,1,1,0,0,0,0,1,1,1,0,1,1
0,0,0,1,0,1,1,0,1,1,0,1,0,0,1,1,1,0,1,1,0,0,0,1,1,0,1,0,1,1,1,1,0,0,1,1,1,0,1,1
0,0,0,0,0,1,0,1,1,1,0,0,0,0,1,1,1,0,1,1,0,0,0,1,0,1,1,0,1,1,0,1,0,0,1,1,1,0,1,1
0,0,1,0,1,1,1,1,1,1,0,0,0,0,1,1,1,0,1,1,0,0,0,0,0,1,0,1,1,1,0,0,0,0,1,1,1,0,1,1
0,0,0,1,0,1,1,0,1,1,1,0,0,0,1,1,1,0,1,1,0,0,1,0,1,1,1,1,1,1,0,0,0,0,1,1,1,0,1,1
0,0,0,0,1,1,0,0,1,1,0,0,0,1,0,1,1,0,1,1,0,0,0,1,0,1,1,0,1,1,1,0,0,0,1,1,1,0,1,1
0,0,1,0,0,0,1,0,1,1,1,1,0,1,0,1,1,0,1,1,0,0,0,0,1,1,0,0,1,1,0,0,0,1,0,1,1,0,1,1
0,0,0,1,1,1,1,1,1,1,1,1,0,1,0,1,1,0,1,1,0,0,1,0,0,0,1,0,1,1,1,1,0,1,0,1,1,0,1,1
0,0,0,0,0,1,0,0,1,1,0,0,0,1,0,1,1,0,1,1,0,0,0,1,1,1,1,1,1,1,1,1,0,1,0,1,1,0,1,1
0,0,1,1,1,0,0,1,0,1,1,1,0,1,0,1,1,0,1,1,0,0,0,0,0,1,0,0,1,1,0,0,0,1,0,1,1,0,1,1
0,0,0,1,1,0,0,1,0,1,1,1,0,1,0,1,1,0,1,1,0,0,1,1,1,0,0,1,0,1,1,1,0,1,0,1,1,0,1,1
0,0,1,0,0,0,1,1,1,1,0,0,0,1,0,1,1,0,1,1,0,0,0,1,1,0,0,1,0,1,1,1,0,1,0,1,1,0,1,1
0,0,0,0,0,1,0,1,1,1,0,0,0,1,0,1,1,0,1,1,0,0,1,0,0,0,1,1,1,1,0,0,0,1,0,1,1,0,1,1
0,0,1,1,1,1,1,0,1,1,1,0,0,1,0,1,1,0,1,1,0,0,0,0,0,1,0,1,1,1,0,0,0,1,0,1,1,0,1,1
0,0,1,0,1,0,0,1,1,1,1,1,1,1,1,1,1,0,1,1,0,0,1,1,1,1,1,0,1,1,1,0,0,1,0,1,1,0,1,1
0,0,0,1,1,1,1,0,1,1,0,0,0,1,1,1,1,0,1,1,0,0,1,0,1,0,0,1,1,1,1,1,1,1,1,1,1,0,1,1
0,0,1,1,1,0,0,1,1,1,1,1,0,1,1,1,1,0,1,1,0,0,0,1,1,1,1,0,1,1,0,0,0,1,1,1,1,0,1,1
0,0,0,1,0,0,1,0,0,1,0,0,0,1,1,1,1,0,1,1,0,0,1,1,1,0,0,1,1,1,1,1,0,1,1,1,1,0,1,1
0,0,1,1,1,1,0,1,1,1,0,0,0,1,1,1,1,0,1,1,0,0,0,1,0,0,1,0,0,1,0,0,0,1,1,1,1,0,1,1
0,0,0,1,1,0,1,1,1,1,1,1,0,1,1,1,1,0,1,1,0,0,1,1,1,1,0,1,1,1,0,0,0,1,1,1,1,0,1,1
0,0,1,1,0,0,0,1,1,1,0,0,0,1,1,1,1,0,1,1,0,0,0,1,1,0,1,1,1,1,1,1,0,1,1,1,1,0,1,1
0,0,0,0,0,1,0,1,1,1,0,1,0,1,1,1,1,0,1,1,0,0,1,1,0,0,0,1,1,1,0,0,0,1,1,1,1,0,1,1
0,0,1,0,1,0,1,0,1,1,1,1,0,1,1,1,1,0,1,1,0,0,0,0,0,1,0,1,1,1,0,1,0,1,1,1,1,0,1,1
0,0,1,0,1,1,0,0,1,1,1,0,0,1,1,1,1,0,1,1,0,0,1,0,1,0,1,0,1,1,1,1,0,1,1,1,1,0,1,1
0,0,0,1,0,0,0,0,0,1,1,0,1,0,1,1,0,0,1,1,0,0,1,0,1,1,0,0,1,1,1,0,0,1,1,1,1,0,1,1
0,0,0,0,1,1,0,1,0,1,1,0,0,1,0,0,0,0,0,1,0,0,0,1,0,0,0,0,0,1,1,0,1,0,1,1,0,0,1,1
0,0,0,1,1,1,1,0,1,1,0,1,0,0,1,1,0,1,0,1,0,0,0,0,1,1,0,1,0,1,1,0,0,1,0,0,0,0,0,1
0,0,0,1,0,1,1,0,1,1,0,1,0,0,1,1,0,1,0,1,0,0,0,1,1,1,1,0,1,1,0,1,0,0,1,1,0,1,0,1
0,0,1,0,0,0,1,1,1,1,1,1,0,0,1,1,0,1,0,1,0,0,0,1,0,1,1,0,1,1,0,1,0,0,1,1,0,1,0,1
0,0,0,0,1,0,1,1,1,1,0,1,0,0,1,1,0,1,0,1,0,0,1,0,0,0,1,1,1,1,1,1,0,0,1,1,0,1,0,1
0,0,1,0,0,0,1,1,1,1,1,1,0,0,1,1,0,1,0,1,0,0,0,0,1,0,1,1,1,1,0,1,0,0,1,1,0,1,0,1
0,0,0,1,1,1,1,1,1,1,0,0,0,0,1,1,0,1,0,1,0,0,1,0,0,0,1,1,1,1,1,1,0,0,1,1,0,1,0,1
0,0,0,0,0,1,0,0,1,1,0,0,0,0,1,1,0,1,0,1,0,0,0,1,1,1,1,1,1,1,0,0,0,0,1,1,0,1,0,1
0,0,1,0,1,1,0,0,1,1,0,1,0,0,1,1,0,1,0,1,0,0,0,0,0,1,0,0,1,1,0,0,0,0,1,1,0,1,0,1
0,0,1,1,0,0,0,1,1,1,1,1,0,0,1,1,0,1,0,1,0,0,1,0,1,1,0,0,1,1,0,1,0,0,1,1,0,1,0,1
0,0,0,1,0,0,0,0,1,1,1,1,0,0,1,1,0,1,0,1,0,0,1,1,0,0,0,1,1,1,1,1,0,0,1,1,0,1,0,1
0,0,1,0,1,1,1,0,1,1,0,1,0,0,1,1,0,1,0,1,0,0,0,1,0,0,0,0,1,1,1,1,0,0,1,1,0,1,0,1
0,0,1,0,1,1,1,0,1,1,1,0,0,0,1,1,0,1,0,1,0,0,1,0,1,1,1,0,1,1,0,1,0,0,1,1,0,1,0,1
0,0,1,1,0,1,0,1,1,1,1,0,1,0,1,1,0,1,0,1,0,0,1,0,1,1,1,0,1,1,1,0,0,0,1,1,0,1,0,1
0,0,1,0,1,0,0,1,0,1,0,1,1,1,0,1,0,1,1,1,0,0,1,1,0,1,0,1,1,1,1,0,1,0,1,1,0,1,0,1
0,0,1,1,1,1,0,0,1,1,1,0,0,1,0,1,0,1,1,1,0,0,1,0,1,0,0,1,0,1,0,1,1,1,0,1,0,1,1,1
0,0,1,1,1,0,0,0,0,1,0,1,1,1,1,1,0,0,1,1,0,0,1,1,1,1,0,0,1,1,1,0,0,1,0,1,0,1,1,1
0,0,0,1,1,1,1,0,0,1,0,0,0,1,1,1,0,0,1,1,0,0,1,1,1,0,0,0,0,1,0,1,1,1,1,1,0,0,1,1
0,0,0,0,1,0,1,0,1,1,1,0,0,1,1,1,0,0,1,1,0,0,0,1,1,1,1,0,0,1,0,0,0,1,1,1,0,0,1,1
0,0,0,0,0,0,1,0,1,1,0,0,0,0,1,0,1,0,1,1,0,0,0,0,1,0,1,0,1,1,1,0,0,1,1,1,0,0,1,1
0,0,0,1,0,1,0,1,1,1,1,0,0,0,1,0,1,0,1,1,0,0,0,0,0,0,1,0,1,1,0,0,0,0,1,0,1,0,1,1
0,0,0,0,0,0,0,1,0,1,0,1,0,1,0,1,0,1,1,1,0,0,0,1,0,1,0,1,1,1,1,0,0,0,1,0,1,0,1,1
0,0,0,0,0,1,0,1,0,1,1,1,0,1,0,1,0,1,1,1,0,0,0,0,0,0,0,1,0,1,0,1,0,1,0,1,0,1,1,1
0,0,0,0,0,1,1,1,0,1,1,0,0,1,0,1,0,1,1,1,0,0,0,0,0,1,0,1,0,1,1,1,0,1,0,1,0,1,1,1
0,0,1,0,1,0,0,1,0,1,0,0,0,0,0,1,1,1,0,1,0,0,0,0,0,1,1,1,0,1,1,0,0,1,0,1,0,1,1,1
0,0,1,0,1,0,1,1,0,1,1,1,0,0,0,1,1,1,0,1,0,0,1,0,1,0,0,1,0,1,0,0,0,0,0,1,1,1,0,1
0,0,1,0,1,0,1,1,1,1,0,0,0,0,0,1,1,1,0,1,0,0,1,0,1,0,1,1,0,1,1,1,0,0,0,1,1,1,0,1
0,0,1,0,1,0,0,1,1,1,0,1,0,0,0,1,1,1,0,1,0,0,1,0,1,0,1,1,1,1,0,0,0,0,0,1,1,1,0,1
0,0,1,0,0,1,1,1,1,1,1,0,0,0,0,1,1,1,0,1,0,0,1,0,1,0,0,1,1,1,0,1,0,0,0,1,1,1,0,1
0,0,1,0,0,1,0,0,1,1,1,0,1,0,0,1,1,1,1,1,0,0,1,0,0,1,1,1,1,1,1,0,0,0,0,1,1,1,0,1
0,0,1,1,0,0,1,1,1,1,1,1,1,0,0,1,0,0,1,1,0,0,1,0,0,1,0,0,1,1,1,0,1,0,0,1,1,1,1,1
0,0,0,0,1,0,1,1,1,1,0,0,0,0,0,1,0,0,1,1,0,0,1,1,0,0,1,1,1,1,1,1,1,0,0,1,0,0,1,1
0,0,1,1,0,1,1,1,1,1,1,1,0,0,0,1,0,0,1,1,0,0,0,0,1,0,1,1,1,1,0,0,0,0,0,1,0,0,1,1
0,0,0,0,1,0,1,1,0,1,0,1,0,0,0,1,0,0,1,1,0,0,1,1,0,1,1,1,1,1,1,1,0,0,0,1,0,0,1,1
0,0,1,0,0,1,1,0,1,1,0,1,0,0,0,1,0,0,1,1,0,0,0,0,1,0,1,1,0,1,0,1,0,0,0,1,0,0,1,1
0,0,1,0,1,1,1,0,0,1,0,0,0,0,0,1,0,0,1,1,0,0,1,0,0,1,1,0,1,1,0,1,0,0,0,1,0,0,1,1
0,0,0,0,1,0,0,1,1,1,0,1,0,0,0,1,0,0,1,1,0,0,1,0,1,1,1,0,0,1,0,0,0,0,0,1,0,0,1,1
0,0,0,0,1,0,0,0,0,1,1,1,0,0,0,1,0,0,1,1,0,0,0,0,1,0,0,1,1,1,0,1,0,0,0,1,0,0,1,1
0,0,1,1,0,0,1,1,0,1,1,1,0,0,0,1,0,0,1,1,0,0,0,0,1,0,0,0,0,1,1,1,0,0,0,1,0,0,1,1
0,0,0,1,0,1,0,1,0,1,0,0,0,0,0,1,0,0,1,1,0,0,1,1,0,0,1,1,0,1,1,1,0,0,0,1,0,0,1,1
0,0,0,0,1,1,0,0,1,1,1,0,0,0,0,1,0,0,1,1,0,0,0,1,0,1,0,1,0,1,0,0,0,0,0,1,0,0,1,1
0,0,0,1,0,1,0,0,1,1,1,0,0,0,1,1,0,0,1,1,0,0,0,0,1,1,0,0,1,1,1,0,0,0,0,1,0,0,1,1
0,0,0,1,1,0,1,1,1,1,1,0,0,1,0,1,0,0,1,1,0,0,0,1,0,1,0,0,1,1,1,0,0,0,1,1,0,0,1,1
0,0,0,0,1,0,1,1,0,1,1,1,0,1,1,0,1,1,1,1,0,0,0,1,1,0,1,1,1,1,1,0,0,1,0,1,0,0,1,1
0,0,1,0,0,1,1,1,1,1,0,0,0,1,1,0,1,1,1,1,0,0,0,0,1,0,1,1,0,1,1,1,0,1,1,0,1,1,1,1
0,0,1,0,1,0,0,0,1,1,1,0,0,1,1,0,1,1,1,1,0,0,1,0,0,1,1,1,1,1,0,0,0,1,1,0,1,1,1,1
0,0,1,0,1,1,1,0,1,1,1,0,1,0,1,0,0,0,1,1,0,0,1,0,1,0,0,0,1,1,1,0,0,1,1,0,1,1,1,1
0,0,1,1,0,1,1,1,0,1,0,1,1,0,1,1,1,0,1,1,0,0,1,0,1,1,1,0,1,1,1,0,1,0,1,0,0,0,1,1
0,0,1,1,0,0,1,1,0,1,1,0,0,0,1,1,1,0,1,1,0,0,1,1,0,1,1,1,0,1,0,1,1,0,1,1,1,0,1,1
0,0,1,0,0,0,0,1,1,1,1,0,1,1,0,0,1,1,0,1,0,0,1,1,0,0,1,1,0,1,1,0,0,0,1,1,1,0,1,1
0,0,0,0,0,0,0,1,0,1,0,1,1,0,0,0,0,1,1,1,0,0,1,0,0,0,0,1,1,1,1,0,1,1,0,0,1,1,0,1
0,0,1,0,0,1,1,0,1,1,0,1,0,0,0,0,0,1,1,1,0,0,0,0,0,0,0,1,0,1,0,1,1,0,0,0,0,1,1,1
0,0,0,0,1,0,1,1,1,1,1,1,0,0,0,0,0,1,1,1,0,0,1,0,0,1,1,0,1,1,0,1,0,0,0,0,0,1,1,1
0,0,1,1,1,1,1,0,1,1,0,1,0,0,0,0,0,1,1,1,0,0,0,0,1,0,1,1,1,1,1,1,0,0,0,0,0,1,1,1
0,0,0,1,0,1,1,1,1,1,1,0,0,0,0,0,0,1,1,1,0,0,1,1,1,1,1,0,1,1,0,1,0,0,0,0,0,1,1,1
0,0,0,1,1,0,0,1,0,1,1,1,0,1,0,1,1,1,1,1,0,0,0,1,0,1,1,1,1,1,1,0,0,0,0,0,0,1,1,1
0,0,1,0,1,1,0,1,1,1,1,1,0,1,0,1,1,1,1,1,0,0,0,1,1,0,0,1,0,1,1,1,0,1,0,1,1,1,1,1
0,0,1,0,0,0,0,1,1,1,1,0,0,1,0,1,1,1,1,1,0,0,1,0,1,1,0,1,1,1,1,1,0,1,0,1,1,1,1,1
0,0,0,0,1,0,1,1,1,1,0,0,1,0,0,0,0,1,1,1,0,0,1,0,0,0,0,1,1,1,1,0,0,1,0,1,1,1,1,1
0,0,0,1,1,1,1,1,1,1,1,0,1,0,0,0,0,1,1,1,0,0,0,0,1,0,1,1,1,1,0,0,1,0,0,0,0,1,1,1
0,0,1,0,1,1,1,1,1,1,1,0,0,1,1,1,1,1,1,1,0,0,0,1,1,1,1,1,1,1,1,0,1,0,0,0,0,1,1,1
0,0,0,0,1,0,1,1,1,1,0,0,1,0,1,1,1,1,1,1,0,0,1,0,1,1,1,1,1,1,1,0,0,1,1,1,1,1,1,1
0,0,0,0,1,1,1,0,1,1,1,0,1,0,1,1,1,1,1,1,0,0,0,0,1,0,1,1,1,1,0,0,1,0,1,1,1,1,1,1
0,0,1,1,1,1,1,0,1,1,0,1,0,0,1,1,1,0,1,1,0,0,0,0,1,1,1,0,1,1,1,0,1,0,1,1,1,1,1,1
0,0,1,1,0,0,0,1,1,1,0,1,0,0,1,1,1,0,1,1,0,0,1,1,1,1,1,0,1,1,0,1,0,0,1,1,1,0,1,1
0,0,0,1,0,1,0,0,1,1,0,0,0,0,1,1,1,0,1,1,0,0,1,1,0,0,0,1,1,1,0,1,0,0,1,1,1,0,1,1
0,0,1,0,1,1,0,0,1,1,1,0,0,0,1,1,1,0,1,1,0,0,0,1,0,1,0,0,1,1,0,0,0,0,1,1,1,0,1,1
0,0,1,1,0,0,1,0,1,1,1,0,1,0,1,1,0,0,1,1,0,0,1,0,1,1,0,0,1,1,1,0,0,0,1,1,1,0,1,1
0,0,0,1,1,1,1,1,1,1,0,1,1,1,0,0,1,0,1,1,0,0,1,1,0,0,1,0,1,1,1,0,1,0,1,1,0,0,1,1
0,0,1,0,0,0,0,0,1,1,1,0,0,1,0,0,1,0,1,1,0,0,0,1,1,1,1,1,1,1,0,1,1,1,0,0,1,0,1,1
0,0,1,0,1,1,0,1,0,1,1,0,1,0,0,0,0,0,1,1,0,0,1,0,0,0,0,0,1,1,1,0,0,1,0,0,1,0,1,1
0,0,1,0,1,0,0,1,0,1,1,0,1,0,1,1,0,1,0,1,0,0,1,0,1,1,0,1,0,1,1,0,1,0,0,0,0,0,1,1
0,0,0,0,0,0,1,0,1,1,0,1,1,0,1,0,0,1,0,1,0,0,1,0,1,0,0,1,0,1,1,0,1,0,1,1,0,1,0,1
0,0,0,0,0,0,1,1,1,1,0,1,0,0,1,0,0,1,0,1,0,0,0,0,0,0,1,0,1,1,0,1,1,0,1,0,0,1,0,1
0,0,1,1,1,1,0,0,1,1,0,0,0,0,1,0,0,1,0,1,0,0,0,0,0,0,1,1,1,1,0,1,0,0,1,0,0,1,0,1
0,0,0,0,1,0,1,0,0,1,0,0,0,0,1,0,0,1,0,1,0,0,1,1,1,1,0,0,1,1,0,0,0,0,1,0,0,1,0,1
0,0,0,1,1,1,1,0,0,1,0,0,0,0,1,0,0,1,0,1,0,0,0,0,1,0,1,0,0,1,0,0,0,0,1,0,0,1,0,1
0,0,1,1,0,1,0,0,1,1,0,1,0,0,1,0,0,1,0,1,0,0,0,1,1,1,1,0,0,1,0,0,0,0,1,0,0,1,0,1
0,0,0,0,0,0,0,1,1,1,1,0,0,0,1,0,0,1,0,1,0,0,1,1,0,1,0,0,1,1,0,1,0,0,1,0,0,1,0,1
0,0,1,0,0,0,0,1,0,1,1,0,0,0,0,0,0,1,1,1,0,0,0,0,0,0,0,1,1,1,1,0,0,0,1,0,0,1,0,1
0,0,1,1,0,1,0,1,1,1,1,1,1,0,0,0,0,1,0,1,0,0,1,0,0,0,0,1,0,1,1,0,0,0,0,0,0,1,1,1
0,0,0,0,1,1,1,0,0,1,1,0,0,0,0,0,0,1,0,1,0,0,1,1,0,1,0,1,1,1,1,1,1,0,0,0,0,1,0,1
0,0,0,1,0,0,0,0,1,1,0,0,0,0,1,1,1,0,0,1,0,0,0,0,1,1,1,0,0,1,1,0,0,0,0,0,0,1,0,1
0,0,1,0,1,0,0,0,1,1,1,1,0,0,1,1,1,0,0,1,0,0,0,1,0,0,0,0,1,1,0,0,0,0,1,1,1,0,0,1
0,0,0,0,0,1,1,0,0,1,1,0,0,0,1,1,1,0,0,1,0,0,1,0,1,0,0,0,1,1,1,1,0,0,1,1,1,0,0,1
0,0,1,1,0,1,0,1,1,1,0,1,0,0,0,1,1,0,0,1,0,0,0,0,0,1,1,0,0,1,1,0,0,0,1,1,1,0,0,1
0,0,1,1,0,0,0,0,0,1,1,0,0,0,0,1,1,0,0,1,0,0,1,1,0,1,0,1,1,1,0,1,0,0,0,1,1,0,0,1
0,0,0,0,1,0,1,1,0,1,0,1,1,1,0,0,0,0,0,1,0,0,1,1,0,0,0,0,0,1,1,0,0,0,0,1,1,0,0,1
0,0,0,1,0,0,1,1,1,1,0,0,0,1,0,0,0,0,0,1,0,0,0,0,1,0,1,1,0,1,0,1,1,1,0,0,0,0,0,1
0,0,0,0,1,0,0,0,1,1,0,0,0,1,0,0,0,0,0,1,0,0,0,1,0,0,1,1,1,1,0,0,0,1,0,0,0,0,0,1
0,0,0,0,1,0,1,1,1,1,0,0,0,1,0,0,0,0,0,1,0,0,0,0,1,0,0,0,1,1,0,0,0,1,0,0,0,0,0,1
0,0,1,0,0,0,0,0,0,1,1,1,0,1,0,0,0,0,0,1,0,0,0,0,1,0,1,1,1,1,0,0,0,1,0,0,0,0,0,1
0,0,0,1,1,0,1,1,0,1,1,1,0,1,0,0,0,0,0,1,0,0,1,0,0,0,0,0,0,1,1,1,0,1,0,0,0,0,0,1
0,0,1,0,1,1,1,1,0,1,0,1,0,1,0,0,0,0,0,1,0,0,0,1,1,0,1,1,0,1,1,1,0,1,0,0,0,0,0,1
0,0,0,1,1,1,0,1,1,1,0,1,0,1,0,0,0,0,0,1,0,0,1,0,1,1,1,1,0,1,0,1,0,1,0,0,0,0,0,1
0,0,0,0,1,0,0,0,1,1,1,0,0,1,0,0,0,0,0,1,0,0,0,1,1,1,0,1,1,1,0,1,0,1,0,0,0,0,0,1
0,0,1,0,0,0,1,0,1,1,0,0,0,0,1,0,0,0,1,1,0,0,0,0,1,0,0,0,1,1,1,0,0,1,0,0,0,0,0,1
0,0,0,0,1,1,0,1,0,1,1,1,0,0,1,0,0,0,1,1,0,0,1,0,0,0,1,0,1,1,0,0,0,0,1,0,0,0,1,1
0,0,0,1,1,1,1,1,0,1,1,1,0,0,1,0,0,0,1,1,0,0,0,0,1,1,0,1,0,1,1,1,0,0,1,0,0,0,1,1
0,0,0,0,1,0,1,1,0,1,1,0,0,0,1,0,0,0,1,1,0,0,0,1,1,1,1,1,0,1,1,1,0,0,1,0,0,0,1,1
0,0,1,0,0,1,0,1,0,1,0,1,0,0,1,0,1,1,0,1,0,0,0,0,1,0,1,1,0,1,1,0,0,0,1,0,0,0,1,1
0,0,1,0,1,1,0,1,1,1,0,0,0,0,1,0,1,1,0,1,0,0,1,0,0,1,0,1,0,1,0,1,0,0,1,0,1,1,0,1
0,0,1,1,1,0,1,0,1,1,1,1,0,0,1,0,1,1,0,1,0,0,1,0,1,1,0,1,1,1,0,0,0,0,1,0,1,1,0,1
0,0,0,1,1,0,1,0,0,1,1,0,0,0,1,0,1,1,0,1,0,0,1,1,1,0,1,0,1,1,1,1,0,0,1,0,1,1,0,1
0,0,1,0,1,1,0,1,0,1,0,1,0,1,1,0,1,0,0,1,0,0,0,1,1,0,1,0,0,1,1,0,0,0,1,0,1,1,0,1
0,0,0,1,0,0,0,1,0,1,0,1,0,1,1,0,1,0,0,1,0,0,1,0,1,1,0,1,0,1,0,1,0,1,1,0,1,0,0,1
0,0,1,0,1,1,1,1,0,1,1,1,0,1,1,0,1,0,0,1,0,0,0,1,0,0,0,1,0,1,0,1,0,1,1,0,1,0,0,1
0,0,0,0,1,1,0,1,1,1,0,1,0,1,1,0,1,0,0,1,0,0,1,0,1,1,1,1,0,1,1,1,0,1,1,0,1,0,0,1
0,0,0,1,0,0,0,0,0,1,0,0,0,1,1,0,1,0,0,1,0,0,0,0,1,1,0,1,1,1,0,1,0,1,1,0,1,0,0,1
0,0,1,1,1,1,1,0,1,1,1,0,0,1,1,0,1,0,0,1,0,0,0,1,0,0,0,0,0,1,0,0,0,1,1,0,1,0,0,1
0,0,0,0,0,0,0,0,1,1,1,0,1,1,1,1,1,0,1,1,0,0,1,1,1,1,1,0,1,1,1,0,0,1,1,0,1,0,0,1
0,0,1,1,1,1,0,0,1,1,0,1,0,0,0,0,0,0,1,1,0,0,0,0,0,0,0,0,1,1,1,0,1,1,1,1,1,0,1,1
0,0,0,0,0,1,0,0,0,1,0,1,0,0,0,0,0,0,1,1,0,0,1,1,1,1,0,0,1,1,0,1,0,0,0,0,0,0,1,1
0,0,0,0,0,1,1,0,0,1,1,1,0,0,0,0,0,0,1,1,0,0,0,0,0,1,0,0,0,1,0,1,0,0,0,0,0,0,1,1
0,0,1,0,1,1,1,1,1,1,1,1,0,0,0,0,0,0,1,1,0,0,0,0,0,1,1,0,0,1,1,1,0,0,0,0,0,0,1,1
0,0,1,0,0,0,1,1,1,1,0,1,0,0,0,0,0,0,1,1,0,0,1,0,1,1,1,1,1,1,1,1,0,0,0,0,0,0,1,1
0,0,0,1,0,1,1,1,1,1,1,1,0,0,0,0,0,0,1,1,0,0,1,0,0,0,1,1,1,1,0,1,0,0,0,0,0,0,1,1
0,0,1,0,1,0,0,0,1,1,1,1,0,0,0,0,0,0,1,1,0,0,0,1,0,1,1,1,1,1,1,1,0,0,0,0,0,0,1,1
0,0,0,1,0,1,0,0,1,1,1,1,0,0,0,0,0,0,1,1,0,0,1,0,1,0,0,0,1,1,1,1,0,0,0,0,0,0,1,1
0,0,1,0,1,1,1,0,1,1,1,1,0,0,0,0,0,0,1,1,0,0,0,1,0,1,0,0,1,1,1,1,0,0,0,0,0,0,1,1
0,0,0,1,0,0,1,0,1,1,0,1,0,0,0,0,0,0,1,1,0,0,1,0,1,1,1,0,1,1,1,1,0,0,0,0,0,0,1,1
0,0,0,1,1,0,0,1,1,1,1,1,0,0,0,0,0,0,1,1,0,0,0,1,0,0,1,0,1,1,0,1,0,0,0,0,0,0,1,1
0,0,0,1,0,0,1,1,1,1,1,0,0,0,0,0,0,0,1,1,0,0,0,1,1,0,0,1,1,1,1,1,0,0,0,0,0,0,1,1
0,0,1,1,1,0,1,1,1,1,0,0,0,1,0,0,1,1,1,1,0,0,0,1,0,0,1,1,1,1,1,0,0,0,0,0,0,0,1,1
0,0,0,1,1,1,1,1,1,1,0,1,0,1,0,0,1,1,1,1,0,0,1,1,1,0,1,1,1,1,0,0,0,1,0,0,1,1,1,1
0,0,0,0,1,1,1,1,1,1,1,1,0,1,0,0,1,1,1,1,0,0,0,1,1,1,1,1,1,1,0,1,0,1,0,0,1,1,1,1
0,0,0,1,1,0,0,1,1,1,0,1,0,1,0,0,1,1,1,1,0,0,0,0,1,1,1,1,1,1,1,1,0,1,0,0,1,1,1,1
0,0,1,1,0,1,1,1,1,1,1,1,0,1,0,0,1,1,1,1,0,0,0,1,1,0,0,1,1,1,0,1,0,1,0,0,1,1,1,1
0,0,1,1,0,1,0,0,1,1,1,0,0,1,0,0,1,1,1,1,0,0,1,1,0,1,1,1,1,1,1,1,0,1,0,0,1,1,1,1
0,0,1,1,0,0,0,1,1,1,1,0,1,1,0,1,0,0,1,1,0,0,1,1,0,1,0,0,1,1,1,0,0,1,0,0,1,1,1,1
0,0,1,1,0,1,1,0,1,1,0,1,1,1,0,0,0,1,1,1,0,0,1,1,0,0,0,1,1,1,1,0,1,1,0,1,0,0,1,1
0,0,1,1,1,0,1,0,0,1,0,1,0,1,0,0,0,1,1,1,0,0,1,1,0,1,1,0,1,1,0,1,1,1,0,0,0,1,1,1
0,0,1,0,1,0,0,1,0,1,0,0,0,1,0,0,0,1,1,1,0,0,1,1,1,0,1,0,0,1,0,1,0,1,0,0,0,1,1,1
0,0,0,0,1,0,0,1,0,1,0,0,0,1,0,0,0,1,1,1,0,0,1,0,1,0,0,1,0,1,0,0,0,1,0,0,0,1,1,1
0,0,1,1,0,0,0,1,1,1,0,1,0,1,0,0,0,1,1,1,0,0,0,0,1,0,0,1,0,1,0,0,0,1,0,0,0,1,1,1
0,0,0,0,1,0,1,1,1,1,1,0,0,1,0,0,0,1,1,1,0,0,1,1,0,0,0,1,1,1,0,1,0,1,0,0,0,1,1,1
0,0,0,1,1,1,0,0,1,1,1,0,0,0,1,0,1,1,1,1,0,0,0,0,1,0,1,1,1,1,1,0,0,1,0,0,0,1,1,1
0,0,0,0,1,0,0,1,0,1,0,1,0,1,1,1,0,0,1,1,0,0,0,1,1,1,0,0,1,1,1,0,0,0,1,0,1,1,1,1
0,0,0,1,1,0,0,1,0,1,0,1,0,1,1,1,0,0,1,1,0,0,0,0,1,0,0,1,0,1,0,1,0,1,1,1,0,0,1,1
0,0,1,0,0,0,0,1,0,1,0,0,0,1,1,1,0,0,1,1,0,0,0,1,1,0,0,1,0,1,0,1,0,1,1,1,0,0,1,1
0,0,1,1,0,1,0,0,1,1,0,1,0,1,1,1,0,0,1,1,0,0,1,0,0,0,0,1,0,1,0,0,0,1,1,1,0,0,1,1
0,0,0,1,1,1,1,0,1,1,1,1,0,1,1,1,0,0,1,1,0,0,1,1,0,1,0,0,1,1,0,1,0,1,1,1,0,0,1,1
0,0,1,0,1,0,0,1,1,1,0,1,0,1,1,1,0,0,1,1,0,0,0,1,1,1,1,0,1,1,1,1,0,1,1,1,0,0,1,1
0,0,0,0,0,1,0,0,1,1,0,1,0,1,1,1,0,0,1,1,0,0,1,0,1,0,0,1,1,1,0,1,0,1,1,1,0,0,1,1
0,0,0,0,1,1,1,1,1,1,0,1,0,1,1,1,0,0,1,1,0,0,0,0,0,1,0,0,1,1,0,1,0,1,1,1,0,0,1,1
0,0,1,0,0,1,1,1,1,1,1,1,0,1,1,1,0,0,1,1,0,0,0,0,1,1,1,1,1,1,0,1,0,1,1,1,0,0,1,1
0,0,1,1,1,1,0,1,1,1,1,1,0,1,1,1,0,0,1,1,0,0,1,0,0,1,1,1,1,1,1,1,0,1,1,1,0,0,1,1
0,0,0,0,0,0,1,1,1,1,0,1,0,1,1,1,0,0,1,1,0,0,1,1,1,1,0,1,1,1,1,1,0,1,1,1,0,0,1,1
0,0,1,1,1,0,1,1,1,1,1,0,0,1,1,1,0,0,1,1,0,0,0,0,0,0,1,1,1,1,0,1,0,1,1,1,0,0,1,1
0,0,1,1,1,0,0,1,1,1,0,1,1,1,1,0,1,0,1,1,0,0,1,1,1,0,1,1,1,1,1,0,0,1,1,1,0,0,1,1
0,0,1,1,1,1,0,1,0,1,1,0,0,1,1,0,1,0,1,1,0,0,1,1,1,0,0,1,1,1,0,1,1,1,1,0,1,0,1,1
0,0,0,0,1,0,1,0,1,1,0,1,1,1,1,1,0,1,0,1,0,0,1,1,1,1,0,1,0,1,1,0,0,1,1,0,1,0,1,1
0,0,1,0,1,0,0,0,1,1,0,0,0,1,1,1,0,1,0,1,0,0,0,0,1,0,1,0,1,1,0,1,1,1,1,1,0,1,0,1
0,0,0,0,0,1,0,0,1,1,1,1,0,1,1,1,0,1,0,1,0,0,1,0,1,0,0,0,1,1,0,0,0,1,1,1,0,1,0,1
0,0,0,1,1,1,1,1,1,1,1,0,0,1,1,1,0,1,0,1,0,0,0,0,0,1,0,0,1,1,1,1,0,1,1,1,0,1,0,1
0,0,0,1,0,0,0,1,1,1,1,1,0,1,1,1,1,1,0,1,0,0,0,1,1,1,1,1,1,1,1,0,0,1,1,1,0,1,0,1
0,0,0,0,0,1,0,0,1,1,0,1,0,1,1,1,1,1,0,1,0,0,0,1,0,0,0,1,1,1,1,1,0,1,1,1,1,1,0,1
0,0,0,0,0,0,0,1,0,1,1,0,0,1,1,1,1,1,0,1,0,0,0,0,0,1,0,0,1,1,0,1,0,1,1,1,1,1,0,1
0,0,1,0,0,1,1,0,1,1,1,1,0,0,0,0,0,1,0,1,0,0,0,0,0,0,0,1,0,1,1,0,0,1,1,1,1,1,0,1
0,0,0,1,1,0,1,0,0,1,1,1,0,0,0,0,0,1,0,1,0,0,1,0,0,1,1,0,1,1,1,1,0,0,0,0,0,1,0,1
0,0,0,0,1,1,0,0,1,1,1,0,0,0,0,0,0,1,0,1,0,0,0,1,1,0,1,0,0,1,1,1,0,0,0,0,0,1,0,1
0,0,0,0,1,1,0,1,1,1,1,0,0,0,1,1,0,0,1,1,0,0,0,0,1,1,0,0,1,1,1,0,0,0,0,0,0,1,0,1
0,0,0,1,1,1,0,1,0,1,1,1,0,0,1,1,0,1,1,1,0,0,0,0,1,1,0,1,1,1,1,0,0,0,1,1,0,0,1,1
0,0,1,0,1,1,0,0,0,1,0,0,0,0,1,1,0,1,1,1,0,0,0,1,1,1,0,1,0,1,1,1,0,0,1,1,0,1,1,1
0,0,1,1,0,1,0,0,1,1,0,1,0,0,1,1,0,1,1,1,0,0,1,0,1,1,0,0,0,1,0,0,0,0,1,1,0,1,1,1
0,0,1,0,1,1,1,1,1,1,0,1,0,0,1,1,0,1,1,1,0,0,1,1,0,1,0,0,1,1,0,1,0,0,1,1,0,1,1,1
0,0,1,1,1,1,1,0,1,1,0,1,0,0,1,1,0,1,1,1,0,0,1,0,1,1,1,1,1,1,0,1,0,0,1,1,0,1,1,1
0,0,0,1,1,1,0,1,1,1,1,0,0,0,1,1,0,1,1,1,0,0,1,1,1,1,1,0,1,1,0,1,0,0,1,1,0,1,1,1
0,0,0,1,1,0,1,1,1,1,1,1,0,1,1,1,0,1,1,1,0,0,0,1,1,1,0,1,1,1,1,0,0,0,1,1,0,1,1,1
0,0,1,1,0,0,1,1,1,1,1,0,0,1,1,1,0,1,1,1,0,0,0,1,1,0,1,1,1,1,1,1,0,1,1,1,0,1,1,1
0,0,1,0,0,1,0,0,1,1,1,1,1,1,0,0,1,1,1,1,0,0,1,1,0,0,1,1,1,1,1,0,0,1,1,1,0,1,1,1
0,0,0,0,0,0,1,0,1,1,0,0,0,1,0,0,1,1,1,1,0,0,1,0,0,1,0,0,1,1,1,1,1,1,0,0,1,1,1,1
0,0,1,1,1,0,1,1,1,1,1,1,0,1,0,0,1,1,1,1,0,0,0,0,0,0,1,0,1,1,0,0,0,1,0,0,1,1,1,1
0,0,0,1,0,1,1,1,1,1,1,1,0,1,0,0,1,1,1,1,0,0,1,1,1,0,1,1,1,1,1,1,0,1,0,0,1,1,1,1
0,0,0,1,0,0,1,1,1,1,0,0,0,1,0,0,1,1,1,1,0,0,0,1,0,1,1,1,1,1,1,1,0,1,0,0,1,1,1,1
0,0,0,1,0,1,0,0,1,1,1,0,0,1,0,0,1,1,1,1,0,0,0,1,0,0,1,1,1,1,0,0,0,1,0,0,1,1,1,1
0,0,0,0,0,0,1,0,1,1,1,0,0,1,0,1,0,0,1,1,0,0,0,1,0,1,0,0,1,1,1,0,0,1,0,0,1,1,1,1
0,0,0,0,0,1,1,0,1,1,1,1,0,0,0,0,1,0,1,1,0,0,0,0,0,0,1,0,1,1,1,0,0,1,0,1,0,0,1,1
0,0,1,1,0,1,1,0,1,1,1,0,0,0,0,0,1,0,1,1,0,0,0,0,0,1,1,0,1,1,1,1,0,0,0,0,1,0,1,1
0,0,0,1,1,1,0,0,1,1,0,1,1,1,0,1,1,0,1,1,0,0,1,1,0,1,1,0,1,1,1,0,0,0,0,0,1,0,1,1
0,0,0,1,0,0,0,1,1,1,0,0,0,1,0,1,1,0,1,1,0,0,0,1,1,1,0,0,1,1,0,1,1,1,0,1,1,0,1,1
0,0,1,1,0,0,0,0,1,1,0,0,0,1,0,1,1,0,1,1,0,0,0,1,0,0,0,1,1,1,0,0,0,1,0,1,1,0,1,1
0,0,0,1,0,1,0,1,1,1,0,1,0,1,0,1,1,0,1,1,0,0,1,1,0,0,0,0,1,1,0,0,0,1,0,1,1,0,1,1
0,0,0,0,1,0,0,0,0,1,0,1,0,1,0,1,1,0,1,1,0,0,0,1,0,1,0,1,1,1,0,1,0,1,0,1,1,0,1,1
0,0,1,0,0,1,1,0,0,1,0,1,0,1,0,1,1,0,1,1,0,0,0,0,1,0,0,0,0,1,0,1,0,1,0,1,1,0,1,1
0,0,1,0,0,0,0,1,0,1,0,0,0,1,0,1,1,0,1,1,0,0,1,0,0,1,1,0,0,1,0,1,0,1,0,1,1,0,1,1
0,0,0,0,1,0,0,1,1,1,0,0,0,1,0,1,1,0,1,1,0,0,1,0,0,0,0,1,0,1,0,0,0,1,0,1,1,0,1,1
0,0,0,0,1,1,1,1,1,1,1,0,0,1,0,1,1,0,1,1,0,0,0,0,1,0,0,1,1,1,0,0,0,1,0,1,1,0,1,1
0,0,0,0,1,1,1,0,1,1,0,0,0,0,1,1,1,1,1,1,0,0,0,0,1,1,1,1,1,1,1,0,0,1,0,1,1,0,1,1
0,0,0,0,0,0,0,1,1,1,1,1,0,0,1,1,1,1,1,1,0,0,0,0,1,1,1,0,1,1,0,0,0,0,1,1,1,1,1,1
0,0,0,1,1,0,1,1,1,1,1,1,0,0,1,1,1,1,1,1,0,0,0,0,0,0,0,1,1,1,1,1,0,0,1,1,1,1,1,1
0,0,0,0,1,1,0,1,1,1,0,0,0,0,1,1,1,1,1,1,0,0,0,1,1,0,1,1,1,1,1,1,0,0,1,1,1,1,1,1
0,0,0,1,0,1,0,1,1,1,0,0,0,0,1,1,1,1,1,1,0,0,0,0,1,1,0,1,1,1,0,0,0,0,1,1,1,1,1,1
0,0,0,1,1,1,1,1,1,1,1,1,0,0,1,1,1,1,1,1,0,0,0,1,0,1,0,1,1,1,0,0,0,0,1,1,1,1,1,1
0,0,1,1,1,0,1,0,0,1,0,1,0,0,1,1,1,1,1,1,0,0,0,1,1,1,1,1,1,1,1,1,0,0,1,1,1,1,1,1
0,0,0,0,1,1,1,0,0,1,1,1,0,0,1,1,1,1,1,1,0,0,1,1,1,0,1,0,0,1,0,1,0,0,1,1,1,1,1,1
0,0,0,1,0,1,1,0,0,1,0,0,0,0,1,1,1,1,1,1,0,0,0,0,1,1,1,0,0,1,1,1,0,0,1,1,1,1,1,1
0,0,1,0,1,0,0,0,1,1,1,0,0,0,1,1,1,1,1,1,0,0,0,1,0,1,1,0,0,1,0,0,0,0,1,1,1,1,1,1
0,0,1,0,1,1,0,1,1,1,0,1,1,0,1,0,0,0,1,1,0,0,1,0,1,0,0,0,1,1,1,0,0,0,1,1,1,1,1,1
0,0,1,1,0,1,0,1,0,1,1,1,0,0,1,0,0,0,1,1,0,0,1,0,1,1,0,1,1,1,0,1,1,0,1,0,0,0,1,1
0,0,0,0,0,0,0,0,0,1,0,1,0,0,1,0,0,0,1,1,0,0,1,1,0,1,0,1,0,1,1,1,0,0,1,0,0,0,1,1
0,0,1,1,0,0,0,0,0,1,1,1,0,0,1,0,0,0,1,1,0,0,0,0,0,0,0,0,0,1,0,1,0,0,1,0,0,0,1,1
0,0,1,1,0,1,1,1,1,1,0,0,0,0,1,0,0,0,1,1,0,0,1,1,0,0,0,0,0,1,1,1,0,0,1,0,0,0,1,1
0,0,1,0,0,0,1,0,1,1,1,0,0,0,1,0,0,0,1,1,0,0,1,1,0,1,1,1,1,1,0,0,0,0,1,0,0,0,1,1
0,0,0,0,1,1,1,0,0,1,1,0,1,0,0,0,1,0,1,1,0,0,1,0,0,0,1,0,1,1,1,0,0,0,1,0,0,0,1,1
0,0,0,0,0,0,0,1,1,1,1,1,0,0,1,1,1,0,0,1,0,0,0,0,1,1,1,0,0,1,1,0,1,0,0,0,1,0,1,1
0,0,0,0,0,0,0,1,1,1,0,1,0,0,1,1,1,0,0,1,0,0,0,0,0,0,0,1,1,1,1,1,0,0,1,1,1,0,0,1
0,0,1,0,0,1,0,0,1,1,1,0,0,0,1,1,1,0,0,1,0,0,0,0,0,0,0,1,1,1,0,1,0,0,1,1,1,0,0,1
0,0,1,0,1,0,0,1,1,1,1,0,1,0,0,1,0,0,1,1,0,0,1,0,0,1,0,0,1,1,1,0,0,0,1,1,1,0,0,1
0,0,1,1,1,0,0,1,1,1,1,1,1,0,1,0,0,1,1,1,0,0,1,0,1,0,0,1,1,1,1,0,1,0,0,1,0,0,1,1
0,0,1,1,1,1,1,0,0,1,1,1,0,0,1,0,0,1,1,1,0,0,1,1,1,0,0,1,1,1,1,1,1,0,1,0,0,1,1,1
0,0,1,1,1,1,0,0,0,1,0,1,0,0,1,0,0,1,1,1,0,0,1,1,1,1,1,0,0,1,1,1,0,0,1,0,0,1,1,1
0,0,1,1,1,0,0,1,0,1,1,1,0,0,1,0,0,1,1,1,0,0,1,1,1,1,0,0,0,1,0,1,0,0,1,0,0,1,1,1
0,0,1,0,0,0,0,0,1,1,0,1,0,0,1,0,0,1,1,1,0,0,1,1,1,0,0,1,0,1,1,1,0,0,1,0,0,1,1,1
0,0,0,1,0,1,0,0,0,1,1,1,0,0,1,0,0,1,1,1,0,0,1,0,0,0,0,0,1,1,0,1,0,0,1,0,0,1,1,1
0,0,1,1,1,1,0,0,0,1,0,1,0,0,1,0,0,1,1,1,0,0,0,1,0,1,0,0,0,1,1,1,0,0,1,0,0,1,1,1
0,0,1,1,1,0,1,1,0,1,0,1,0,0,1,0,0,1,1,1,0,0,1,1,1,1,0,0,0,1,0,1,0,0,1,0,0,1,1,1
0,0,0,1,0,0,0,1,0,1,0,1,0,0,1,0,0,1,1,1,0,0,1,1,1,0,1,1,0,1,0,1,0,0,1,0,0,1,1,1
0,0,1,1,1,0,0,0,1,1,1,0,0,0,1,0,0,1,1,1,0,0,0,1,0,0,0,1,0,1,0,1,0,0,1,0,0,1,1,1
0,0,0,1,1,0,1,1,0,1,0,0,1,1,1,0,0,0,1,1,0,0,1,1,1,0,0,0,1,1,1,0,0,0,1,0,0,1,1,1
0,0,0,1,1,1,1,0,0,1,0,0,1,1,1,0,0,0,1,1,0,0,0,1,1,0,1,1,0,1,0,0,1,1,1,0,0,0,1,1
0,0,1,1,0,1,0,0,0,1,0,0,1,1,1,0,0,0,1,1,0,0,0,1,1,1,1,0,0,1,0,0,1,1,1,0,0,0,1,1
0,0,1,0,0,0,0,0,1,1,1,0,1,1,1,0,0,0,1,1,0,0,1,1,0,1,0,0,0,1,0,0,1,1,1,0,0,0,1,1
0,0,1,1,1,1,0,0,0,1,0,0,1,0,0,0,0,0,1,1,0,0,1,0,0,0,0,0,1,1,1,0,1,1,1,0,0,0,1,1
0,0,1,1,0,0,1,0,1,1,1,1,1,0,0,0,0,0,1,1,0,0,1,1,1,1,0,0,0,1,0,0,1,0,0,0,0,0,1,1
0,0,0,1,1,0,0,0,1,1,0,0,0,0,0,0,0,0,1,1,0,0,1,1,0,0,1,0,1,1,1,1,1,0,0,0,0,0,1,1
0,0,1,1,1,1,0,0,1,1,1,1,0,0,0,0,0,0,1,1,0,0,0,1,1,0,0,0,1,1,0,0,0,0,0,0,0,0,1,1
0,0,0,1,1,0,0,0,0,1,0,0,0,0,0,0,0,0,1,1,0,0,1,1,1,1,0,0,1,1,1,1,0,0,0,0,0,0,1,1
0,0,1,1,0,1,0,1,1,1,1,0,0,0,0,0,0,0,1,1,0,0,0,1,1,0,0,0,0,1,0,0,0,0,0,0,0,0,1,1
0,0,1,0,0,0,0,0,1,1,0,1,1,1,0,1,0,1,1,1,0,0,1,1,0,1,0,1,1,1,1,0,0,0,0,0,0,0,1,1
0,0,1,0,0,1,0,0,0,1,0,1,0,1,0,1,0,1,1,1,0,0,1,0,0,0,0,0,1,1,0,1,1,1,0,1,0,1,1,1
0,0,1,1,0,1,0,0,0,1,0,1,0,1,0,1,0,1,1,1,0,0,1,0,0,1,0,0,0,1,0,1,0,1,0,1,0,1,1,1
0,0,0,0,0,0,0,1,1,1,0,0,0,1,0,1,0,1,1,1,0,0,1,1,0,1,0,0,0,1,0,1,0,1,0,1,0,1,1,1
0,0,0,0,0,0,0,0,1,1,0,1,0,1,0,1,0,1,1,1,0,0,0,0,0,0,0,1,1,1,0,0,0,1,0,1,0,1,1,1
0,0,0,0,1,1,0,1,1,1,0,0,0,1,0,1,0,1,1,1,0,0,0,0,0,0,0,0,1,1,0,1,0,1,0,1,0,1,1,1
0,0,0,0,0,0,1,1,1,1,0,0,0,1,0,1,0,1,1,1,0,0,0,0,1,1,0,1,1,1,0,0,0,1,0,1,0,1,1,1
0,0,1,0,0,1,0,1,1,1,1,1,0,1,0,1,0,1,1,1,0,0,0,0,0,0,1,1,1,1,0,0,0,1,0,1,0,1,1,1
0,0,1,0,0,0,1,1,1,1,0,1,0,1,0,1,0,1,1,1,0,0,1,0,0,1,0,1,1,1,1,1,0,1,0,1,0,1,1,1
0,0,1,0,0,0,0,0,1,1,0,0,0,1,0,1,0,1,1,1,0,0,1,0,0,0,1,1,1,1,0,1,0,1,0,1,0,1,1,1
0,0,0,1,0,0,1,1,1,1,0,0,0,1,0,1,0,1,1,1,0,0,1,0,0,0,0,0,1,1,0,0,0,1,0,1,0,1,1,1
0,0,1,1,0,0,1,1,0,1,0,0,0,1,0,1,0,1,1,1,0,0,0,1,0,0,1,1,1,1,0,0,0,1,0,1,0,1,1,1
0,0,0,1,0,0,1,0,1,1,0,0,0,1,0,1,0,1,1,1,0,0,1,1,0,0,1,1,0,1,0,0,0,1,0,1,0,1,1,1
0,0,1,1,1,1,0,0,1,1,1,1,0,1,0,1,0,1,1,1,0,0,0,1,0,0,1,0,1,1,0,0,0,1,0,1,0,1,1,1
0,0,1,1,1,1,0,0,1,1,1,1,0,1,0,1,0,1,1,1,0,0,1,1,1,1,0,0,1,1,1,1,0,1,0,1,0,1,1,1
0,0,1,1,0,1,1,1,1,1,1,1,0,1,0,1,0,1,1,1,0,0,1,1,1,1,0,0,1,1,1,1,0,1,0,1,0,1,1,1
0,0,0,1,0,0,0,0,1,1,0,1,0,1,0,1,0,1,1,1,0,0,1,1,0,1,1,1,1,1,1,1,0,1,0,1,0,1,1,1
0,0,1,1,1,0,1,1,1,1,0,1,0,1,0,1,0,1,1,1,0,0,0,1,0,0,0,0,1,1,0,1,0,1,0,1,0,1,1,1
0,0,0,0,0,0,1,0,1,1,1,0,0,1,0,1,0,1,1,1,0,0,1,1,1,0,1,1,1,1,0,1,0,1,0,1,0,1,1,1
0,0,0,0,1,1,1,0,1,1,1,0,0,0,0,0,1,0,1,1,0,0,0,0,0,0,1,0,1,1,1,0,0,1,0,1,0,1,1,1
0,0,0,0,1,0,1,1,1,1,1,0,0,0,1,1,1,0,1,1,0,0,0,0,1,1,1,0,1,1,1,0,0,0,0,0,1,0,1,1
0,0,0,0,0,0,0,1,0,1,0,0,0,0,1,0,1,1,1,1,0,0,0,0,1,0,1,1,1,1,1,0,0,0,1,1,1,0,1,1
0,0,1,1,0,1,1,1,0,1,1,1,0,0,1,0,1,1,1,1,0,0,0,0,0,0,0,1,0,1,0,0,0,0,1,0,1,1,1,1
0,0,1,1,1,0,0,0,0,1,0,0,0,0,1,0,1,1,1,1,0,0,1,1,0,1,1,1,0,1,1,1,0,0,1,0,1,1,1,1
0,0,1,0,0,0,0,1,1,1,0,1,0,0,1,0,1,1,1,1,0,0,1,1,1,0,0,0,0,1,0,0,0,0,1,0,1,1,1,1
0,0,1,0,0,1,1,0,0,1,1,0,0,0,1,0,1,1,1,1,0,0,1,0,0,0,0,1,1,1,0,1,0,0,1,0,1,1,1,1
0,0,0,0,0,1,0,0,0,1,0,0,1,0,0,1,1,0,0,1,0,0,1,0,0,1,1,0,0,1,1,0,0,0,1,0,1,1,1,1
0,0,1,1,0,1,0,0,1,1,0,0,1,0,0,1,1,0,0,1,0,0,0,0,0,1,0,0,0,1,0,0,1,0,0,1,1,0,0,1
0,0,1,1,0,1,0,1,1,1,1,1,1,0,0,1,1,0,0,1,0,0,1,1,0,1,0,0,1,1,0,0,1,0,0,1,1,0,0,1
0,0,0,1,1,0,0,1,1,1,1,0,0,0,0,1,1,0,0,1,0,0,1,1,0,1,0,1,1,1,1,1,1,0,0,1,1,0,0,1
0,0,1,0,0,0,0,0,1,1,1,1,0,1,1,0,0,1,1,1,0,0,0,1,1,0,0,1,1,1,1,0,0,0,0,1,1,0,0,1
0,0,0,1,1,1,0,0,0,1,0,0,0,1,1,0,0,1,1,1,0,0,1,0,0,0,0,0,1,1,1,1,0,1,1,0,0,1,1,1
0,0,0,1,1,1,0,0,1,1,0,0,0,1,1,0,0,1,1,1,0,0,0,1,1,1,0,0,0,1,0,0,0,1,1,0,0,1,1,1
0,0,0,1,1,0,0,0,0,1,1,1,0,1,1,0,0,1,1,1,0,0,0,1,1,1,0,0,1,1,0,0,0,1,1,0,0,1,1,1
0,0,0,1,1,0,0,0,0,1,1,0,0,1,1,0,0,1,1,1,0,0,0,1,1,0,0,0,0,1,1,1,0,1,1,0,0,1,1,1
0,0,0,0,0,0,0,1,0,1,1,0,0,1,1,0,0,1,1,1,0,0,0,1,1,0,0,0,0,1,1,0,0,1,1,0,0,1,1,1
0,0,0,1,1,1,0,0,0,1,0,0,0,0,0,0,0,1,1,1,0,0,0,0,0,0,0,1,0,1,1,0,0,1,1,0,0,1,1,1
0,0,1,1,0,0,0,0,1,1,0,0,0,0,0,0,0,1,1,1,0,0,0,1,1,1,0,0,0,1,0,0,0,0,0,0,0,1,1,1
0,0,1,1,0,0,1,1,1,1,1,1,0,0,0,0,0,1,1,1,0,0,1,1,0,0,0,0,1,1,0,0,0,0,0,0,0,1,1,1
0,0,0,0,1,0,0,1,0,1,0,1,0,0,0,0,0,1,1,1,0,0,1,1,0,0,1,1,1,1,1,1,0,0,0,0,0,1,1,1
0,0,0,1,0,1,0,0,0,1,0,0,0,0,0,0,0,1,1,1,0,0,0,0,1,0,0,1,0,1,0,1,0,0,0,0,0,1,1,1
0,0,1,0,1,1,1,1,1,1,1,0,0,0,0,0,0,1,1,1,0,0,0,1,0,1,0,0,0,1,0,0,0,0,0,0,0,1,1,1
0,0,1,1,0,1,0,1,1,1,0,0,1,0,1,1,1,1,1,1,0,0,1,0,1,1,1,1,1,1,1,0,0,0,0,0,0,1,1,1
0,0,0,0,1,1,0,0,1,1,1,0,1,0,1,1,1,1,1,1,0,0,1,1,0,1,0,1,1,1,0,0,1,0,1,1,1,1,1,1
0,0,0,1,0,1,1,0,1,1,1,1,0,0,1,1,0,0,1,1,0,0,0,0,1,1,0,0,1,1,1,0,1,0,1,1,1,1,1,1
0,0,1,1,1,0,1,0,1,1,1,0,0,0,1,1,0,0,1,1,0,0,0,1,0,1,1,0,1,1,1,1,0,0,1,1,0,0,1,1
0,0,1,0,0,0,0,1,1,1,0,0,1,1,1,0,1,0,1,1,0,0,1,1,1,0,1,0,1,1,1,0,0,0,1,1,0,0,1,1
0,0,0,1,0,1,0,0,0,1,0,1,1,1,1,0,1,0,1,1,0,0,1,0,0,0,0,1,1,1,0,0,1,1,1,0,1,0,1,1
0,0,0,0,0,0,0,1,0,1,0,1,0,1,1,0,1,0,1,1,0,0,0,1,0,1,0,0,0,1,0,1,1,1,1,0,1,0,1,1
0,0,0,0,0,0,1,1,1,1,1,0,0,1,1,0,1,0,1,1,0,0,0,0,0,0,0,1,0,1,0,1,0,1,1,0,1,0,1,1
0,0,0,1,0,1,1,0,1,1,0,0,0,0,0,0,1,1,1,1,0,0,0,0,0,0,1,1,1,1,1,0,0,1,1,0,1,0,1,1
0,0,1,1,1,1,1,0,1,1,0,1,0,0,0,0,1,1,1,1,0,0,0,1,0,1,1,0,1,1,0,0,0,0,0,0,1,1,1,1
0,0,0,1,1,0,1,1,1,1,0,0,0,0,0,0,1,1,1,1,0,0,1,1,1,1,1,0,1,1,0,1,0,0,0,0,1,1,1,1
0,0,1,1,1,0,1,1,1,1,1,1,0,0,0,0,1,1,1,1,0,0,0,1,1,0,1,1,1,1,0,0,0,0,0,0,1,1,1,1
0,0,1,0,1,1,0,1,1,1,1,1,0,0,0,0,1,1,1,1,0,0,1,1,1,0,1,1,1,1,1,1,0,0,0,0,1,1,1,1
0,0,0,1,0,1,0,1,0,1,1,0,0,0,0,0,1,1,1,1,0,0,1,0,1,1,0,1,1,1,1,1,0,0,0,0,1,1,1,1
0,0,1,0,0,1,1,1,0,1,1,0,0,1,0,1,0,1,0,1,0,0,0,1,0,1,0,1,0,1,1,0,0,0,0,0,1,1,1,1
0,0,1,1,0,0,1,1,0,1,1,1,1,0,0,1,1,1,0,1,0,0,1,0,0,1,1,1,0,1,1,0,0,1,0,1,0,1,0,1
0,0,1,1,1,0,1,1,0,1,0,1,0,0,0,1,1,1,0,1,0,0,1,1,0,0,1,1,0,1,1,1,1,0,0,1,1,1,0,1
0,0,0,0,0,0,1,1,0,1,1,1,0,0,0,1,1,1,0,1,0,0,1,1,1,0,1,1,0,1,0,1,0,0,0,1,1,1,0,1
0,0,0,0,1,1,1,1,0,1,1,0,0,0,0,1,1,1,0,1,0,0,0,0,0,0,1,1,0,1,1,1,0,0,0,1,1,1,0,1
0,0,1,0,1,0,0,0,1,1,0,1,0,0,1,1,1,1,0,1,0,0,0,0,1,1,1,1,0,1,1,0,0,0,0,1,1,1,0,1
0,0,0,1,1,1,1,1,1,1,1,0,0,0,1,1,1,1,0,1,0,0,1,0,1,0,0,0,1,1,0,1,0,0,1,1,1,1,0,1
0,0,0,1,0,1,0,1,0,1,1,0,0,1,1,1,1,1,1,1,0,0,0,1,1,1,1,1,1,1,1,0,0,0,1,1,1,1,0,1
0,0,0,1,0,0,0,0,1,1,1,0,0,1,0,1,0,1,0,1,0,0,0,1,0,1,0,1,0,1,1,0,0,1,1,1,1,1,1,1
0,0,1,0,0,0,1,0,1,1,0,0,0,1,0,0,0,0,1,1,0,0,0,1,0,0,0,0,1,1,1,0,0,1,0,1,0,1,0,1
0,0,1,0,0,0,0,0,1,1,0,0,0,1,0,0,0,0,1,1,0,0,1,0,0,0,1,0,1,1,0,0,0,1,0,0,0,0,1,1
0,0,0,0,1,0,0,1,0,1,0,1,0,1,0,0,0,0,1,1,0,0,1,0,0,0,0,0,1,1,0,0,0,1,0,0,0,0,1,1
0,0,0,1,0,1,0,1,0,1,0,0,0,1,0,0,0,0,1,1,0,0,0,0,1,0,0,1,0,1,0,1,0,1,0,0,0,0,1,1
0,0,1,0,1,1,1,1,1,1,1,0,0,1,0,0,0,0,1,1,0,0,0,1,0,1,0,1,0,1,0,0,0,1,0,0,0,0,1,1
0,0,1,0,0,1,1,0,1,1,1,0,1,0,1,1,1,1,1,1,0,0,1,0,1,1,1,1,1,1,1,0,0,1,0,0,0,0,1,1
0,0,1,0,0,1,0,1,1,1,1,1,1,0,0,1,1,0,1,1,0,0,1,0,0,1,1,0,1,1,1,0,1,0,1,1,1,1,1,1
0,0,1,0,1,1,1,0,1,1,0,1,0,0,0,1,1,0,1,1,0,0,1,0,0,1,0,1,1,1,1,1,1,0,0,1,1,0,1,1
0,0,0,0,0,1,1,1,1,1,0,0,0,0,0,1,1,0,1,1,0,0,1,0,1,1,1,0,1,1,0,1,0,0,0,1,1,0,1,1
0,0,1,1,1,1,1,1,1,1,0,1,0,0,0,1,1,0,1,1,0,0,0,0,0,1,1,1,1,1,0,0,0,0,0,1,1,0,1,1
0,0,1,0,0,1,1,0,1,1,1,1,0,0,0,1,1,0,1,1,0,0,1,1,1,1,1,1,1,1,0,1,0,0,0,1,1,0,1,1
0,0,0,1,0,1,1,1,1,1,0,1,0,0,0,1,1,0,1,1,0,0,1,0,0,1,1,0,1,1,1,1,0,0,0,1,1,0,1,1
0,0,1,0,1,1,0,0,1,1,1,0,0,0,0,1,1,0,1,1,0,0,0,1,0,1,1,1,1,1,0,1,0,0,0,1,1,0,1,1
0,0,0,1,0,0,1,0,1,1,0,0,1,0,1,1,0,0,1,1,0,0,1,0,1,1,0,0,1,1,1,0,0,0,0,1,1,0,1,1
0,0,0,0,0,1,1,0,1,1,1,1,1,0,1,1,0,0,1,1,0,0,0,1,0,0,1,0,1,1,0,0,1,0,1,1,0,0,1,1
0,0,1,0,1,1,0,1,0,1,1,0,0,0,1,1,0,0,1,1,0,0,0,0,0,1,1,0,1,1,1,1,1,0,1,1,0,0,1,1
0,0,1,0,1,1,0,1,0,1,1,1,1,0,1,1,0,1,0,1,0,0,1,0,1,1,0,1,0,1,1,0,0,0,1,1,0,0,1,1
0,0,0,0,0,1,1,1,1,1,0,0,0,0,1,1,0,1,0,1,0,0,1,0,1,1,0,1,0,1,1,1,1,0,1,1,0,1,0,1
0,0,1,0,0,0,1,1,0,1,1,0,0,0,1,1,0,1,0,1,0,0,0,0,0,1,1,1,1,1,0,0,0,0,1,1,0,1,0,1
0,0,1,0,0,0,1,1,0,1,0,0,1,0,0,0,1,1,0,1,0,0,1,0,0,0,1,1,0,1,1,0,0,0,1,1,0,1,0,1
0,0,0,1,0,1,1,0,1,1,0,1,1,0,0,0,1,1,0,1,0,0,1,0,0,0,1,1,0,1,0,0,1,0,0,0,1,1,0,1
0,0,0,0,1,0,0,1,0,1,0,1,0,0,0,0,1,1,0,1,0,0,0,1,0,1,1,0,1,1,0,1,1,0,0,0,1,1,0,1
0,0,0,0,0,0,1,1,0,1,1,0,0,0,0,0,1,1,0,1,0,0,0,0,1,0,0,1,0,1,0,1,0,0,0,0,1,1,0,1
0,0,1,1,0,0,0,1,1,1,1,1,0,0,0,0,1,1,0,1,0,0,0,0,0,0,1,1,0,1,1,0,0,0,0,0,1,1,0,1
0,0,1,0,1,1,1,0,1,1,1,0,0,0,0,0,1,1,0,1,0,0,1,1,0,0,0,1,1,1,1,1,0,0,0,0,1,1,0,1
0,0,0,1,1,0,1,1,1,1,1,1,1,0,1,1,1,0,1,1,0,0,1,0,1,1,1,0,1,1,1,0,0,0,0,0,1,1,0,1
0,0,0,1,1,0,1,1,0,1,0,0,0,0,1,1,1,0,1,1,0,0,0,1,1,0,1,1,1,1,1,1,1,0,1,1,1,0,1,1
0,0,1,1,1,1,1,1,1,1,0,0,0,0,1,1,1,0,1,1,0,0,0,1,1,0,1,1,0,1,0,0,0,0,1,1,1,0,1,1
0,0,0,0,1,1,0,1,1,1,0,0,0,0,1,1,1,0,1,1,0,0,1,1,1,1,1,1,1,1,0,0,0,0,1,1,1,0,1,1
0,0,0,0,1,0,0,1,1,1,0,1,0,0,1,1,1,0,1,1,0,0,0,0,1,1,0,1,1,1,0,0,0,0,1,1,1,0,1,1
0,0,0,0,0,0,1,1,1,1,0,1,0,0,1,1,1,0,1,1,0,0,0,0,1,0,0,1,1,1,0,1,0,0,1,1,1,0,1,1
0,0,0,1,0,1,0,1,1,1,1,0,0,0,1,1,1,0,1,1,0,0,0,0,0,0,1,1,1,1,0,1,0,0,1,1,1,0,1,1
0,0,0,0,1,1,0,1,1,1,1,0,0,1,0,1,0,1,1,1,0,0,0,1,0,1,0,1,1,1,1,0,0,0,1,1,1,0,1,1
0,0,1,1,1,1,0,1,0,1,0,0,0,0,1,1,0,1,1,1,0,0,0,0,1,1,0,1,1,1,1,0,0,1,0,1,0,1,1,1
0,0,0,1,1,0,0,1,1,1,0,1,0,0,1,1,0,1,1,1,0,0,1,1,1,1,0,1,0,1,0,0,0,0,1,1,0,1,1,1
0,0,0,0,0,1,0,0,1,1,0,1,0,0,1,1,0,1,1,1,0,0,0,1,1,0,0,1,1,1,0,1,0,0,1,1,0,1,1,1
0,0,1,0,0,0,1,1,1,1,0,1,0,0,1,1,0,1,1,1,0,0,0,0,0,1,0,0,1,1,0,1,0,0,1,1,0,1,1,1
0,0,0,1,1,0,1,0,1,1,1,0,0,0,1,1,0,1,1,1,0,0,1,0,0,0,1,1,1,1,0,1,0,0,1,1,0,1,1,1
0,0,1,0,0,0,1,1,1,1,1,1,0,1,1,0,1,0,1,1,0,0,0,1,1,0,1,0,1,1,1,0,0,0,1,1,0,1,1,1
0,0,1,1,1,0,1,1,1,1,0,1,0,1,1,0,1,0,1,1,0,0,1,0,0,0,1,1,1,1,1,1,0,1,1,0,1,0,1,1
0,0,0,1,0,1,0,1,1,1,1,1,0,1,1,0,1,0,1,1,0,0,1,1,1,0,1,1,1,1,0,1,0,1,1,0,1,0,1,1
0,0,0,0,1,0,1,1,1,1,0,0,0,1,1,0,1,0,1,1,0,0,0,1,0,1,0,1,1,1,1,1,0,1,1,0,1,0,1,1
0,0,1,1,0,1,1,0,1,1,1,1,0,1,1,0,1,0,1,1,0,0,0,0,1,0,1,1,1,1,0,0,0,1,1,0,1,0,1,1
0,0,1,1,0,0,0,0,0,1,0,1,0,1,1,0,1,0,1,1,0,0,1,1,0,1,1,0,1,1,1,1,0,1,1,0,1,0,1,1
0,0,0,0,1,1,1,0,0,1,0,0,0,1,1,0,1,0,1,1,0,0,1,1,0,0,0,0,0,1,0,1,0,1,1,0,1,0,1,1
0,0,1,0,1,0,0,1,1,1,0,0,0,1,1,0,1,0,1,1,0,0,0,0,1,1,1,0,0,1,0,0,0,1,1,0,1,0,1,1
0,0,0,0,0,0,0,0,0,1,0,0,0,1,1,0,1,0,1,1,0,0,1,0,1,0,0,1,1,1,0,0,0,1,1,0,1,0,1,1
0,0,0,1,0,0,1,1,0,1,0,0,0,1,1,0,1,0,1,1,0,0,0,0,0,0,0,0,0,1,0,0,0,1,1,0,1,0,1,1
0,0,0,1,1,1,1,1,0,1,0,0,0,1,1,0,1,0,1,1,0,0,0,1,0,0,1,1,0,1,0,0,0,1,1,0,1,0,1,1
0,0,0,0,1,1,0,1,0,1,0,0,0,1,1,0,1,0,1,1,0,0,0,1,1,1,1,1,0,1,0,0,0,1,1,0,1,0,1,1
0,0,0,0,0,1,1,0,1,1,1,0,0,1,1,0,1,0,1,1,0,0,0,0,1,1,0,1,0,1,0,0,0,1,1,0,1,0,1,1
0,0,0,1,1,0,0,1,1,1,0,0,0,0,0,1,1,0,1,1,0,0,0,0,0,1,1,0,1,1,1,0,0,1,1,0,1,0,1,1
0,0,0,0,0,1,0,1,1,1,1,1,0,0,0,1,1,0,1,1,0,0,0,1,1,0,0,1,1,1,0,0,0,0,0,1,1,0,1,1
0,0,1,1,0,0,1,1,1,1,0,1,0,0,0,1,1,0,1,1,0,0,0,0,0,1,0,1,1,1,1,1,0,0,0,1,1,0,1,1
0,0,0,0,1,1,1,0,1,1,0,1,0,0,0,1,1,0,1,1,0,0,1,1,0,0,1,1,1,1,0,1,0,0,0,1,1,0,1,1
0,0,0,1,1,0,0,1,1,1,0,0,0,0,0,1,1,0,1,1,0,0,0,0,1,1,1,0,1,1,0,1,0,0,0,1,1,0,1,1
0,0,0,0,1,1,1,1,1,1,1,1,0,0,0,1,1,0,1,1,0,0,0,1,1,0,0,1,1,1,0,0,0,0,0,1,1,0,1,1
0,0,1,0,1,0,1,1,1,1,1,1,0,0,0,1,1,0,1,1,0,0,0,0,1,1,1,1,1,1,1,1,0,0,0,1,1,0,1,1
0,0,0,1,0,1,0,1,1,1,1,1,0,0,0,1,1,0,1,1,0,0,1,0,1,0,1,1,1,1,1,1,0,0,0,1,1,0,1,1
0,0,0,1,0,0,1,1,1,1,0,0,0,0,0,1,1,0,1,1,0,0,0,1,0,1,0,1,1,1,1,1,0,0,0,1,1,0,1,1
0,0,1,0,1,0,1,1,0,1,1,0,0,0,0,1,1,0,1,1,0,0,0,1,0,0,1,1,1,1,0,0,0,0,0,1,1,0,1,1
0,0,1,1,0,0,1,0,1,1,1,1,1,0,1,0,1,1,0,1,0,0,1,0,1,0,1,1,0,1,1,0,0,0,0,1,1,0,1,1
0,0,0,0,0,1,0,1,0,1,1,0,0,0,1,0,1,1,0,1,0,0,1,1,0,0,1,0,1,1,1,1,1,0,1,0,1,1,0,1
0,0,0,0,1,1,0,0,0,1,0,0,0,0,0,1,0,1,0,1,0,0,0,0,0,1,0,1,0,1,1,0,0,0,1,0,1,1,0,1
0,0,0,0,1,0,1,1,0,1,0,1,0,0,0,1,0,1,0,1,0,0,0,0,1,1,0,0,0,1,0,0,0,0,0,1,0,1,0,1
0,0,1,0,0,1,0,1,1,1,1,0,0,0,0,1,0,1,0,1,0,0,0,0,1,0,1,1,0,1,0,1,0,0,0,1,0,1,0,1
0,0,1,0,0,1,1,1,1,1,0,1,1,0,0,1,0,1,1,1,0,0,1,0,0,1,0,1,1,1,1,0,0,0,0,1,0,1,0,1
0,0,1,0,1,0,1,0,1,1,0,0,0,0,0,1,0,1,1,1,0,0,1,0,0,1,1,1,1,1,0,1,1,0,0,1,0,1,1,1
0,0,1,1,1,1,0,0,1,1,0,1,0,0,0,1,0,1,1,1,0,0,1,0,1,0,1,0,1,1,0,0,0,0,0,1,0,1,1,1
0,0,0,1,0,1,1,0,0,1,0,0,0,0,0,1,0,1,1,1,0,0,1,1,1,1,0,0,1,1,0,1,0,0,0,1,0,1,1,1
0,0,1,1,1,1,1,0,0,1,0,0,0,0,0,1,0,1,1,1,0,0,0,1,0,1,1,0,0,1,0,0,0,0,0,1,0,1,1,1
0,0,0,1,0,1,1,0,1,1,0,0,0,0,0,1,0,1,1,1,0,0,1,1,1,1,1,0,0,1,0,0,0,0,0,1,0,1,1,1
0,0,1,0,1,0,0,1,1,1,0,1,0,0,0,1,0,1,1,1,0,0,0,1,0,1,1,0,1,1,0,0,0,0,0,1,0,1,1,1
0,0,0,1,1,0,0,1,1,1,0,1,0,0,0,1,0,1,1,1,0,0,1,0,1,0,0,1,1,1,0,1,0,0,0,1,0,1,1,1
0,0,0,0,1,1,0,1,1,1,0,0,0,0,0,1,0,1,1,1,0,0,0,1,1,0,0,1,1,1,0,1,0,0,0,1,0,1,1,1
0,0,1,0,0,0,0,0,1,1,1,0,0,0,0,1,0,1,1,1,0,0,0,0,1,1,0,1,1,1,0,0,0,0,0,1,0,1,1,1
0,0,0,1,0,1,0,0,0,1,0,1,1,0,0,0,0,0,1,1,0,0,1,0,0,0,0,0,1,1,1,0,0,0,0,1,0,1,1,1
0,0,0,1,1,0,1,0,0,1,0,1,0,0,0,0,0,0,1,1,0,0,0,1,0,1,0,0,0,1,0,1,1,0,0,0,0,0,1,1
0,0,0,0,0,1,1,1,1,1,1,0,0,0,0,0,0,0,1,1,0,0,0,1,1,0,1,0,0,1,0,1,0,0,0,0,0,0,1,1
0,0,1,1,1,1,0,1,1,1,0,1,0,0,0,1,1,1,1,1,0,0,0,0,0,1,1,1,1,1,1,0,0,0,0,0,0,0,1,1
0,0,1,0,0,1,0,0,1,1,1,0,0,0,0,1,1,1,1,1,0,0,1,1,1,1,0,1,1,1,0,1,0,0,0,1,1,1,1,1
0,0,0,1,0,0,1,1,0,1,0,1,1,0,0,1,0,0,1,1,0,0,1,0,0,1,0,0,1,1,1,0,0,0,0,1,1,1,1,1
0,0,1,1,0,0,1,1,0,1,1,1,0,0,0,1,0,0,1,1,0,0,0,1,0,0,1,1,0,1,0,1,1,0,0,1,0,0,1,1
0,0,0,0,1,1,0,1,0,1,0,1,0,0,0,1,0,0,1,1,0,0,1,1,0,0,1,1,0,1,1,1,0,0,0,1,0,0,1,1
0,0,0,1,1,0,0,0,1,1,0,1,0,0,0,1,0,0,1,1,0,0,0,0,1,1,0,1,0,1,0,1,0,0,0,1,0,0,1,1
0,0,0,0,1,0,0,1,0,1,1,1,0,0,0,1,0,0,1,1,0,0,0,1,1,0,0,0,1,1,0,1,0,0,0,1,0,0,1,1
0,0,0,0,0,1,0,0,0,1,0,0,0,0,0,1,0,0,1,1,0,0,0,0,1,0,0,1,0,1,1,1,0,0,0,1,0,0,1,1
0,0,0,0,0,0,0,0,1,1,1,1,0,0,0,1,0,0,1,1,0,0,0,0,0,1,0,0,0,1,0,0,0,0,0,1,0,0,1,1
0,0,1,0,1,1,0,0,1,1,1,0,0,0,0,1,0,0,1,1,0,0,0,0,0,0,0,0,1,1,1,1,0,0,0,1,0,0,1,1
0,0,0,0,1,1,1,0,0,1,1,0,1,0,1,1,0,0,1,1,0,0,1,0,1,1,0,0,1,1,1,0,0,0,0,1,0,0,1,1
0,0,0,1,0,0,1,1,1,1,0,0,0,0,1,1,1,0,0,1,0,0,0,0,1,1,1,0,0,1,1,0,1,0,1,1,0,0,1,1
0,0,0,0,1,1,1,1,1,1,1,1,0,0,1,1,1,0,0,1,0,0,0,1,0,0,1,1,1,1,0,0,0,0,1,1,1,0,0,1
0,0,1,1,1,1,0,0,1,1,1,1,0,0,1,1,1,0,0,1,0,0,0,0,1,1,1,1,1,1,1,1,0,0,1,1,1,0,0,1
0,0,1,1,0,0,0,1,1,1,0,0,0,0,1,1,1,0,0,1,0,0,1,1,1,1,0,0,1,1,1,1,0,0,1,1,1,0,0,1
0,0,0,1,0,0,1,1,1,1,1,0,0,0,1,1,1,0,0,1,0,0,1,1,0,0,0,1,1,1,0,0,0,0,1,1,1,0,0,1
0,0,0,0,1,0,0,1,1,1,0,0,0,1,0,0,1,1,1,1,0,0,0,1,0,0,1,1,1,1,1,0,0,0,1,1,1,0,0,1
0,0,0,0,1,1,1,0,1,1,0,1,0,1,0,0,1,1,1,1,0,0,0,0,1,0,0,1,1,1,0,0,0,1,0,0,1,1,1,1
0,0,1,1,1,0,0,0,1,1,0,0,0,1,0,0,1,1,1,1,0,0,0,0,1,1,1,0,1,1,0,1,0,1,0,0,1,1,1,1
0,0,1,0,0,1,0,0,0,1,1,1,0,1,0,0,1,1,1,1,0,0,1,1,1,0,0,0,1,1,0,0,0,1,0,0,1,1,1,1
0,0,1,0,1,0,1,1,0,1,1,1,0,1,0,0,1,1,1,1,0,0,1,0,0,1,0,0,0,1,1,1,0,1,0,0,1,1,1,1
0,0,1,1,0,1,1,0,0,1,1,1,0,1,0,0,1,1,1,1,0,0,1,0,1,0,1,1,0,1,1,1,0,1,0,0,1,1,1,1
0,0,1,0,0,1,0,0,1,1,1,0,0,1,0,0,1,1,1,1,0,0,1,1,0,1,1,0,0,1,1,1,0,1,0,0,1,1,1,1
0,0,0,0,1,0,1,0,0,1,1,1,1,0,0,1,0,0,1,1,0,0,1,0,0,1,0,0,1,1,1,0,0,1,0,0,1,1,1,1
0,0,0,1,0,0,0,0,1,1,0,0,0,0,0,1,0,0,1,1,0,0,0,0,1,0,1,0,0,1,1,1,1,0,0,1,0,0,1,1
0,0,0,1,0,0,1,0,1,1,0,0,0,0,0,1,0,0,1,1,0,0,0,1,0,0,0,0,1,1,0,0,0,0,0,1,0,0,1,1
0,0,1,1,0,1,0,1,1,1,0,1,0,0,0,1,0,0,1,1,0,0,0,1,0,0,1,0,1,1,0,0,0,0,0,1,0,0,1,1
0,0,1,1,0,1,1,1,1,1,0,1,0,0,0,1,0,0,1,1,0,0,1,1,0,1,0,1,1,1,0,1,0,0,0,1,0,0,1,1
0,0,1,0,1,0,1,1,1,1,1,0,0,0,0,1,0,0,1,1,0,0,1,1,0,1,1,1,1,1,0,1,0,0,0,1,0,0,1,1
0,0,0,1,0,0,1,1,1,1,1,0,1,0,1,0,1,1,1,1,0,0,1,0,1,0,1,1,1,1,1,0,0,0,0,1,0,0,1,1
0,0,1,0,0,1,1,1,1,1,0,0,0,1,0,0,1,1,1,1,0,0,0,1,0,0,1,1,1,1,1,0,1,0,1,0,1,1,1,1
0,0,0,1,0,1,0,0,1,1,1,1,0,1,0,0,1,1,1,1,0,0,1,0,0,1,1,1,1,1,0,0,0,1,0,0,1,1,1,1
0,0,1,1,1,1,1,0,1,1,0,0,0,1,0,0,1,1,1,1,0,0,0,1,0,1,0,0,1,1,1,1,0,1,0,0,1,1,1,1
0,0,1,1,1,1,0,0,1,1,1,1,0,1,0,0,1,1,1,1,0,0,1,1,1,1,1,0,1,1,0,0,0,1,0,0,1,1,1,1
0,0,0,0,1,1,1,1,1,1,0,0,0,1,0,0,1,1,1,1,0,0,1,1,1,1,0,0,1,1,1,1,0,1,0,0,1,1,1,1
0,0,1,0,0,1,1,1,0,1,0,0,0,1,0,0,1,1,1,1,0,0,0,0,1,1,1,1,1,1,0,0,0,1,0,0,1,1,1,1
0,0,0,0,1,0,1,0,0,1,1,1,0,1,0,0,1,1,1,1,0,0,1,0,0,1,1,1,0,1,0,0,0,1,0,0,1,1,1,1
0,0,1,0,0,1,0,1,1,1,0,1,0,1,0,0,1,1,1,1,0,0,0,0,1,0,1,0,0,1,1,1,0,1,0,0,1,1,1,1
0,0,1,0,0,1,1,1,1,1,0,0,0,1,0,0,1,1,1,1,0,0,1,0,0,1,0,1,1,1,0,1,0,1,0,0,1,1,1,1
0,0,1,0,1,0,0,1,1,1,0,1,0,1,0,0,1,1,1,1,0,0,1,0,0,1,1,1,1,1,0,0,0,1,0,0,1,1,1,1
0,0,0,1,0,1,0,1,1,1,0,1,0,1,0,0,1,1,1,1,0,0,1,0,1,0,0,1,1,1,0,1,0,1,0,0,1,1,1,1
0,0,0,1,1,0,0,1,1,1,0,1,0,1,0,0,1,1,1,1,0,0,0,1,0,1,0,1,1,1,0,1,0,1,0,0,1,1,1,1
0,0,1,0,1,1,0,1,1,1,0,1,0,1,0,0,1,1,1,1,0,0,0,1,1,0,0,1,1,1,0,1,0,1,0,0,1,1,1,1
0,0,1,1,0,1,0,1,1,1,1,0,0,1,0,0,1,1,1,1,0,0,1,0,1,1,0,1,1,1,0,1,0,1,0,0,1,1,1,1
0,0,0,1,0,1,0,1,1,1,1,1,1,1,0,1,1,1,1,1,0,0,1,1,0,1,0,1,1,1,1,0,0,1,0,0,1,1,1,1
0,0,1,1,0,0,0,0,1,1,1,0,0,1,0,1,1,1,1,1,0,0,0,1,0,1,0,1,1,1,1,1,1,1,0,1,1,1,1,1
0,0,1,1,0,0,0,1,1,1,0,0,1,1,0,0,0,0,1,1,0,0,1,1,0,0,0,0,1,1,1,0,0,1,0,1,1,1,1,1
0,0,1,0,1,0,0,0,0,1,1,0,1,1,0,0,0,0,1,1,0,0,1,1,0,0,0,1,1,1,0,0,1,1,0,0,0,0,1,1
0,0,0,0,0,1,0,1,0,1,1,1,1,0,1,0,0,0,0,1,0,0,1,0,1,0,0,0,0,1,1,0,1,1,0,0,0,0,1,1
0,0,0,1,1,1,0,1,0,1,1,0,0,0,1,0,0,0,0,1,0,0,0,0,0,1,0,1,0,1,1,1,1,0,1,0,0,0,0,1
0,0,0,0,0,1,1,0,1,1,0,1,0,1,1,1,0,1,0,1,0,0,0,1,1,1,0,1,0,1,1,0,0,0,1,0,0,0,0,1
0,0,1,0,0,1,1,0,1,1,1,1,0,1,1,1,0,1,0,1,0,0,0,0,0,1,1,0,1,1,0,1,0,1,1,1,0,1,0,1
0,0,1,1,0,0,0,1,1,1,1,1,0,1,1,1,0,1,0,1,0,0,1,0,0,1,1,0,1,1,1,1,0,1,1,1,0,1,0,1
0,0,0,1,1,0,1,1,1,1,0,1,0,1,1,1,0,1,0,1,0,0,1,1,0,0,0,1,1,1,1,1,0,1,1,1,0,1,0,1
0,0,1,0,0,0,0,0,1,1,1,0,0,1,1,1,0,1,0,1,0,0,0,1,1,0,1,1,1,1,0,1,0,1,1,1,0,1,0,1
0,0,0,0,1,0,1,0,0,1,1,0,1,0,0,0,0,0,1,1,0,0,1,0,0,0,0,0,1,1,1,0,0,1,1,1,0,1,0,1
0,0,0,1,0,0,0,1,1,1,0,1,0,0,1,0,1,0,0,1,0,0,0,0,1,0,1,0,0,1,1,0,1,0,0,0,0,0,1,1
0,0,1,1,0,0,1,1,0,1,1,1,0,0,1,0,1,0,0,1,0,0,0,1,0,0,0,1,1,1,0,1,0,0,1,0,1,0,0,1
0,0,1,1,1,1,1,1,0,1,1,0,0,0,1,0,1,0,0,1,0,0,1,1,0,0,1,1,0,1,1,1,0,0,1,0,1,0,0,1
0,0,0,1,0,0,1,0,0,1,1,0,1,1,1,1,1,1,0,1,0,0,1,1,1,1,1,1,0,1,1,0,0,0,1,0,1,0,0,1
0,0,1,1,0,1,1,0,0,1,0,1,0,1,0,0,1,0,0,1,0,0,0,1,0,0,1,0,0,1,1,0,1,1,1,1,1,1,0,1
0,0,0,1,0,1,1,0,0,1,1,1,0,1,0,0,1,0,0,1,0,0,1,1,0,1,1,0,0,1,0,1,0,1,0,0,1,0,0,1
0,0,1,0,0,1,1,0,1,1,1,1,0,1,0,0,1,0,0,1,0,0,0,1,0,1,1,0,0,1,1,1,0,1,0,0,1,0,0,1
0,0,1,1,0,1,1,0,1,1,1,1,0,1,0,0,1,0,0,1,0,0,1,0,0,1,1,0,1,1,1,1,0,1,0,0,1,0,0,1
0,0,1,1,0,0,1,1,1,1,0,1,0,1,0,0,1,0,0,1,0,0,1,1,0,1,1,0,1,1,1,1,0,1,0,0,1,0,0,1
0,0,0,0,0,1,0,0,1,1,1,0,0,1,0,0,1,0,0,1,0,0,1,1,0,0,1,1,1,1,0,1,0,1,0,0,1,0,0,1
0,0,1,0,1,0,1,1,1,1,1,1,0,0,0,1,0,0,1,1,0,0,0,0,0,1,0,0,1,1,1,0,0,1,0,0,1,0,0,1
0,0,1,0,0,1,1,1,1,1,0,1,0,0,0,1,0,0,1,1,0,0,1,0,1,0,1,1,1,1,1,1,0,0,0,1,0,0,1,1
0,0,0,1,1,0,1,0,1,1,1,0,0,0,0,1,0,0,1,1,0,0,1,0,0,1,1,1,1,1,0,1,0,0,0,1,0,0,1,1
0,0,1,0,0,1,1,0,1,1,0,0,0,1,1,0,1,0,1,1,0,0,0,1,1,0,1,0,1,1,1,0,0,0,0,1,0,0,1,1
0,0,0,1,0,1,0,1,1,1,1,0,0,1,1,0,1,0,1,1,0,0,1,0,0,1,1,0,1,1,0,0,0,1,1,0,1,0,1,1
0,0,0,1,1,1,1,1,0,1,0,0,0,1,0,1,0,1,1,1,0,0,0,1,0,1,0,1,1,1,1,0,0,1,1,0,1,0,1,1
0,0,1,1,0,0,1,0,1,1,1,1,0,1,0,1,0,1,1,1,0,0,0,1,1,1,1,1,0,1,0,0,0,1,0,1,0,1,1,1
0,0,0,1,1,0,1,1,0,1,0,1,0,1,0,1,0,1,1,1,0,0,1,1,0,0,1,0,1,1,1,1,0,1,0,1,0,1,1,1
0,0,1,0,0,0,0,1,0,1,1,0,0,1,0,1,0,1,1,1,0,0,0,1,1,0,1,1,0,1,0,1,0,1,0,1,0,1,1,1
0,0,1,0,0,1,0,1,0,1,0,1,1,0,0,0,0,1,1,1,0,0,1,0,0,0,0,1,0,1,1,0,0,1,0,1,0,1,1,1
0,0,1,1,0,0,0,1,0,1,1,1,0,0,0,0,0,1,1,1,0,0,1,0,0,1,0,1,0,1,0,1,1,0,0,0,0,1,1,1
0,0,0,1,0,0,1,1,0,1,1,1,0,0,0,0,0,1,1,1,0,0,1,1,0,0,0,1,0,1,1,1,0,0,0,0,0,1,1,1
0,0,1,0,1,1,1,1,0,1,1,0,0,0,0,0,0,1,1,1,0,0,0,1,0,0,1,1,0,1,1,1,0,0,0,0,0,1,1,1
0,0,1,1,0,0,1,1,0,1,1,1,1,0,1,1,1,1,1,1,0,0,1,0,1,1,1,1,0,1,1,0,0,0,0,0,0,1,1,1
0,0,1,0,1,0,1,1,0,1,0,0,0,0,1,1,1,1,1,1,0,0,1,1,0,0,1,1,0,1,1,1,1,0,1,1,1,1,1,1
0,0,0,0,0,0,1,0,1,1,1,1,0,0,1,1,1,1,1,1,0,0,1,0,1,0,1,1,0,1,0,0,0,0,1,1,1,1,1,1
0,0,0,1,0,0,0,1,1,1,1,0,0,0,1,1,1,1,1,1,0,0,0,0,0,0,1,0,1,1,1,1,0,0,1,1,1,1,1,1
0,0,1,1,0,0,0,0,1,1,0,0,0,1,0,0,0,1,1,1,0,0,0,1,0,0,0,1,1,1,1,0,0,0,1,1,1,1,1,1
0,0,1,0,1,0,1,0,1,1,0,1,0,1,0,0,0,1,1,1,0,0,1,1,0,0,0,0,1,1,0,0,0,1,0,0,0,1,1,1
0,0,1,0,1,0,1,0,1,1,0,1,0,1,0,0,0,1,1,1,0,0,1,0,1,0,1,0,1,1,0,1,0,1,0,0,0,1,1,1
0,0,1,0,0,1,1,0,1,1,0,1,0,1,0,0,0,1,1,1,0,0,1,0,1,0,1,0,1,1,0,1,0,1,0,0,0,1,1,1
0,0,0,1,1,1,1,0,1,1,1,0,0,1,0,0,0,1,1,1,0,0,1,0,0,1,1,0,1,1,0,1,0,1,0,0,0,1,1,1
0,0,1,0,1,0,0,0,1,1,1,1,0,1,1,1,1,1,1,1,0,0,0,1,1,1,1,0,1,1,1,0,0,1,0,0,0,1,1,1
0,0,0,1,0,0,0,1,1,1,1,1,0,1,1,1,1,1,1,1,0,0,1,0,1,0,0,0,1,1,1,1,0,1,1,1,1,1,1,1
0,0,1,1,1,0,1,0,1,1,1,1,0,1,1,1,1,1,1,1,0,0,0,1,0,0,0,1,1,1,1,1,0,1,1,1,1,1,1,1
0,0,1,1,0,0,1,0,1,1,0,0,0,1,1,1,1,1,1,1,0,0,1,1,1,0,1,0,1,1,1,1,0,1,1,1,1,1,1,1
0,0,1,1,0,0,0,1,0,1,1,0,0,1,1,1,1,1,1,1,0,0,1,1,0,0,1,0,1,1,0,0,0,1,1,1,1,1,1,1
0,0,0,1,1,1,1,0,1,1,0,0,1,1,0,0,0,1,0,1,0,0,1,1,0,0,0,1,0,1,1,0,0,1,1,1,1,1,1,1
0,0,1,1,0,1,1,1,1,1,0,0,1,1,0,0,0,1,0,1,0,0,0,1,1,1,1,0,1,1,0,0,1,1,0,0,0,1,0,1
0,0,1,1,1,0,0,1,1,1,0,0,1,1,0,0,0,1,0,1,0,0,1,1,0,1,1,1,1,1,0,0,1,1,0,0,0,1,0,1
0,0,1,1,0,0,1,0,0,1,0,1,1,1,0,0,0,1,0,1,0,0,1,1,1,0,0,1,1,1,0,0,1,1,0,0,0,1,0,1
0,0,0,1,0,0,0,0,0,1,0,1,0,1,0,0,0,1,0,1,0,0,1,1,0,0,1,0,0,1,0,1,1,1,0,0,0,1,0,1
0,0,0,0,0,0,0,0,1,1,1,1,0,1,0,0,0,1,0,1,0,0,0,1,0,0,0,0,0,1,0,1,0,1,0,0,0,1,0,1
0,0,0,1,0,1,1,0,1,1,1,1,0,1,0,0,0,1,0,1,0,0,0,0,0,0,0,0,1,1,1,1,0,1,0,0,0,1,0,1
0,0,0,1,0,0,0,1,0,1,1,1,0,1,0,0,0,1,0,1,0,0,0,1,0,1,1,0,1,1,1,1,0,1,0,0,0,1,0,1
0,0,1,1,0,1,1,1,1,1,0,1,0,1,0,0,0,1,0,1,0,0,0,1,0,0,0,1,0,1,1,1,0,1,0,0,0,1,0,1
0,0,1,1,0,1,0,1,0,1,0,1,0,1,0,0,0,1,0,1,0,0,1,1,0,1,1,1,1,1,0,1,0,1,0,0,0,1,0,1
0,0,0,0,1,0,1,1,1,1,1,0,0,1,0,0,0,1,0,1,0,0,1,1,0,1,0,1,0,1,0,1,0,1,0,0,0,1,0,1
0,0,1,0,0,0,0,1,1,1,0,1,0,0,1,0,1,1,1,1,0,0,0,0,1,0,1,1,1,1,1,0,0,1,0,0,0,1,0,1
0,0,1,0,0,0,0,0,1,1,0,1,0,0,1,0,1,1,1,1,0,0,1,0,0,0,0,1,1,1,0,1,0,0,1,0,1,1,1,1
0,0,0,0,0,1,0,0,0,1,0,0,0,0,1,0,1,1,1,1,0,0,1,0,0,0,0,0,1,1,0,1,0,0,1,0,1,1,1,1
0,0,0,1,0,1,1,0,0,1,0,0,0,0,1,0,1,1,1,1,0,0,0,0,0,1,0,0,0,1,0,0,0,0,1,0,1,1,1,1
0,0,1,0,1,0,0,1,0,1,0,0,0,0,1,0,1,1,1,1,0,0,0,1,0,1,1,0,0,1,0,0,0,0,1,0,1,1,1,1
0,0,1,1,0,0,1,0,0,1,0,1,0,0,1,0,1,1,1,1,0,0,1,0,1,0,0,1,0,1,0,0,0,0,1,0,1,1,1,1
0,0,0,1,1,1,0,0,0,1,1,1,0,0,1,0,1,1,1,1,0,0,1,1,0,0,1,0,0,1,0,1,0,0,1,0,1,1,1,1
0,0,1,1,0,0,0,1,1,1,0,0,0,0,1,0,1,1,1,1,0,0,0,1,1,1,0,0,0,1,1,1,0,0,1,0,1,1,1,1
0,0,1,0,0,0,0,1,1,1,0,0,0,0,1,0,1,1,1,1,0,0,1,1,0,0,0,1,1,1,0,0,0,0,1,0,1,1,1,1
0,0,0,0,1,1,1,1,0,1,0,1,0,0,1,0,1,1,1,1,0,0,1,0,0,0,0,1,1,1,0,0,0,0,1,0,1,1,1,1
0,0,1,0,1,0,0,1,1,1,0,0,0,0,1,0,1,1,1,1,0,0,0,0,1,1,1,1,0,1,0,1,0,0,1,0,1,1,1,1
0,0,1,1,0,1,1,1,1,1,0,0,0,0,1,0,1,1,1,1,0,0,1,0,1,0,0,1,1,1,0,0,0,0,1,0,1,1,1,1
0,0,1,1,1,0,1,1,1,1,1,1,0,0,1,0,1,1,1,1,0,0,1,1,0,1,1,1,1,1,0,0,0,0,1,0,1,1,1,1
0,0,0,0,0,1,0,0,0,1,0,1,0,0,1,0,1,1,1,1,0,0,1,1,1,0,1,1,1,1,1,1,0,0,1,0,1,1,1,1
0,0,1,0,1,1,1,0,0,1,0,1,0,0,1,0,1,1,1,1,0,0,0,0,0,1,0,0,0,1,0,1,0,0,1,0,1,1,1,1
0,0,0,0,0,0,0,1,1,1,0,1,0,0,1,0,1,1,1,1,0,0,1,0,1,1,1,0,0,1,0,1,0,0,1,0,1,1,1,1
0,0,1,1,1,1,0,1,1,1,1,0,0,0,1,0,1,1,1,1,0,0,0,0,0,0,0,1,1,1,0,1,0,0,1,0,1,1,1,1
0,0,0,0,0,0,1,0,0,1,0,0,1,1,1,1,0,1,1,1,0,0,1,1,1,1,0,1,1,1,1,0,0,0,1,0,1,1,1,1
0,0,1,1,1,1,1,0,1,1,0,0,1,1,1,1,0,1,1,1,0,0,0,0,0,0,1,0,0,1,0,0,1,1,1,1,0,1,1,1
0,0,1,0,1,0,1,1,1,1,0,0,1,1,1,1,0,1,1,1,0,0,1,1,1,1,1,0,1,1,0,0,1,1,1,1,0,1,1,1
0,0,1,0,0,1,1,1,1,1,1,0,1,1,1,1,0,1,1,1,0,0,1,0,1,0,1,1,1,1,0,0,1,1,1,1,0,1,1,1
0,0,0,1,0,0,1,0,1,1,0,1,1,0,0,1,1,1,1,1,0,0,1,0,0,1,1,1,1,1,1,0,1,1,1,1,0,1,1,1
0,0,1,1,0,1,1,0,1,1,1,0,0,0,0,1,1,1,1,1,0,0,0,1,0,0,1,0,1,1,0,1,1,0,0,1,1,1,1,1
0,0,0,1,0,0,0,0,1,1,0,1,1,1,0,1,1,0,1,1,0,0,1,1,0,1,1,0,1,1,1,0,0,0,0,1,1,1,1,1
0,0,0,1,0,0,0,1,1,1,0,0,0,1,0,1,1,0,1,1,0,0,0,1,0,0,0,0,1,1,0,1,1,1,0,1,1,0,1,1
0,0,1,0,1,0,0,1,1,1,1,1,0,1,0,1,1,0,1,1,0,0,0,1,0,0,0,1,1,1,0,0,0,1,0,1,1,0,1,1
0,0,0,0,0,1,1,1,1,1,1,1,0,1,0,1,1,0,1,1,0,0,1,0,1,0,0,1,1,1,1,1,0,1,0,1,1,0,1,1
0,0,0,0,1,1,1,0,1,1,1,0,0,1,0,1,1,0,1,1,0,0,0,0,0,1,1,1,1,1,1,1,0,1,0,1,1,0,1,1
0,0,0,1,0,0,0,1,0,1,1,1,0,0,1,1,1,0,1,1,0,0,0,0,1,1,1,0,1,1,1,0,0,1,0,1,1,0,1,1
0,0,0,0,0,1,0,1,0,1,1,1,0,0,1,1,1,0,1,1,0,0,0,1,0,0,0,1,0,1,1,1,0,0,1,1,1,0,1,1
0,0,1,0,1,0,0,1,0,1,0,1,0,0,1,1,1,0,1,1,0,0,0,0,0,1,0,1,0,1,1,1,0,0,1,1,1,0,1,1
0,0,1,1,0,0,0,0,0,1,0,1,0,0,1,1,1,0,1,1,0,0,1,0,1,0,0,1,0,1,0,1,0,0,1,1,1,0,1,1
0,0,1,0,1,0,1,1,1,1,1,1,0,0,1,1,1,0,1,1,0,0,1,1,0,0,0,0,0,1,0,1,0,0,1,1,1,0,1,1
0,0,0,0,1,0,0,1,1,1,0,0,0,0,1,1,1,0,1,1,0,0,1,0,1,0,1,1,1,1,1,1,0,0,1,1,1,0,1,1
0,0,1,1,0,1,0,1,0,1,0,0,0,0,1,1,1,0,1,1,0,0,0,0,1,0,0,1,1,1,0,0,0,0,1,1,1,0,1,1
0,0,1,1,0,0,0,0,0,1,1,0,0,0,1,1,1,0,1,1,0,0,1,1,0,1,0,1,0,1,0,0,0,0,1,1,1,0,1,1
0,0,1,1,1,0,1,0,1,1,0,1,1,1,0,0,0,0,0,1,0,0,1,1,0,0,0,0,0,1,1,0,0,0,1,1,1,0,1,1
0,0,1,0,0,1,1,1,1,1,0,0,0,1,0,0,0,0,0,1,0,0,1,1,1,0,1,0,1,1,0,1,1,1,0,0,0,0,0,1
0,0,0,0,0,0,1,1,1,1,0,0,0,1,0,0,0,0,0,1,0,0,1,0,0,1,1,1,1,1,0,0,0,1,0,0,0,0,0,1
0,0,1,0,1,0,1,0,1,1,1,0,0,1,0,0,0,0,0,1,0,0,0,0,0,0,1,1,1,1,0,0,0,1,0,0,0,0,0,1
0,0,1,0,0,1,1,0,0,1,0,1,1,0,1,0,1,0,1,1,0,0,1,0,1,0,1,0,1,1,1,0,0,1,0,0,0,0,0,1
0,0,0,1,1,0,0,0,1,1,0,0,0,0,1,0,1,0,1,1,0,0,1,0,0,1,1,0,0,1,0,1,1,0,1,0,1,0,1,1
0,0,0,1,1,0,1,0,1,1,1,0,0,0,1,0,1,0,1,1,0,0,0,1,1,0,0,0,1,1,0,0,0,0,1,0,1,0,1,1
0,0,0,0,1,1,0,0,1,1,1,1,0,1,1,0,1,0,1,1,0,0,0,1,1,0,1,0,1,1,1,0,0,0,1,0,1,0,1,1
0,0,0,0,1,1,0,1,1,1,1,1,0,1,1,0,1,0,1,1,0,0,0,0,1,1,0,0,1,1,1,1,0,1,1,0,1,0,1,1
0,0,0,0,1,0,1,1,1,1,1,0,0,1,1,0,1,0,1,1,0,0,0,0,1,1,0,1,1,1,1,1,0,1,1,0,1,0,1,1
0,0,1,0,1,0,1,0,1,1,0,0,0,0,1,0,1,1,1,1,0,0,0,0,1,0,1,1,1,1,1,0,0,1,1,0,1,0,1,1
0,0,0,0,0,0,0,1,0,1,0,0,0,0,1,0,1,1,1,1,0,0,1,0,1,0,1,0,1,1,0,0,0,0,1,0,1,1,1,1
0,0,1,1,0,1,1,0,1,1,0,1,0,0,1,0,1,1,1,1,0,0,0,0,0,0,0,1,0,1,0,0,0,0,1,0,1,1,1,1
0,0,1,1,1,0,0,0,1,1,1,0,0,0,1,0,1,1,1,1,0,0,1,1,0,1,1,0,1,1,0,1,0,0,1,0,1,1,1,1
0,0,1,0,1,1,1,1,1,1,1,1,1,1,1,0,0,0,1,1,0,0,1,1,1,0,0,0,1,1,1,0,0,0,1,0,1,1,1,1
0,0,1,1,0,1,0,0,0,1,1,0,0,1,1,0,0,0,1,1,0,0,1,0,1,1,1,1,1,1,1,1,1,1,1,0,0,0,1,1
0,0,1,1,1,1,1,1,1,1,0,0,1,1,0,1,0,0,0,1,0,0,1,1,0,1,0,0,0,1,1,0,0,1,1,0,0,0,1,1
0,0,0,0,1,0,0,1,0,1,0,0,1,1,0,1,0,0,0,1,0,0,1,1,1,1,1,1,1,1,0,0,1,1,0,1,0,0,0,1
0,0,1,1,0,1,0,0,0,1,1,1,1,1,0,1,0,0,0,1,0,0,0,0,1,0,0,1,0,1,0,0,1,1,0,1,0,0,0,1
0,0,1,0,0,1,1,0,1,1,0,0,0,1,0,1,0,0,0,1,0,0,1,1,0,1,0,0,0,1,1,1,1,1,0,1,0,0,0,1
0,0,0,0,0,1,1,1,0,1,1,0,0,1,0,1,0,0,0,1,0,0,1,0,0,1,1,0,1,1,0,0,0,1,0,1,0,0,0,1
0,0,1,0,0,0,1,1,0,1,1,1,0,0,0,1,1,1,0,1,0,0,0,0,0,1,1,1,0,1,1,0,0,1,0,1,0,0,0,1
0,0,1,1,1,1,0,1,1,1,0,0,0,0,0,1,1,1,0,1,0,0,1,0,0,0,1,1,0,1,1,1,0,0,0,1,1,1,0,1
0,0,1,0,1,0,1,0,0,1,0,1,0,0,0,1,1,1,0,1,0,0,1,1,1,1,0,1,1,1,0,0,0,0,0,1,1,1,0,1
0,0,1,0,1,0,1,1,1,1,0,1,0,0,0,1,1,1,0,1,0,0,1,0,1,0,1,0,0,1,0,1,0,0,0,1,1,1,0,1
0,0,1,1,0,0,1,0,0,1,0,1,0,0,0,1,1,1,0,1,0,0,1,0,1,0,1,1,1,1,0,1,0,0,0,1,1,1,0,1
0,0,0,1,0,1,1,1,0,1,1,1,0,0,0,1,1,1,0,1,0,0,1,1,0,0,1,0,0,1,0,1,0,0,0,1,1,1,0,1
0,0,1,1,0,1,1,1,0,1,1,1,0,0,0,1,1,1,0,1,0,0,0,1,0,1,1,1,0,1,1,1,0,0,0,1,1,1,0,1
0,0,0,1,1,0,0,0,1,1,1,1,0,0,0,1,1,1,0,1,0,0,1,1,0,1,1,1,0,1,1,1,0,0,0,1,1,1,0,1
0,0,0,1,1,0,1,0,1,1,1,0,0,0,0,1,1,1,0,1,0,0,0,1,1,0,0,0,1,1,1,1,0,0,0,1,1,1,0,1
0,0,1,1,0,1,0,0,1,1,0,0,0,1,1,0,1,0,1,1,0,0,0,1,1,0,1,0,1,1,1,0,0,0,0,1,1,1,0,1
0,0,1,0,0,0,0,1,1,1,1,1,0,1,1,0,1,0,1,1,0,0,1,1,0,1,0,0,1,1,0,0,0,1,1,0,1,0,1,1
0,0,1,1,1,0,1,0,1,1,1,0,0,1,1,0,1,0,1,1,0,0,1,0,0,0,0,1,1,1,1,1,0,1,1,0,1,0,1,1
0,0,1,1,0,1,0,0,1,1,0,1,1,1,1,0,1,0,1,1,0,0,1,1,1,0,1,0,1,1,1,0,0,1,1,0,1,0,1,1
0,0,0,1,0,0,1,1,1,1,0,0,0,1,1,0,1,0,1,1,0,0,1,1,0,1,0,0,1,1,0,1,1,1,1,0,1,0,1,1
0,0,1,0,0,0,0,1,1,1,0,0,0,1,1,0,1,0,1,1,0,0,0,1,0,0,1,1,1,1,0,0,0,1,1,0,1,0,1,1
0,0,1,0,0,0,0,0,0,1,1,1,0,1,1,0,1,0,1,1,0,0,1,0,0,0,0,1,1,1,0,0,0,1,1,0,1,0,1,1
0,0,0,1,0,1,1,0,0,1,1,0,0,1,1,0,1,0,1,1,0,0,1,0,0,0,0,0,0,1,1,1,0,1,1,0,1,0,1,1
0,0,0,1,1,0,0,1,1,1,1,1,0,1,0,1,1,0,1,1,0,0,0,1,0,1,1,0,0,1,1,0,0,1,1,0,1,0,1,1
0,0,1,0,0,1,1,0,0,1,0,0,0,1,0,1,1,0,1,1,0,0,0,1,1,0,0,1,1,1,1,1,0,1,0,1,1,0,1,1
0,0,0,1,0,0,1,0,1,1,0,0,0,1,0,1,1,0,1,1,0,0,1,0,0,1,1,0,0,1,0,0,0,1,0,1,1,0,1,1
0,0,0,0,0,1,1,0,0,1,0,1,0,1,0,1,1,0,1,1,0,0,0,1,0,0,1,0,1,1,0,0,0,1,0,1,1,0,1,1
0,0,1,0,1,1,1,1,1,1,0,0,0,1,0,1,1,0,1,1,0,0,0,0,0,1,1,0,0,1,0,1,0,1,0,1,1,0,1,1
0,0,1,1,0,1,1,1,1,1,1,1,0,1,0,1,1,0,1,1,0,0,1,0,1,1,1,1,1,1,0,0,0,1,0,1,1,0,1,1
0,0,0,0,1,1,1,1,1,1,1,1,0,1,0,1,1,0,1,1,0,0,1,1,0,1,1,1,1,1,1,1,0,1,0,1,1,0,1,1
0,0,1,1,1,0,0,1,1,1,0,0,0,1,0,1,1,0,1,1,0,0,0,0,1,1,1,1,1,1,1,1,0,1,0,1,1,0,1,1
0,0,0,1,1,1,0,1,1,1,1,1,0,1,0,1,1,0,1,1,0,0,1,1,1,0,0,1,1,1,0,0,0,1,0,1,1,0,1,1
0,0,0,1,1,1,1,1,0,1,1,0,0,1,0,1,1,0,1,1,0,0,0,1,1,1,0,1,1,1,1,1,0,1,0,1,1,0,1,1
0,0,1,1,1,1,0,0,0,1,0,1,0,1,1,1,1,1,0,1,0,0,0,1,1,1,1,1,0,1,1,0,0,1,0,1,1,0,1,1
0,0,1,1,1,0,0,1,1,1,1,1,0,1,1,1,1,1,0,1,0,0,1,1,1,1,0,0,0,1,0,1,0,1,1,1,1,1,0,1
0,0,0,0,0,1,1,0,1,1,0,0,0,1,1,1,1,1,0,1,0,0,1,1,1,0,0,1,1,1,1,1,0,1,1,1,1,1,0,1
0,0,0,1,1,1,0,1,1,1,0,1,0,1,1,1,1,1,0,1,0,0,0,0,0,1,1,0,1,1,0,0,0,1,1,1,1,1,0,1
0,0,1,1,1,0,0,1,1,1,0,0,0,1,1,1,1,1,0,1,0,0,0,1,1,1,0,1,1,1,0,1,0,1,1,1,1,1,0,1
0,0,0,1,1,1,1,1,1,1,1,0,0,1,1,1,1,1,0,1,0,0,1,1,1,0,0,1,1,1,0,0,0,1,1,1,1,1,0,1
0,0,1,0,0,0,1,1,1,1,0,1,0,1,1,1,1,1,1,1,0,0,0,1,1,1,1,1,1,1,1,0,0,1,1,1,1,1,0,1
0,0,0,0,1,0,1,1,1,1,1,0,0,1,1,1,1,1,1,1,0,0,1,0,0,0,1,1,1,1,0,1,0,1,1,1,1,1,1,1
0,0,1,1,0,0,1,1,0,1,0,0,0,0,1,0,1,1,1,1,0,0,0,0,1,0,1,1,1,1,1,0,0,1,1,1,1,1,1,1
0,0,0,1,1,0,0,0,1,1,0,1,0,0,1,0,1,1,1,1,0,0,1,1,0,0,1,1,0,1,0,0,0,0,1,0,1,1,1,1
0,0,1,1,0,0,0,0,0,1,0,0,0,0,1,0,1,1,1,1,0,0,0,1,1,0,0,0,1,1,0,1,0,0,1,0,1,1,1,1
0,0,0,0,0,1,0,0,0,1,1,1,0,0,1,0,1,1,1,1,0,0,1,1,0,0,0,0,0,1,0,0,0,0,1,0,1,1,1,1
0,0,0,1,0,0,0,0,0,1,1,1,0,0,1,0,1,1,1,1,0,0,0,0,0,1,0,0,0,1,1,1,0,0,1,0,1,1,1,1
0,0,0,0,1,0,0,1,0,1,0,0,0,0,1,0,1,1,1,1,0,0,0,1,0,0,0,0,0,1,1,1,0,0,1,0,1,1,1,1
0,0,1,0,0,0,0,1,1,1,0,0,0,0,1,0,1,1,1,1,0,0,0,0,1,0,0,1,0,1,0,0,0,0,1,0,1,1,1,1
0,0,0,0,0,1,0,1,1,1,1,0,0,0,1,0,1,1,1,1,0,0,1,0,0,0,0,1,1,1,0,0,0,0,1,0,1,1,1,1
0,0,0,0,1,1,1,1,1,1,0,1,0,0,0,1,0,1,1,1,0,0,0,0,0,1,0,1,1,1,1,0,0,0,1,0,1,1,1,1
0,0,0,1,0,1,0,0,1,1,1,0,0,0,0,1,0,1,1,1,0,0,0,0,1,1,1,1,1,1,0,1,0,0,0,1,0,1,1,1
0,0,1,1,0,1,1,1,1,1,0,0,0,1,0,1,0,0,1,1,0,0,0,1,0,1,0,0,1,1,1,0,0,0,0,1,0,1,1,1
0,0,1,1,1,0,1,1,1,1,1,1,0,1,0,1,0,0,1,1,0,0,1,1,0,1,1,1,1,1,0,0,0,1,0,1,0,0,1,1
0,0,1,0,0,1,0,1,1,1,0,1,0,1,0,1,0,0,1,1,0,0,1,1,1,0,1,1,1,1,1,1,0,1,0,1,0,0,1,1
0,0,1,1,0,1,1,1,0,1,0,0,0,1,0,1,0,0,1,1,0,0,1,0,0,1,0,1,1,1,0,1,0,1,0,1,0,0,1,1
0,0,0,1,0,1,1,1,1,1,0,1,0,1,0,1,0,0,1,1,0,0,1,1,0,1,1,1,0,1,0,0,0,1,0,1,0,0,1,1
0,0,0,0,1,1,1,0,1,1,0,1,0,1,0,1,0,0,1,1,0,0,0,1,0,1,1,1,1,1,0,1,0,1,0,1,0,0,1,1
0,0,1,0,1,1,1,1,1,1,0,1,0,1,0,1,0,0,1,1,0,0,0,0,1,1,1,0,1,1,0,1,0,1,0,1,0,0,1,1
0,0,0,0,1,1,0,0,1,1,1,1,0,1,0,1,0,0,1,1,0,0,1,0,1,1,1,1,1,1,0,1,0,1,0,1,0,0,1,1
0,0,0,0,1,1,0,0,1,1,1,0,0,1,0,1,0,0,1,1,0,0,0,0,1,1,0,0,1,1,1,1,0,1,0,1,0,0,1,1
0,0,1,0,0,1,0,1,0,1,1,0,0,0,1,1,0,0,1,1,0,0,0,0,1,1,0,0,1,1,1,0,0,1,0,1,0,0,1,1
0,0,0,1,1,1,1,1,0,1,1,0,1,0,0,1,0,1,0,1,0,0,1,0,0,1,0,1,0,1,1,0,0,0,1,1,0,0,1,1
0,0,0,0,1,1,0,1,0,1,1,1,0,1,1,1,1,1,0,1,0,0,0,1,1,1,1,1,0,1,1,0,1,0,0,1,0,1,0,1
0,0,1,0,1,0,0,1,0,1,0,1,0,1,1,1,1,1,0,1,0,0,0,0,1,1,0,1,0,1,1,1,0,1,1,1,1,1,0,1
0,0,0,1,1,1,0,0,1,1,1,0,0,1,1,1,1,1,0,1,0,0,1,0,1,0,0,1,0,1,0,1,0,1,1,1,1,1,0,1
0,0,1,1,0,1,1,1,1,1,0,0,0,1,1,1,0,0,1,1,0,0,0,1,1,1,0,0,1,1,1,0,0,1,1,1,1,1,0,1
0,0,0,0,0,1,0,0,0,1,1,0,0,1,1,1,0,0,1,1,0,0,1,1,0,1,1,1,1,1,0,0,0,1,1,1,0,0,1,1
0,0,0,1,1,0,0,0,1,1,1,1,0,0,0,1,0,0,0,1,0,0,0,0,0,1,0,0,0,1,1,0,0,1,1,1,0,0,1,1
0,0,1,1,1,1,1,0,0,1,1,0,0,0,0,1,0,0,0,1,0,0,0,1,1,0,0,0,1,1,1,1,0,0,0,1,0,0,0,1
0,0,0,0,0,1,1,1,0,1,1,0,1,1,1,1,1,0,0,1,0,0,1,1,1,1,1,0,0,1,1,0,0,0,0,1,0,0,0,1
0,0,0,1,0,1,1,1,0,1,1,0,0,0,0,1,1,1,0,1,0,0,0,0,0,1,1,1,0,1,1,0,1,1,1,1,1,0,0,1
0,0,1,1,1,1,1,1,1,1,1,1,0,1,0,1,1,1,0,1,0,0,0,1,0,1,1,1,0,1,1,0,0,0,0,1,1,1,0,1
0,0,1,0,0,0,0,0,1,1,0,0,0,1,0,1,1,1,0,1,0,0,1,1,1,1,1,1,1,1,1,1,0,1,0,1,1,1,0,1
0,0,1,0,1,1,0,1,1,1,0,0,0,1,0,1,1,1,0,1,0,0,1,0,0,0,0,0,1,1,0,0,0,1,0,1,1,1,0,1
0,0,1,0,1,0,0,1,0,1,1,1,0,1,0,1,1,1,0,1,0,0,1,0,1,1,0,1,1,1,0,0,0,1,0,1,1,1,0,1
0,0,1,1,0,0,1,0,1,1,1,1,0,1,0,1,1,1,0,1,0,0,1,0,1,0,0,1,0,1,1,1,0,1,0,1,1,1,0,1
0,0,0,1,0,1,0,1,1,1,1,0,0,1,0,1,1,1,0,1,0,0,1,1,0,0,1,0,1,1,1,1,0,1,0,1,1,1,0,1
0,0,0,1,0,0,1,1,1,1,1,1,0,1,0,1,0,1,1,1,0,0,0,1,0,1,0,1,1,1,1,0,0,1,0,1,1,1,0,1
0,0,0,0,1,0,1,1,0,1,1,0,0,1,0,1,0,1,1,1,0,0,0,1,0,0,1,1,1,1,1,1,0,1,0,1,0,1,1,1
0,0,1,0,1,1,1,1,0,1,0,0,0,0,1,0,1,1,0,1,0,0,0,0,1,0,1,1,0,1,1,0,0,1,0,1,0,1,1,1
0,0,1,1,1,0,0,1,1,1,0,0,0,0,1,0,1,1,0,1,0,0,1,0,1,1,1,1,0,1,0,0,0,0,1,0,1,1,0,1
0,0,1,1,0,0,1,0,0,1,0,1,0,0,1,0,1,1,0,1,0,0,1,1,1,0,0,1,1,1,0,0,0,0,1,0,1,1,0,1
0,0,1,1,1,1,0,0,0,1,1,1,0,0,1,0,1,1,0,1,0,0,1,1,0,0,1,0,0,1,0,1,0,0,1,0,1,1,0,1
0,0,1,0,1,1,0,1,0,1,1,1,0,0,1,0,1,1,0,1,0,0,1,1,1,1,0,0,0,1,1,1,0,0,1,0,1,1,0,1
0,0,1,1,1,1,1,1,0,1,1,1,0,0,1,0,1,1,0,1,0,0,1,0,1,1,0,1,0,1,1,1,0,0,1,0,1,1,0,1
0,0,0,0,1,0,1,0,1,1,1,1,0,0,1,0,1,1,0,1,0,0,1,1,1,1,1,1,0,1,1,1,0,0,1,0,1,1,0,1
0,0,1,0,1,0,1,0,1,1,0,0,0,0,1,0,1,1,0,1,0,0,0,0,1,0,1,0,1,1,1,1,0,0,1,0,1,1,0,1
0,0,0,1,0,0,1,1,0,1,1,1,0,0,1,0,1,1,0,1,0,0,1,0,1,0,1,0,1,1,0,0,0,0,1,0,1,1,0,1
0,0,0,1,0,1,0,1,1,1,1,1,0,0,1,0,1,1,0,1,0,0,0,1,0,0,1,1,0,1,1,1,0,0,1,0,1,1,0,1
0,0,0,0,0,1,1,1,0,1,0,1,0,0,1,0,1,1,0,1,0,0,0,1,0,1,0,1,1,1,1,1,0,0,1,0,1,1,0,1
