DEFAULT_CLOCK,a[0],a[1],a[2],a[3],a[4],a[5],a[6],a[7],d[0],d[1],d[2],d[3],d[4],d[5],d[6],d[7],d[8],b[0],b[1],b[2],b[3],b[4],b[5],b[6],b[7],c[0],c[1],c[2],c[3],c[4],c[5],c[6],c[7],c[8]
0,0,0,1,0,0,1,2,2,1,1,0,0,0,1,0,1,2,1,0,0,0,0,0,0,1,1,0,1,0,0,1,0,1,1
0,1,0,0,1,0,1,2,2,0,1,1,0,0,1,0,1,1,1,1,0,0,0,1,1,1,0,0,1,1,0,1,1,1,1
0,1,0,1,1,0,1,2,2,0,0,0,0,0,0,0,1,1,1,0,1,1,0,0,0,1,0,1,0,1,1,0,0,1,1
0,1,0,1,0,0,1,1,2,1,1,0,0,1,0,1,1,1,0,1,0,0,1,0,0,1,1,1,1,0,1,1,1,1,1
0,1,0,1,0,0,1,1,2,0,0,1,0,1,1,1,1,1,1,0,1,1,1,0,0,1,0,1,1,1,1,1,1,1,1
0,0,1,1,0,1,1,1,2,1,0,0,1,1,1,1,1,1,1,0,1,1,1,1,0,1,1,1,0,0,1,1,0,1,1
0,1,0,1,1,0,1,1,1,1,0,0,0,0,1,1,1,1,0,0,1,1,0,0,0,1,1,0,0,1,1,1,1,0,1
0,1,0,0,1,1,1,1,1,1,1,0,0,1,1,1,1,1,0,1,1,0,0,0,1,1,1,1,1,1,1,1,0,1,1
0,1,0,1,0,0,0,1,1,1,1,0,1,1,1,1,1,1,0,1,0,1,0,1,0,1,1,1,1,1,0,1,1,0,1
0,1,0,1,0,0,1,1,1,0,1,1,1,0,1,1,0,1,1,1,1,0,1,1,1,1,0,0,1,1,1,0,1,0,1
0,0,1,0,0,1,1,1,1,1,1,0,0,0,0,0,1,1,1,1,1,1,0,0,0,1,1,0,0,0,0,1,0,1,1
0,0,1,0,0,1,1,1,1,0,0,1,0,0,1,0,1,1,0,1,1,1,0,0,1,1,0,0,0,0,0,0,1,1,1
0,0,0,0,1,0,1,1,1,1,1,0,0,0,1,0,1,1,1,0,1,0,0,0,1,1,1,0,1,1,0,1,0,1,1
0,0,0,1,1,1,0,1,1,1,1,1,1,1,0,0,1,1,1,0,1,1,1,1,0,1,1,0,0,1,1,1,0,1,1
0,1,0,1,1,0,1,1,1,0,0,0,1,0,0,1,1,1,1,0,1,0,0,1,1,1,0,1,0,0,1,0,0,1,1
0,1,1,0,0,0,1,1,1,1,0,0,1,1,0,1,1,1,0,1,0,1,0,1,1,1,1,0,1,1,0,1,1,1,1
0,0,0,0,0,0,0,0,1,0,0,0,0,0,1,1,0,1,0,0,0,0,0,1,1,1,0,0,0,0,0,1,0,1,1
0,0,1,0,1,0,1,0,1,1,0,1,1,0,1,1,0,1,1,0,1,1,1,0,0,1,1,1,1,0,0,0,1,0,1
0,0,1,1,0,1,0,0,1,1,1,0,0,0,0,0,1,1,1,1,0,0,1,0,0,1,1,0,0,1,0,1,0,1,1
0,1,0,1,1,1,0,0,1,0,1,0,1,1,1,0,1,1,1,1,0,0,1,0,1,1,0,0,0,0,0,1,1,1,1
0,1,1,0,1,0,1,1,1,0,1,1,0,1,0,0,1,1,1,0,1,0,1,0,1,1,0,0,0,0,0,0,1,1,1
0,0,1,0,1,0,1,1,1,0,0,1,0,1,0,1,1,1,0,1,1,1,0,1,0,1,0,0,0,0,1,1,0,1,1
0,1,0,1,1,1,1,1,1,0,1,1,1,0,0,1,1,1,1,1,1,1,0,0,1,1,0,0,1,1,0,1,1,1,1
0,1,1,0,0,0,1,1,1,1,0,0,1,1,0,1,1,1,0,1,0,1,0,0,1,1,1,0,1,1,0,1,1,1,1
0,0,1,0,1,0,0,1,1,0,1,1,1,0,0,0,1,1,0,0,1,1,1,1,1,1,0,1,1,1,0,1,1,1,1
0,0,1,0,0,1,1,1,1,0,0,0,1,0,1,1,1,1,0,1,0,1,0,0,0,1,0,0,1,1,1,1,1,0,1
0,1,0,0,0,0,0,1,1,1,0,0,1,0,1,1,1,1,0,0,0,1,1,0,1,1,1,0,0,1,1,1,1,0,1
0,0,0,0,1,1,1,1,1,1,1,1,1,0,1,1,1,1,1,0,0,1,0,0,0,1,1,0,0,1,1,1,1,0,1
0,1,1,0,1,0,1,1,1,1,0,1,0,1,1,1,1,1,0,1,1,0,1,1,0,1,1,0,0,0,0,1,0,1,1
0,0,1,1,0,0,0,1,1,0,0,0,1,1,1,1,1,1,0,1,1,1,0,1,0,1,0,0,1,0,1,1,1,0,1
0,0,0,1,1,1,1,0,1,0,1,0,0,1,0,0,1,1,0,1,0,1,0,1,0,1,0,1,1,0,0,1,1,1,1
0,1,1,0,1,1,1,0,1,0,1,0,1,1,0,0,1,1,1,0,0,0,1,1,1,1,0,0,1,1,1,1,1,1,1
0,1,0,1,0,0,0,0,1,0,1,1,0,1,1,0,0,1,1,1,1,1,0,0,1,1,0,0,1,0,1,0,1,1,1
0,1,1,0,1,1,1,0,1,1,1,1,0,1,1,0,0,1,0,1,0,1,1,1,1,1,1,0,1,0,1,1,1,1,1
0,0,1,1,1,1,1,1,1,1,0,0,1,0,1,1,0,1,1,0,1,0,1,1,1,1,1,1,0,0,1,0,0,1,1
0,1,0,0,0,1,1,1,1,0,0,0,1,1,1,1,0,1,1,0,0,1,1,0,1,1,0,1,0,1,0,0,1,1,1
0,0,1,0,0,0,1,1,1,0,1,1,0,1,1,1,0,1,0,0,1,1,0,0,1,1,0,1,1,1,0,1,0,1,1
0,1,1,1,1,1,0,0,1,0,0,0,0,1,1,1,0,1,1,1,1,1,0,0,0,1,0,1,1,1,0,1,0,0,1
0,0,0,0,1,1,1,1,1,1,0,0,0,0,0,1,0,1,1,1,1,0,1,1,0,1,1,1,1,1,0,1,0,1,1
0,1,1,1,1,1,0,0,1,1,1,0,0,0,0,1,0,1,0,0,1,1,1,0,1,1,1,1,0,1,1,1,1,1,1
0,1,1,0,1,1,0,1,1,0,1,0,0,1,0,1,1,1,1,0,0,1,0,0,0,1,0,0,1,0,0,1,1,1,1
0,1,0,0,1,0,0,1,1,1,0,0,1,1,1,1,1,1,0,0,0,0,1,0,1,1,1,0,0,1,1,1,1,1,1
0,1,1,1,0,1,0,1,1,0,1,1,0,0,0,0,1,1,1,0,0,0,1,0,1,1,0,0,0,1,0,1,1,1,1
0,0,1,1,0,1,0,0,1,0,1,0,1,0,0,0,1,1,0,0,1,1,1,0,1,1,0,1,0,0,0,1,0,1,1
0,0,1,0,0,0,0,1,1,0,1,0,1,1,1,1,1,1,0,0,0,1,0,0,1,1,0,1,0,1,0,0,0,1,1
0,1,1,1,0,1,1,1,1,0,1,0,1,1,1,1,1,1,1,0,1,1,1,1,1,1,0,0,1,0,1,1,0,1,1
0,0,1,0,0,1,1,1,1,0,0,1,0,1,0,0,1,1,0,1,1,1,1,1,1,1,0,0,0,0,1,0,0,1,1
0,1,0,1,1,0,1,1,1,0,0,1,0,1,1,0,1,1,1,0,0,1,1,1,1,1,0,1,1,0,0,1,0,1,1
0,1,1,1,1,1,1,1,1,0,0,1,1,0,0,1,1,1,1,1,0,0,1,0,1,1,0,1,0,0,1,1,1,1,1
0,1,0,1,0,0,0,0,1,1,0,1,1,0,0,0,0,1,0,0,0,1,1,1,1,1,1,0,1,1,1,1,1,1,1
0,1,1,0,1,1,0,1,1,0,1,0,0,1,0,0,0,1,1,0,0,1,0,0,1,1,0,0,1,0,0,1,0,1,1
0,1,1,1,1,1,1,1,1,1,0,1,0,1,0,0,0,1,0,1,0,1,0,1,1,1,1,0,0,1,0,1,1,1,1
0,0,0,0,1,1,0,1,1,0,1,0,0,1,0,1,1,1,0,1,1,0,0,0,0,1,0,1,1,1,1,0,1,1,1
0,0,1,1,1,0,0,0,1,0,1,0,0,1,1,1,1,1,0,0,1,1,1,0,0,1,0,1,0,1,0,1,0,0,1
0,0,1,0,1,1,1,1,1,0,0,1,0,1,0,1,1,1,0,1,1,0,0,1,0,1,0,0,0,0,0,1,0,0,1
0,1,1,0,0,1,1,1,1,0,0,0,0,1,0,1,1,1,1,1,0,0,0,1,0,1,0,1,1,0,1,1,0,0,1
0,1,1,1,1,0,1,1,1,0,0,1,1,1,1,1,1,1,1,1,0,0,1,1,0,1,0,1,0,0,0,1,1,1,1
0,1,1,1,1,1,0,1,1,1,1,0,1,1,1,1,1,1,0,0,1,0,0,0,1,1,1,1,0,0,0,1,0,1,1
0,1,1,1,0,1,1,1,1,0,0,1,1,0,1,1,1,1,1,1,0,1,0,0,1,1,0,1,0,0,0,0,1,1,1
0,0,1,1,0,0,1,1,1,0,0,1,1,0,0,0,1,1,0,1,0,1,1,0,1,1,0,0,0,0,0,0,1,1,1
0,1,0,0,1,0,1,1,1,0,0,1,1,1,1,0,1,1,1,0,1,1,0,1,1,1,0,1,1,0,1,0,1,1,1
0,0,1,0,1,1,0,1,1,1,0,1,0,1,1,1,0,1,1,0,1,0,0,1,1,1,1,1,1,1,1,1,1,1,1
0,1,0,1,0,1,1,0,1,0,1,1,0,1,0,1,1,1,1,1,1,1,1,0,1,1,0,0,1,0,1,0,0,1,1
0,1,0,0,1,1,1,1,1,1,0,1,0,1,1,1,1,1,0,0,1,0,0,0,1,1,1,0,1,1,1,1,0,1,1
0,0,0,0,0,1,0,1,1,0,1,1,0,0,1,0,1,1,0,1,0,1,0,1,1,1,0,1,0,1,1,1,1,1,1
0,1,1,0,1,0,1,0,1,1,0,1,1,1,0,0,1,1,0,1,1,1,0,1,1,1,1,0,0,1,1,1,0,1,1
0,0,0,1,1,1,0,1,1,0,1,0,0,0,0,1,1,1,0,1,0,1,1,0,0,1,0,1,1,0,1,1,1,0,1
0,1,0,1,1,1,1,1,1,0,1,0,1,1,1,1,1,1,1,1,0,0,0,0,1,1,0,0,0,0,0,0,1,1,1
0,0,1,1,0,1,0,1,1,0,0,0,1,1,1,1,1,1,0,1,1,1,0,0,1,1,0,0,1,0,0,1,0,1,1
0,1,1,1,0,0,1,1,1,1,0,1,1,1,0,1,1,1,0,1,0,1,0,0,1,1,1,0,0,0,1,1,1,1,1
0,0,1,1,0,1,1,0,1,0,1,1,1,1,1,1,0,1,0,0,0,1,1,1,1,1,0,1,1,1,0,1,1,1,1
0,1,0,0,1,1,1,1,1,1,0,0,0,0,0,1,1,1,0,0,0,1,1,1,0,1,1,0,0,0,1,1,1,1,1
0,0,0,1,0,1,0,0,1,1,0,0,0,0,0,1,1,1,1,1,0,0,1,0,0,1,1,1,1,0,0,1,0,0,1
0,0,0,1,0,1,0,0,1,1,1,0,1,0,1,0,1,1,1,0,0,1,1,0,1,1,1,0,1,1,1,0,1,0,1
0,1,1,0,1,1,0,1,1,0,1,1,1,0,0,0,1,1,1,0,1,1,0,0,1,1,0,0,0,1,0,1,1,0,1
0,1,0,0,1,1,0,1,1,0,0,1,1,0,1,1,0,1,1,0,1,1,0,1,1,1,0,1,1,0,0,0,1,0,1
0,0,1,1,0,1,1,1,1,0,0,1,1,0,1,0,1,1,0,1,0,1,0,0,1,1,0,0,0,0,0,0,1,0,1
0,0,1,1,0,1,1,0,1,1,0,0,0,0,1,0,1,1,1,0,1,0,1,0,0,1,1,1,0,1,0,0,1,0,1
0,0,1,1,0,0,0,1,1,0,1,0,0,0,0,1,1,1,0,0,1,0,1,0,0,1,0,1,0,1,0,0,1,0,1
0,1,1,1,0,1,1,1,1,0,1,1,1,0,0,0,1,1,1,0,0,1,0,1,1,1,0,0,0,0,0,1,1,0,1
0,0,0,1,0,1,1,0,1,0,0,1,1,0,1,0,1,1,0,0,0,1,0,0,0,1,0,0,1,1,1,1,0,0,1
0,0,0,0,1,0,1,0,1,1,1,0,1,1,1,1,1,1,1,0,1,1,0,1,0,1,1,0,1,0,1,0,1,0,1
0,1,1,1,0,0,0,1,1,1,0,0,1,1,0,0,1,1,0,1,1,1,0,1,0,1,1,0,1,0,1,1,1,1,1
0,0,0,0,1,0,0,1,1,0,0,1,1,0,1,1,1,1,0,0,1,1,1,1,0,1,0,0,1,0,0,1,1,1,1
0,1,0,1,1,1,1,1,1,0,0,1,0,1,0,1,1,1,1,0,0,1,0,1,0,1,0,1,1,0,0,1,1,1,1
0,0,0,1,1,1,1,1,1,0,1,1,0,1,0,0,1,1,0,1,1,0,0,0,0,1,0,1,0,0,0,1,0,1,1
0,0,1,0,1,1,0,1,1,1,0,1,1,1,0,0,1,1,1,0,1,1,1,1,0,1,1,1,1,0,1,1,0,1,1
0,0,1,1,0,0,1,1,1,0,1,1,0,1,1,1,1,1,0,0,0,0,1,1,1,1,0,1,1,0,1,0,1,1,1
0,1,1,0,0,1,1,1,1,1,0,0,1,1,1,0,1,1,0,1,0,1,1,1,0,1,1,0,1,1,0,1,1,1,1
0,0,1,1,1,1,0,1,1,0,0,1,0,0,1,1,1,1,0,1,0,1,1,1,1,1,0,0,0,1,1,0,1,1,1
0,1,0,1,0,1,0,1,1,1,1,0,1,1,1,0,1,1,0,1,0,1,1,1,1,1,1,1,1,1,0,1,1,1,1
0,1,0,0,1,1,1,0,1,0,1,0,0,0,0,0,1,1,1,1,1,0,1,1,1,1,0,0,0,0,1,1,1,1,1
0,0,1,1,0,1,0,0,1,0,1,1,0,1,0,1,1,1,0,0,0,0,0,0,1,1,0,1,1,0,1,0,1,0,1
0,0,1,1,0,0,1,0,1,0,0,0,0,1,1,1,1,1,0,1,1,0,1,1,0,1,0,0,1,1,1,0,1,1,1
0,1,0,1,1,1,1,1,1,1,0,0,0,0,1,0,1,1,0,0,1,1,1,0,1,1,1,0,0,1,1,0,1,1,1
0,0,1,1,0,0,0,0,1,0,1,1,1,0,0,0,0,1,0,0,0,1,1,1,1,1,0,1,1,1,1,1,1,1,1
0,0,1,1,1,1,1,1,1,1,1,0,0,0,1,0,1,1,1,1,0,1,1,0,1,1,1,0,0,1,1,0,1,1,1
0,1,1,1,1,0,0,1,1,0,1,1,0,1,0,1,0,1,1,0,0,1,1,1,1,1,0,0,0,1,0,0,1,1,1
0,0,1,0,1,1,1,1,1,1,0,0,1,1,0,0,1,1,1,0,0,0,0,1,1,1,1,1,0,1,1,0,1,1,1
0,1,1,1,0,1,1,1,1,0,1,1,0,1,1,1,1,1,1,0,0,0,0,1,0,1,0,0,0,1,1,1,0,1,1
0,0,1,1,0,0,0,0,1,0,1,1,0,1,1,0,0,1,0,0,0,0,1,0,1,1,0,1,1,0,1,0,1,1,1
0,1,0,1,0,1,1,1,1,0,0,0,0,0,0,1,1,1,1,0,1,0,1,1,1,1,0,1,0,1,0,1,1,1,1
0,1,0,0,1,0,1,1,1,0,0,0,1,0,1,1,1,1,1,0,0,0,0,0,1,1,0,1,0,1,0,1,1,1,1
0,1,0,1,0,0,0,1,1,1,0,1,1,0,1,1,1,1,0,0,0,1,1,0,0,1,1,0,1,1,1,0,1,0,1
0,1,1,0,1,0,0,1,1,0,0,0,1,1,0,1,1,1,1,1,0,0,1,1,1,1,0,1,1,1,1,1,0,1,1
0,0,0,1,1,0,1,1,1,0,1,0,0,0,1,1,1,1,0,1,0,1,0,0,0,1,0,1,1,0,1,1,1,0,1
0,0,1,1,1,0,0,1,1,0,1,1,0,0,1,0,1,1,0,0,0,1,0,1,0,1,0,1,1,0,1,1,1,1,1
0,1,0,0,1,0,1,0,1,0,0,0,1,0,1,0,1,1,1,0,0,0,0,1,0,1,0,1,0,1,0,0,1,0,1
0,0,1,1,1,0,1,0,1,0,0,0,1,0,1,0,1,1,0,1,1,0,0,1,1,1,0,0,1,0,1,1,1,1,1
0,1,1,1,1,1,0,0,1,1,0,1,0,1,1,1,0,1,0,1,0,1,0,1,1,1,1,0,0,1,0,0,1,1,1
0,0,1,0,1,0,1,0,1,1,0,1,1,1,0,0,1,1,1,0,1,1,0,0,0,1,1,1,1,0,1,1,0,1,1
0,0,1,1,1,1,0,0,1,0,1,1,0,0,1,1,0,1,0,0,0,1,1,1,0,1,0,1,1,0,1,0,1,1,1
0,1,0,0,1,1,1,1,1,1,0,0,0,1,1,0,1,1,0,0,0,1,0,0,1,1,1,0,0,0,0,0,1,1,1
0,0,1,0,1,0,0,1,1,1,1,1,0,1,1,0,1,1,1,1,0,0,1,0,1,1,1,0,1,1,1,0,1,1,1
0,1,1,0,1,0,1,1,1,0,0,1,0,0,1,0,1,1,1,1,1,0,0,0,1,1,0,1,0,0,1,1,1,1,1
0,0,1,1,0,1,1,0,1,0,0,1,1,1,1,1,1,1,0,1,0,1,1,1,0,1,0,0,0,0,1,1,1,0,1
0,0,0,1,0,0,0,1,1,1,1,0,1,1,1,1,1,1,1,0,0,1,1,1,0,1,1,0,1,1,1,1,1,0,1
0,0,1,0,0,1,0,0,1,0,1,1,1,1,0,1,1,1,0,0,1,0,1,1,0,1,0,1,1,0,0,0,1,0,1
0,1,1,1,1,1,1,1,1,1,0,0,1,1,1,1,1,1,0,1,1,0,0,0,0,1,1,0,1,0,0,0,1,0,1
0,0,1,0,1,1,1,1,1,0,0,0,1,1,1,1,1,1,0,1,0,0,1,1,1,1,0,0,1,1,0,1,1,1,1
0,0,1,0,0,1,1,1,1,1,0,1,0,1,1,1,1,1,1,0,1,1,1,1,0,1,1,1,1,1,0,1,1,1,1
0,0,0,1,0,0,0,0,1,0,0,0,0,0,1,0,1,1,0,0,1,0,0,1,1,1,0,0,0,1,0,1,1,0,1
0,0,1,0,1,0,0,1,1,1,0,0,0,0,1,0,1,1,1,0,0,1,0,1,0,1,1,1,0,0,1,1,1,0,1
0,1,0,0,0,0,1,0,1,1,1,0,0,1,1,0,1,1,0,1,1,1,0,0,0,1,1,1,1,1,0,1,0,0,1
0,1,1,0,1,1,1,1,1,0,0,0,0,1,1,1,1,1,1,1,0,1,0,0,0,1,0,1,1,1,0,1,0,0,1
0,1,1,1,1,0,1,1,1,0,1,1,0,0,1,1,1,1,1,0,0,1,0,0,1,1,0,0,0,1,1,1,0,1,1
0,0,1,1,0,1,1,1,1,1,0,0,0,0,0,1,1,1,1,0,1,0,1,1,1,1,1,1,0,1,0,1,0,1,1
0,1,1,1,1,0,0,0,1,0,0,1,0,0,1,0,0,1,1,1,0,1,0,1,1,1,0,1,0,1,1,1,1,1,1
0,0,0,0,1,0,0,0,1,0,1,0,1,1,0,1,1,1,0,1,1,1,0,1,0,1,0,1,1,0,1,1,0,0,1
0,1,1,0,1,1,0,0,1,1,0,0,1,1,0,1,1,1,0,1,0,0,1,0,0,1,1,0,1,1,0,1,0,0,1
0,1,1,0,1,0,0,1,1,1,0,0,1,0,0,0,1,1,0,1,0,0,0,0,1,1,1,0,1,1,1,0,1,0,1
0,0,1,1,1,1,0,1,1,1,0,0,0,1,0,0,1,1,1,0,1,1,0,0,1,1,1,1,0,1,0,1,1,0,1
0,0,0,1,1,0,1,1,1,0,0,1,0,1,0,1,1,1,0,0,0,1,1,0,1,1,0,0,1,1,0,1,1,0,1
0,1,0,0,0,1,0,1,1,1,1,0,1,0,0,1,1,1,0,1,1,0,0,0,0,1,1,1,1,0,1,0,1,0,1
0,1,0,0,0,0,0,1,1,0,1,1,1,0,0,1,1,1,1,1,0,1,1,1,0,1,0,0,1,1,1,1,1,0,1
0,0,0,0,1,1,0,1,1,1,0,1,0,0,0,0,1,1,1,1,0,0,1,0,1,1,1,1,0,1,0,1,1,0,1
0,0,1,1,0,1,0,1,1,1,1,0,1,1,1,1,1,1,1,1,0,1,1,0,1,1,1,0,0,0,1,1,0,1,1
0,0,1,0,0,0,1,1,1,0,1,1,1,1,0,1,1,1,0,0,1,1,1,0,1,1,0,1,1,0,0,1,1,1,1
0,1,1,0,0,1,1,1,1,1,1,0,1,1,0,0,1,1,0,0,0,1,1,0,1,1,1,1,0,1,0,0,1,1,1
0,0,1,0,0,1,1,1,1,0,1,0,1,1,0,1,1,1,0,0,0,1,1,1,0,1,0,1,0,1,0,0,1,1,1
0,1,0,0,1,1,1,1,1,0,0,1,0,1,0,1,1,1,1,0,1,0,0,1,1,1,0,1,1,1,1,0,1,1,1
0,1,0,0,0,0,1,0,1,0,1,1,0,1,1,1,0,1,1,1,0,1,0,1,1,1,0,0,1,1,0,0,1,1,1
0,1,0,0,0,0,0,0,1,1,0,0,1,1,1,0,1,1,0,0,0,1,0,0,1,1,1,0,0,1,0,0,1,0,1
0,1,1,1,0,0,1,0,1,0,1,1,0,0,0,0,1,1,1,0,0,0,0,1,0,1,0,0,0,1,0,0,1,1,1
0,1,1,1,1,1,1,0,1,1,1,0,1,1,0,0,1,1,0,0,1,0,0,1,0,1,1,1,0,0,0,1,1,1,1
0,0,0,0,1,1,0,1,1,0,1,0,0,0,0,1,1,1,0,1,1,0,1,0,0,1,0,1,1,1,0,1,1,1,1
0,0,0,1,0,1,0,1,1,0,1,0,0,0,0,1,1,1,0,1,0,0,1,0,0,1,0,1,1,0,0,1,1,1,1
0,0,1,1,0,1,0,0,1,1,0,1,0,0,1,1,1,1,1,0,0,0,1,1,0,1,1,1,1,0,0,0,1,0,1
0,1,0,1,0,1,0,1,1,0,0,0,1,0,1,1,1,1,1,0,1,1,0,1,1,1,0,1,0,0,0,0,1,0,1
0,1,1,0,1,0,1,1,1,0,1,1,0,1,1,1,1,1,1,0,1,0,1,1,1,1,0,0,0,0,0,1,1,0,1
0,1,0,1,1,0,1,0,1,0,1,1,0,0,0,0,1,1,1,1,1,0,0,1,1,1,0,0,1,0,1,0,1,1,1
0,0,0,1,0,0,0,0,1,1,0,1,1,1,0,1,1,1,1,1,1,0,0,1,0,1,1,1,0,1,0,1,0,0,1
0,1,1,1,0,0,1,1,1,0,1,1,1,0,1,1,1,1,1,0,0,1,1,1,0,1,0,0,0,0,0,1,0,1,1
0,1,0,0,1,0,0,1,1,0,1,1,1,0,1,1,1,1,1,1,0,1,1,0,1,1,0,0,1,0,0,1,0,1,1
0,1,0,0,1,0,0,1,1,0,0,0,1,1,1,1,0,1,1,0,0,0,1,0,1,1,0,1,0,1,1,1,0,1,1
0,1,0,0,0,0,1,0,1,1,1,1,0,1,1,1,0,1,0,1,0,1,0,1,1,1,1,1,0,1,0,0,1,1,1
0,0,1,0,1,1,1,1,1,1,0,1,0,1,1,0,1,1,1,0,1,0,0,0,1,1,1,1,1,1,1,1,1,1,1
0,1,1,0,0,0,0,0,1,1,1,1,0,0,0,0,0,1,0,0,1,1,1,1,1,1,1,1,1,1,1,1,1,1,1
0,0,1,0,0,1,1,1,1,0,0,1,0,1,1,1,0,1,0,1,1,1,1,1,1,1,0,0,0,0,1,1,1,1,1
0,0,0,0,1,0,1,1,1,1,0,0,1,1,1,1,1,1,1,1,1,1,0,1,1,1,1,1,1,0,1,0,1,1,1
0,0,1,1,0,0,0,0,1,0,1,1,0,1,0,0,1,1,0,0,0,0,1,1,1,1,0,1,1,0,1,1,1,0,1
0,0,0,0,1,1,1,0,1,0,0,0,1,1,1,1,1,1,0,0,0,0,0,0,1,1,0,0,0,1,1,1,1,0,1
0,0,0,0,1,0,1,0,1,0,1,0,0,1,1,1,1,1,0,1,1,0,1,1,1,1,0,1,1,1,1,1,1,0,1
0,1,0,1,0,0,0,1,1,1,0,1,0,1,1,1,1,1,0,0,0,0,0,0,1,1,1,0,1,0,0,0,0,1,1
0,0,0,1,0,1,1,1,1,1,1,0,1,1,1,1,1,1,1,0,0,1,1,1,1,1,1,0,1,1,0,1,0,1,1
0,0,0,0,0,1,1,0,1,0,0,1,0,1,1,1,0,1,0,0,1,1,1,1,1,1,0,0,1,1,0,1,1,1,1
0,0,1,0,1,0,1,0,1,0,0,0,1,0,0,1,1,1,0,1,0,0,0,1,1,1,0,0,1,1,0,0,0,1,1
0,1,0,1,0,1,1,0,1,0,0,1,0,1,1,1,1,1,1,0,0,0,0,1,1,1,0,1,1,0,1,1,1,1,1
0,1,1,1,0,1,1,0,1,0,0,1,0,1,0,1,1,1,1,1,0,0,0,0,1,1,0,1,0,1,1,0,1,1,1
0,1,0,0,1,0,0,1,1,1,1,0,0,0,0,1,1,1,0,1,1,0,0,0,0,1,1,1,1,1,0,0,1,0,1
0,1,0,1,0,0,1,1,1,0,0,1,0,0,1,1,1,1,1,0,0,0,0,0,1,1,0,1,1,0,0,1,1,1,1
0,1,0,1,1,0,0,0,1,1,1,0,0,1,1,0,0,1,0,1,0,1,1,0,1,1,1,1,1,0,0,1,1,1,1
0,1,1,1,1,0,0,0,1,1,1,0,1,1,0,1,1,1,0,0,1,1,0,1,1,1,1,1,0,0,1,1,1,1,1
0,0,0,1,1,0,0,0,1,1,1,0,1,1,0,0,1,1,1,0,0,0,1,1,1,1,1,0,1,1,1,1,1,1,1
0,1,1,0,1,1,1,0,1,1,0,1,0,0,0,0,1,1,0,1,1,0,1,1,0,1,1,0,0,0,1,1,1,1,1
0,1,1,1,0,1,1,1,1,1,0,0,1,1,0,1,1,1,0,1,1,1,1,0,0,1,1,0,1,0,1,0,0,1,1
0,0,0,1,1,1,0,1,1,1,1,1,1,1,0,1,1,1,1,0,1,0,1,0,1,1,1,0,0,0,1,1,0,1,1
0,0,0,0,0,0,1,1,1,0,0,0,0,0,0,0,1,1,0,0,0,0,0,1,0,1,0,0,0,0,0,0,1,1,1
0,0,1,0,0,1,1,1,1,0,1,1,1,1,1,0,1,1,0,0,1,0,1,1,0,1,0,1,1,0,0,1,1,1,1
0,1,0,1,1,1,0,1,1,0,0,0,0,1,0,1,1,1,1,0,1,1,1,1,0,1,0,1,0,1,0,1,1,1,1
0,1,1,0,1,0,0,1,1,0,1,0,0,1,0,1,1,1,1,0,0,1,1,1,1,1,0,0,1,0,0,0,1,1,1
0,0,1,1,1,1,0,0,1,1,0,0,0,0,1,0,1,1,1,0,1,1,1,1,1,1,1,1,0,1,1,0,0,1,1
0,1,1,0,1,1,1,1,1,0,0,1,1,0,1,1,1,1,1,1,1,1,0,0,0,1,0,1,0,1,1,0,0,1,1
0,1,1,0,1,1,1,1,1,0,0,0,0,0,1,1,1,1,1,1,0,0,0,1,1,1,0,1,1,0,0,1,1,1,1
0,1,0,1,1,1,1,1,1,0,0,1,1,0,1,1,1,1,1,0,0,0,1,1,0,1,0,1,1,1,0,0,1,1,1
0,0,0,1,0,0,0,1,1,1,1,1,1,0,1,0,1,1,1,0,1,0,1,0,0,1,1,0,0,1,1,0,1,1,1
0,0,0,0,0,0,1,1,1,1,1,0,0,1,1,1,1,1,1,0,1,1,0,1,1,1,1,0,1,1,0,0,1,1,1
0,0,1,0,0,1,0,1,1,0,1,0,1,1,0,1,1,1,0,0,0,1,1,1,1,1,0,1,0,1,0,0,1,1,1
0,1,0,1,1,0,0,0,1,1,1,0,1,1,1,0,0,1,0,1,0,0,1,0,1,1,1,1,1,1,1,0,1,1,1
0,0,0,1,0,0,0,0,1,0,1,1,1,1,1,0,0,1,0,1,1,0,0,0,1,1,0,1,0,1,0,0,1,1,1
0,0,0,1,1,0,0,0,1,0,0,1,1,1,1,1,1,1,0,0,0,0,1,0,0,1,0,0,1,1,1,0,0,0,1
0,1,1,1,0,1,0,0,1,1,0,1,1,0,1,0,1,1,0,1,0,1,0,1,1,1,1,0,0,0,0,0,0,1,1
0,0,0,1,0,0,0,0,1,0,1,0,1,1,0,1,1,1,0,1,0,1,0,1,0,1,0,1,1,1,0,1,0,0,1
0,0,0,1,1,1,1,1,1,0,0,1,1,1,0,1,1,1,0,0,0,0,0,1,1,1,0,0,1,1,1,0,1,1,1
0,0,1,0,1,1,1,0,1,1,1,1,1,0,1,1,1,1,1,1,0,1,0,0,0,1,1,0,1,0,0,0,1,0,1
0,0,1,1,0,0,1,0,1,1,0,0,0,0,0,0,1,1,1,0,1,0,0,1,0,1,1,1,0,1,0,0,1,1,1
0,0,1,0,0,1,1,0,1,0,0,0,0,1,0,0,1,1,0,1,0,0,0,1,0,1,0,0,1,0,1,0,1,1,1
0,1,0,0,1,0,0,1,1,1,0,1,0,1,1,0,1,1,0,0,1,0,1,1,0,1,1,0,1,1,1,0,1,1,1
0,1,0,1,1,1,1,1,1,0,1,0,0,1,1,1,1,1,1,1,0,1,0,0,1,1,0,0,0,1,0,0,0,1,1
0,0,0,1,1,1,0,1,1,1,0,1,0,1,1,1,1,1,1,1,1,0,0,0,1,1,1,1,0,0,0,1,0,1,1
0,0,1,1,0,0,0,0,1,1,0,1,1,0,0,1,0,1,1,0,0,1,1,1,1,1,1,1,1,1,1,1,0,1,1
0,0,0,1,0,1,1,0,1,0,0,1,0,0,1,1,1,1,0,0,0,0,1,0,1,1,0,0,1,0,0,0,0,1,1
0,0,0,1,1,0,1,0,1,0,0,0,0,0,1,0,1,1,0,0,1,1,0,0,0,1,0,0,0,1,1,1,0,1,1
0,1,1,1,1,0,1,0,1,1,0,1,1,1,0,0,1,1,0,1,0,1,0,1,1,1,1,0,0,0,1,1,1,1,1
0,1,0,0,0,1,1,0,1,1,0,0,1,0,1,0,1,1,0,0,0,1,0,1,1,1,1,0,0,1,1,1,1,1,1
0,0,0,1,1,0,1,1,1,1,0,0,1,0,0,1,1,1,1,1,0,0,0,1,1,1,1,1,1,1,1,1,0,1,1
0,0,0,1,0,0,1,0,1,1,1,0,1,1,0,1,1,1,1,0,0,1,0,0,1,1,1,0,1,1,0,1,1,0,1
0,1,0,0,1,1,1,0,1,0,1,0,1,1,0,1,1,1,1,1,1,1,1,0,1,1,0,0,0,1,1,1,1,0,1
0,0,0,1,0,1,0,1,1,1,0,1,1,0,1,1,0,1,1,1,1,0,0,1,1,1,1,1,0,1,1,1,1,0,1
0,1,0,1,1,1,0,0,1,1,0,1,1,0,1,1,1,1,0,0,0,0,1,1,0,1,1,0,1,1,0,0,1,0,1
0,0,1,0,0,0,0,0,1,1,0,0,1,1,1,0,0,1,1,0,0,1,0,0,1,1,1,1,0,1,0,0,1,1,1
0,1,0,0,1,1,0,1,1,1,0,0,1,1,1,0,1,1,0,0,0,0,0,1,1,1,1,0,0,1,1,1,1,1,1
0,0,0,1,1,1,0,1,1,1,0,0,1,0,0,0,1,1,1,1,0,0,1,0,0,1,1,1,1,1,0,1,0,1,1
0,1,1,0,0,0,1,1,1,1,0,0,1,1,1,0,1,1,0,1,0,1,0,1,0,1,1,0,1,1,0,1,0,1,1
0,0,0,0,1,0,0,1,1,1,1,0,1,0,1,1,0,1,1,0,1,1,1,0,1,1,1,0,1,0,0,1,0,1,1
0,0,1,0,1,1,1,1,1,0,1,1,0,1,1,0,1,1,0,0,1,0,0,0,0,1,0,1,1,1,1,1,0,1,1
0,1,1,0,1,0,1,1,1,0,1,0,0,1,1,1,1,1,1,0,0,1,1,1,0,1,0,0,1,0,0,1,1,1,1
0,0,1,0,0,1,1,1,1,0,0,0,0,0,0,1,1,1,0,1,0,0,1,0,1,1,0,0,1,0,0,1,1,1,1
0,1,0,0,1,1,0,1,1,1,0,0,1,0,0,0,1,1,0,0,0,0,1,0,1,1,1,0,0,1,0,1,1,1,1
0,0,1,1,1,0,1,1,1,1,1,1,0,1,0,1,1,1,1,1,1,0,1,0,0,1,1,0,1,1,0,1,1,1,1
0,1,1,0,1,1,0,1,1,1,0,1,0,1,1,1,1,1,0,1,1,0,0,1,0,1,1,0,0,0,0,0,0,1,1
0,1,1,0,1,1,1,0,1,1,1,0,1,1,1,0,1,1,0,1,1,0,0,1,0,1,1,1,0,1,1,1,0,1,1
0,1,1,1,1,1,1,0,1,0,1,1,0,0,1,0,1,1,1,0,0,1,0,1,1,1,0,0,0,1,1,1,1,1,1
0,0,0,1,1,1,1,0,1,1,1,0,0,1,1,0,1,1,1,0,0,1,1,0,1,1,1,0,1,0,0,1,1,1,1
0,1,0,1,0,0,0,1,1,0,1,1,0,1,1,1,1,1,1,1,1,1,0,0,1,1,0,0,1,0,1,0,0,1,1
0,0,0,0,0,1,0,0,1,1,1,1,1,1,1,0,0,1,1,0,0,0,1,0,1,1,1,0,0,0,0,1,1,1,1
0,1,0,0,1,0,1,1,1,0,1,0,0,1,1,1,1,1,1,1,1,0,1,1,1,1,0,0,0,0,0,1,1,1,1
0,0,1,0,1,0,0,1,1,0,1,0,0,1,1,1,1,1,0,0,0,1,1,0,1,1,0,1,0,0,0,1,1,1,1
0,1,1,0,1,1,0,0,1,1,1,1,0,1,0,1,1,1,0,0,1,0,0,0,1,1,1,1,1,1,1,0,1,0,1
0,0,0,0,1,1,1,0,1,1,1,1,0,1,0,1,1,1,1,1,1,0,1,1,0,1,1,1,1,1,0,1,1,0,1
0,0,1,1,0,0,0,0,1,0,1,1,0,1,0,1,0,1,0,0,0,0,1,1,0,1,0,1,1,0,1,1,0,1,1
0,1,1,1,0,1,1,1,1,0,1,0,0,0,0,1,1,1,1,0,1,0,1,1,0,1,0,0,1,1,0,1,0,1,1
0,0,0,1,0,1,0,1,1,1,0,1,1,0,0,1,1,1,1,1,1,0,1,1,0,1,1,1,0,1,1,0,1,1,1
0,0,1,1,0,1,1,1,1,1,0,1,1,0,0,0,1,1,1,0,0,1,0,1,1,1,1,1,1,1,1,0,1,1,1
0,1,1,0,1,0,0,0,1,0,1,0,1,0,0,0,1,1,1,0,0,1,0,1,1,1,0,0,1,1,0,0,0,1,1
0,1,1,0,1,1,0,1,1,1,1,0,1,1,0,1,0,1,0,0,0,0,0,0,0,1,1,1,0,1,1,0,1,0,1
0,0,1,0,0,0,0,1,1,1,0,1,1,1,1,1,1,1,1,0,1,0,0,0,1,1,1,1,1,0,0,0,0,1,1
0,0,0,0,0,1,1,1,1,1,0,0,0,0,0,0,1,1,1,1,1,1,0,1,0,1,1,1,1,1,1,0,1,1,1
0,0,1,1,0,0,1,1,1,1,1,1,0,1,1,0,1,1,1,1,1,1,0,1,0,1,1,0,1,0,1,0,1,1,1
0,1,0,0,1,0,1,1,1,1,0,0,0,1,1,1,1,1,0,0,0,1,1,1,1,1,1,0,0,0,0,1,1,1,1
0,0,1,1,1,0,1,1,1,1,1,1,0,1,1,1,1,1,1,1,1,1,0,1,1,1,1,0,1,0,1,1,1,1,1
0,1,0,0,0,0,1,1,1,0,0,1,1,0,0,1,1,1,1,0,1,0,1,0,0,1,0,1,1,0,1,1,1,0,1
0,0,1,1,1,0,1,1,1,0,1,1,1,0,0,0,1,1,0,0,0,0,0,1,1,1,0,1,1,1,0,0,1,0,1
0,1,0,1,0,0,1,1,1,1,0,1,1,1,1,0,1,1,0,0,0,1,0,1,1,1,1,0,1,1,0,0,1,0,1
0,0,0,1,0,0,1,1,1,1,1,0,1,1,1,0,1,1,1,0,0,1,0,1,1,1,1,0,1,1,0,0,0,1,1
0,1,0,0,0,0,1,1,1,0,1,0,1,0,1,1,0,1,1,1,1,0,1,1,1,1,0,0,0,1,1,0,1,1,1
0,0,1,1,1,0,1,1,1,1,0,1,1,0,1,1,1,1,1,0,0,0,0,0,0,1,1,1,1,1,0,1,1,1,1
0,1,0,1,0,1,0,1,1,1,0,1,1,0,1,1,0,1,0,0,0,1,0,1,1,1,1,0,1,1,1,1,1,1,1
0,0,0,0,0,1,1,1,1,0,1,1,0,0,0,1,0,1,0,1,0,1,0,1,0,1,0,1,0,1,1,0,0,1,1
0,1,1,1,1,1,1,1,1,0,1,1,1,1,0,1,0,1,1,0,0,0,1,1,1,1,0,1,0,1,1,0,0,1,1
0,1,0,1,1,1,1,1,1,1,1,1,1,0,1,1,1,1,0,1,1,1,0,0,0,1,1,1,0,1,1,0,0,1,1
0,0,1,0,0,0,1,1,1,0,1,1,0,0,1,0,1,1,0,0,1,1,1,1,0,1,0,1,1,1,1,0,0,1,1
0,1,0,0,1,0,1,0,1,0,1,0,1,1,1,0,1,1,1,1,1,1,0,1,1,1,0,0,0,1,1,0,0,1,1
0,1,1,0,1,1,0,1,1,0,0,1,1,0,1,0,1,1,1,1,1,1,0,1,0,1,0,1,0,1,1,0,0,1,1
0,0,1,0,1,0,0,1,1,1,0,0,0,1,0,0,1,1,1,0,0,1,1,1,0,1,1,1,0,1,1,0,0,1,1
0,1,1,0,0,1,0,1,1,0,0,0,0,1,0,0,1,1,1,1,0,0,1,1,0,1,0,1,1,0,0,1,0,1,1
0,1,0,1,0,0,1,1,1,0,0,1,0,1,0,0,1,1,1,0,0,0,1,0,1,1,0,1,1,0,1,1,0,1,1
0,1,1,1,0,1,1,0,1,0,1,1,1,1,0,0,1,1,1,0,0,1,1,0,0,1,0,0,0,0,1,0,1,0,1
0,0,1,0,1,1,1,0,1,1,0,0,1,0,0,1,1,1,1,0,0,0,1,1,1,1,1,1,0,1,0,1,0,1,1
0,0,1,0,0,0,1,1,1,0,1,1,1,1,1,1,1,1,0,0,1,0,0,1,1,1,0,1,1,0,0,0,1,1,1
0,0,1,0,1,0,1,1,1,1,0,1,1,0,1,0,1,1,1,0,1,1,1,1,1,1,1,1,1,0,0,1,0,1,1
0,1,0,0,1,1,0,1,1,0,0,1,0,1,1,1,1,1,1,0,1,0,0,1,1,1,0,1,1,1,1,1,0,1,1
0,1,0,1,1,0,1,1,1,0,0,1,0,0,1,1,1,1,1,0,0,1,0,0,1,1,0,1,1,0,1,1,0,1,1
0,1,0,0,0,0,0,1,1,0,1,0,0,1,0,0,1,1,1,1,1,1,0,1,0,1,0,0,0,0,1,1,1,1,1
0,1,1,0,1,1,0,1,1,0,1,1,1,1,0,0,1,1,1,0,1,1,0,0,1,1,0,0,0,1,0,1,0,1,1
0,0,0,0,0,1,1,1,1,0,1,0,1,0,1,1,1,1,0,1,1,1,0,0,1,1,0,1,1,0,1,1,1,1,1
0,0,1,0,0,0,1,0,1,1,0,1,0,0,1,1,1,1,1,0,1,1,1,1,0,1,1,1,1,1,1,0,1,0,1
0,0,1,0,1,0,1,1,1,0,1,1,1,0,0,0,1,1,0,0,1,1,1,0,1,1,0,1,1,0,0,0,1,0,1
0,0,0,0,0,1,0,1,1,1,0,1,0,1,0,1,1,1,1,1,0,1,1,1,1,1,1,1,0,1,0,0,1,1,1
0,1,0,1,0,0,1,1,1,1,0,1,1,0,1,0,1,1,0,0,0,1,1,1,1,1,1,0,1,1,1,0,0,1,1
0,0,1,1,0,1,1,1,1,0,1,0,1,1,0,0,1,1,0,0,1,1,1,0,1,1,0,1,0,0,1,0,1,1,1
0,1,1,0,0,0,1,1,1,0,1,0,1,0,1,0,1,1,1,0,0,1,1,1,1,1,0,0,1,1,1,0,0,1,1
0,0,0,0,1,0,0,1,1,1,0,1,1,0,1,0,1,1,1,1,0,1,1,1,0,1,1,1,0,0,0,0,0,1,1
0,0,1,1,1,0,0,1,1,1,1,0,1,1,0,0,1,1,1,1,0,0,1,1,1,1,1,0,0,0,0,0,0,1,1
0,0,0,1,1,0,0,1,1,0,1,1,1,1,1,0,1,1,0,1,1,1,0,0,1,1,0,1,0,1,1,0,1,1,1
0,0,0,1,0,1,0,1,1,1,1,0,1,1,1,1,0,1,1,0,0,1,1,0,1,1,1,0,1,1,0,1,1,1,1
0,1,0,0,1,1,1,0,1,0,1,1,1,1,1,1,0,1,1,1,0,0,1,1,0,1,0,0,1,1,0,1,1,0,1
0,0,0,1,0,1,1,1,1,1,1,1,1,1,1,1,0,1,1,0,1,0,1,1,1,1,1,0,0,1,0,1,1,0,1
0,0,0,1,1,1,1,1,1,1,1,0,0,1,0,1,1,1,1,0,0,1,1,1,1,1,1,0,1,0,0,0,1,0,1
0,0,1,1,1,1,1,1,1,1,0,1,1,0,1,1,1,1,1,0,1,0,1,1,1,1,1,1,1,0,1,0,1,0,1
0,1,0,1,1,1,1,1,1,1,1,1,0,1,1,0,1,1,0,1,1,1,0,0,1,1,1,1,0,0,1,0,1,0,1
0,0,1,1,1,1,1,1,1,0,1,0,1,0,0,1,1,1,0,0,0,1,1,1,0,1,0,1,0,1,1,1,0,1,1
0,0,0,0,1,1,1,1,1,1,1,0,1,1,1,1,1,1,1,0,1,1,0,0,0,1,1,0,1,0,1,0,0,1,1
0,1,1,1,1,0,1,0,1,1,1,1,0,0,0,1,1,1,0,0,0,1,0,1,1,1,1,1,1,0,1,0,0,1,1
0,0,0,0,0,1,0,0,1,1,1,0,1,1,0,0,1,1,1,0,1,0,1,1,1,1,1,0,1,0,0,0,0,1,1
0,0,0,1,1,0,0,1,1,1,0,0,0,1,0,1,1,1,1,1,0,1,1,1,1,1,1,1,1,0,0,0,1,1,1
0,0,0,0,0,0,0,1,1,1,1,0,1,1,0,1,1,1,1,0,1,0,0,1,1,1,1,0,1,0,0,1,1,1,1
0,1,0,1,1,0,0,1,1,1,0,1,1,1,0,0,1,1,0,0,0,0,1,1,1,1,1,0,1,1,1,1,1,1,1
0,1,0,1,1,0,1,1,1,0,0,1,1,1,0,0,1,1,1,0,0,1,0,1,1,1,0,1,1,0,1,0,1,1,1
0,0,0,1,1,1,1,0,1,0,0,1,1,0,0,0,1,1,0,0,0,0,1,1,1,1,0,0,1,1,0,1,1,1,1
0,0,0,0,0,0,0,1,1,0,0,0,0,1,1,1,0,1,0,0,0,0,1,0,1,1,0,0,0,0,1,1,1,1,1
0,1,0,0,0,0,1,0,1,0,0,1,0,1,0,1,0,1,1,0,1,1,0,0,1,1,0,1,1,1,0,1,1,1,1
0,1,0,1,0,1,1,1,1,0,0,1,0,1,0,1,0,1,1,0,1,0,1,1,1,1,0,1,0,1,0,1,1,1,1
0,1,0,1,1,1,0,1,1,1,0,0,1,0,0,1,1,1,0,0,1,0,1,0,0,1,1,0,0,0,1,1,1,1,1
0,0,1,0,1,0,1,1,1,0,1,1,1,0,1,0,1,1,0,0,1,1,1,1,0,1,0,1,1,0,0,1,1,1,1
0,0,0,0,1,1,1,0,1,0,1,0,1,1,1,0,1,1,0,1,1,1,1,0,0,1,0,1,1,0,1,0,1,0,1
0,0,1,0,1,1,1,1,1,0,0,1,0,1,1,0,1,1,0,1,1,0,0,0,1,1,0,0,0,0,0,0,1,0,1
0,1,1,1,1,1,1,1,1,0,0,1,0,1,1,1,1,1,1,1,0,0,1,0,0,1,0,1,0,1,1,0,0,1,1
0,1,0,1,0,1,0,1,1,0,1,1,1,1,0,0,1,1,1,1,1,0,1,1,0,1,0,0,1,1,1,0,0,1,1
0,1,0,1,0,0,0,1,1,0,1,0,0,0,1,1,1,1,1,1,0,0,0,1,1,1,0,0,0,1,0,1,0,1,1
0,1,0,0,1,1,0,1,1,1,1,0,0,1,1,1,1,1,0,1,1,0,0,1,1,1,1,1,1,1,1,1,1,1,1
0,0,0,0,1,0,1,1,1,0,1,0,1,0,0,1,1,1,0,1,1,1,1,1,1,1,0,1,1,0,0,0,0,1,1
0,0,0,0,0,1,0,0,1,0,1,1,0,1,1,0,0,1,0,1,0,1,1,0,1,1,0,1,0,1,0,1,1,1,1
0,0,0,1,1,1,0,0,1,1,1,0,0,0,1,1,0,1,1,0,0,1,1,1,0,1,1,0,1,0,1,0,1,1,1
0,1,1,0,1,0,1,0,1,1,1,0,1,1,0,1,1,1,0,0,0,0,1,0,1,1,1,1,0,1,1,1,1,0,1
0,1,1,1,1,0,1,1,1,1,1,1,0,1,0,0,1,1,0,0,0,1,1,0,1,1,1,1,1,0,0,0,1,0,1
0,1,0,1,0,0,0,1,1,0,0,0,1,1,1,0,1,1,1,0,1,1,0,0,0,1,0,1,0,0,1,0,1,1,1
0,1,1,0,1,0,0,0,1,1,1,1,1,0,0,0,1,1,0,0,1,1,1,1,1,1,1,1,1,0,0,0,0,1,1
0,0,0,1,1,1,0,1,1,0,0,0,1,1,1,0,1,1,0,0,1,0,0,1,0,1,0,0,0,0,0,0,0,1,1
0,1,0,0,1,1,0,1,1,0,0,1,0,1,1,1,1,1,1,0,1,0,0,1,0,1,0,1,1,1,1,1,0,1,1
0,0,1,1,1,1,1,1,1,1,1,0,1,0,0,1,1,1,1,1,0,0,1,1,1,1,1,0,0,0,1,1,0,1,1
0,0,0,0,1,1,0,1,1,0,0,1,0,1,0,0,1,1,0,0,1,0,0,0,1,1,0,0,1,1,1,1,0,1,1
0,0,0,1,1,1,0,1,1,0,1,1,0,1,0,1,1,1,0,1,1,0,0,0,1,1,0,1,0,0,0,1,1,1,1
0,0,1,0,1,1,0,0,1,0,1,0,0,0,0,0,1,1,0,0,0,1,1,0,1,1,0,1,0,0,1,1,0,1,1
0,1,0,1,0,0,0,1,1,1,1,0,1,1,0,0,1,1,0,1,0,1,0,1,0,1,1,1,1,1,0,1,1,0,1
0,0,1,0,1,1,0,1,1,1,1,1,0,1,0,1,1,1,1,1,0,0,0,0,1,1,1,0,1,1,1,0,1,1,1
0,0,1,0,0,1,1,0,1,0,1,1,0,0,1,0,1,1,0,0,1,1,0,0,1,1,0,1,1,1,1,1,0,1,1
0,1,0,0,1,0,1,1,1,0,1,1,0,0,1,0,1,1,1,1,0,0,0,0,1,1,0,0,1,1,0,1,0,1,1
0,1,1,0,1,0,1,1,1,1,1,0,0,1,1,1,1,1,0,0,0,1,1,1,1,1,1,1,0,0,0,1,1,1,1
0,0,1,0,0,1,1,1,1,1,0,0,1,0,1,1,1,1,1,0,0,1,0,0,0,1,1,1,0,1,1,1,1,0,1
0,1,1,1,1,0,1,1,1,0,0,1,0,1,0,1,1,1,1,1,0,1,1,0,0,1,0,1,0,1,0,0,0,1,1
0,1,0,1,1,0,1,0,1,1,0,1,0,0,0,1,0,1,0,0,0,1,0,1,1,1,1,0,1,0,1,0,0,1,1
0,1,0,1,0,0,1,0,1,0,1,1,0,1,0,1,0,1,1,1,1,1,0,0,1,1,0,0,1,0,1,1,1,1,1
0,1,1,0,1,0,1,0,1,0,0,0,0,1,0,0,1,1,1,1,0,1,1,0,1,1,0,1,1,0,0,0,1,1,1
0,0,0,0,0,0,0,0,1,1,1,0,0,0,1,0,0,1,1,0,1,1,1,0,1,1,1,0,1,1,1,0,1,1,1
0,0,1,0,0,0,0,0,1,0,1,1,1,1,1,1,0,1,0,0,1,1,1,0,1,1,0,1,1,0,0,0,0,1,1
0,1,1,1,0,1,0,1,1,1,0,0,0,0,1,1,0,1,0,1,1,0,1,1,1,1,1,0,1,1,0,0,0,1,1
0,0,1,0,0,1,1,1,1,1,0,0,1,1,1,0,1,1,1,0,0,1,1,1,1,1,1,1,0,1,0,1,0,1,1
0,0,0,1,0,0,1,1,1,0,1,1,1,0,0,1,1,1,0,1,1,0,1,1,1,1,0,1,0,1,1,1,1,1,1
0,0,1,0,1,0,1,0,1,0,1,0,1,0,1,1,1,1,0,0,0,0,0,0,1,1,0,1,0,1,0,1,1,0,1
0,0,1,1,1,0,1,0,1,0,1,0,0,0,1,0,1,1,0,0,1,1,0,0,0,1,0,1,0,1,1,1,0,1,1
0,1,0,0,0,1,1,1,1,0,1,1,0,1,1,1,1,1,1,1,0,1,1,1,1,1,0,0,1,1,0,1,1,1,1
0,0,0,1,1,1,1,0,1,0,0,0,0,0,1,1,1,1,0,0,1,1,1,0,1,1,0,0,0,1,1,0,0,1,1
0,1,1,1,0,1,1,0,1,0,1,1,0,1,0,1,1,1,1,0,0,0,0,0,1,1,0,0,0,1,1,0,1,1,1
0,1,1,0,1,0,1,1,1,0,1,1,0,1,1,1,1,1,1,0,1,0,1,1,0,1,0,0,0,0,0,1,0,1,1
0,1,0,0,1,0,0,0,1,0,1,0,1,1,1,1,1,1,1,1,1,1,0,0,0,1,0,0,0,1,1,0,0,0,1
0,1,1,1,1,1,1,0,1,1,1,1,1,1,1,1,1,1,0,0,0,0,1,1,0,1,1,1,1,1,0,1,1,0,1
0,1,1,0,0,1,0,1,1,1,0,1,1,1,1,1,1,1,0,1,1,0,1,0,1,1,1,0,0,1,0,1,0,1,1
0,0,1,0,0,0,0,0,1,0,0,0,1,0,1,1,0,1,0,1,0,1,1,0,1,1,0,0,1,1,1,0,0,1,1
0,1,0,0,0,1,1,1,1,0,1,0,1,1,0,0,1,1,1,1,1,0,1,0,1,1,0,0,0,1,0,0,1,1,1
0,0,1,1,1,1,1,1,1,1,0,1,1,1,0,0,1,1,1,0,0,0,1,1,1,1,1,1,1,1,1,1,1,1,1
0,1,0,1,1,0,0,1,1,0,0,0,1,0,0,1,1,1,1,0,1,0,1,1,1,1,0,1,0,0,1,0,1,1,1
0,0,0,1,1,1,0,1,1,0,0,1,0,0,0,0,1,1,0,0,0,1,1,0,0,1,0,0,1,0,1,1,0,1,1
0,0,0,1,1,0,1,1,1,0,1,0,0,0,0,1,1,1,0,1,0,1,0,1,0,1,0,1,1,0,1,1,0,1,1
0,1,0,1,0,0,1,1,1,0,1,1,1,0,1,1,1,1,1,1,1,0,1,1,0,1,0,0,1,1,1,0,0,1,1
0,1,1,1,0,0,1,1,1,1,0,1,1,0,1,1,1,1,0,1,1,1,1,1,1,1,1,0,1,1,1,0,0,1,1
0,1,0,1,1,1,1,1,1,1,1,1,1,1,1,0,1,1,0,1,1,1,1,1,1,1,1,1,0,1,1,1,0,1,1
0,0,0,0,1,0,1,1,1,0,0,1,0,1,1,1,0,1,0,0,1,0,1,1,1,1,0,0,1,1,1,0,1,1,1
0,0,0,0,0,1,1,0,1,0,1,0,1,0,1,0,1,1,0,1,1,0,1,1,1,1,0,1,1,0,1,1,0,1,1
0,0,1,0,0,1,1,0,1,0,1,0,1,0,1,0,1,1,0,0,0,1,0,1,1,1,0,1,0,1,1,1,1,1,1
0,1,0,1,0,0,0,1,1,1,1,1,0,0,0,1,1,1,0,1,1,1,1,1,1,1,1,1,0,0,0,0,1,1,1
0,0,1,1,0,1,1,1,1,1,1,0,0,0,0,1,1,1,1,1,0,0,1,1,1,1,1,0,0,1,0,1,1,1,1
0,1,1,0,1,1,1,1,1,0,0,0,0,1,0,0,1,1,1,1,0,1,0,1,1,1,0,1,1,0,0,1,1,1,1
0,1,1,1,0,1,1,1,1,0,0,0,1,1,0,0,1,1,1,1,1,1,0,1,1,1,0,1,1,0,0,1,1,1,1
0,0,0,1,0,1,1,1,1,0,1,0,1,0,1,1,1,1,0,1,0,1,0,1,1,1,0,1,1,1,1,1,1,1,1
0,0,1,1,0,0,1,0,1,0,1,0,0,1,0,1,1,1,0,0,1,0,1,0,1,1,0,1,0,1,1,1,1,0,1
0,1,1,0,1,0,0,1,1,0,0,0,0,0,1,1,0,1,1,1,0,1,0,1,1,1,0,1,1,0,1,1,1,0,1
0,0,0,1,1,0,0,1,1,0,0,0,0,1,1,1,0,1,0,0,1,0,1,1,1,1,0,0,0,1,1,1,1,1,1
0,1,0,1,1,0,0,0,1,0,0,1,1,0,1,0,1,1,1,0,0,0,0,1,1,1,0,1,1,1,0,1,1,0,1
0,1,0,1,0,0,0,0,1,0,0,1,1,0,0,1,1,1,1,0,0,1,1,1,0,1,0,1,1,1,1,1,0,0,1
0,1,0,0,1,0,0,1,1,1,0,0,1,0,1,1,0,1,0,0,0,0,0,1,1,1,1,0,0,1,0,1,0,0,1
0,0,1,1,0,0,0,1,1,0,1,0,1,0,1,1,0,1,0,0,1,1,1,1,1,1,0,1,0,0,0,0,0,1,1
0,1,1,1,0,1,1,1,1,1,1,1,1,1,0,1,1,1,0,0,0,1,1,0,1,1,1,1,1,1,0,0,0,1,1
0,1,1,0,0,1,1,1,1,1,0,1,0,0,1,1,1,1,0,1,1,1,1,0,1,1,1,0,0,0,0,0,0,1,1
0,0,0,1,1,1,0,1,1,0,0,1,1,0,1,0,1,1,0,0,0,0,1,1,1,1,0,0,1,1,0,0,0,1,1
0,0,0,0,0,1,0,1,1,0,0,0,0,1,0,1,1,1,0,0,0,0,1,1,1,1,0,0,0,0,1,0,1,1,1
0,1,1,0,0,0,0,1,1,1,1,0,1,0,0,1,1,1,0,0,0,1,1,1,1,1,1,1,0,1,1,1,1,1,1
0,1,0,0,0,0,1,0,1,0,1,1,1,0,0,1,0,1,1,1,0,0,1,0,1,1,0,0,1,0,1,1,1,1,1
0,0,0,0,1,1,0,0,1,1,0,0,1,1,1,0,0,1,1,1,1,1,1,0,1,1,1,1,1,0,1,1,1,1,1
0,1,1,1,0,0,0,0,1,1,0,1,1,0,0,0,1,1,0,1,0,1,1,1,1,1,1,0,0,0,0,0,0,1,1
0,1,0,1,1,0,1,0,1,1,0,1,1,1,1,0,1,1,0,0,0,0,1,1,1,1,1,0,1,1,1,0,0,1,1
0,1,1,0,1,0,1,1,1,0,1,0,1,1,1,0,1,1,1,0,0,0,1,1,1,1,0,0,1,1,1,0,0,1,1
0,0,1,0,0,1,1,1,1,0,1,1,1,1,1,0,1,1,0,0,1,1,1,1,1,1,0,1,1,1,1,0,0,1,1
0,1,0,1,1,1,1,1,1,0,0,0,1,1,1,1,1,1,1,0,1,0,1,1,1,1,0,1,0,0,0,1,0,1,1
0,0,0,0,0,0,0,1,1,0,0,1,1,0,1,0,1,1,0,0,1,0,1,0,0,1,0,0,1,0,1,0,1,1,1
0,0,0,1,0,1,0,1,1,0,0,1,0,1,0,1,1,1,0,0,0,0,0,0,0,1,0,0,1,0,1,0,1,1,1
0,1,1,0,0,1,0,1,1,0,0,0,0,1,0,1,1,1,1,1,0,0,0,0,1,1,0,1,1,0,1,0,1,1,1
0,1,0,1,1,0,1,1,1,1,0,0,0,1,0,1,1,1,0,0,1,1,1,0,1,1,1,0,0,1,0,0,1,1,1
0,0,0,0,1,1,1,1,1,1,0,0,0,1,0,1,1,1,1,1,1,0,0,1,1,1,1,1,1,1,1,0,0,1,1
0,1,1,1,1,1,0,1,1,0,0,1,1,1,1,1,1,1,1,1,0,0,0,1,1,1,0,1,0,0,0,0,0,1,1
0,1,1,0,1,0,1,0,1,1,1,0,0,1,1,1,0,1,0,0,0,1,1,1,1,1,1,1,0,0,0,1,1,1,1
0,0,1,0,0,0,1,0,1,1,0,0,1,1,0,1,0,1,1,0,0,1,0,0,1,1,1,1,0,1,0,1,1,1,1
0,1,1,1,0,0,0,1,1,1,0,1,0,0,0,1,0,1,0,1,0,0,0,0,0,1,1,0,0,1,0,0,1,0,1
0,0,1,1,1,0,0,1,1,1,1,1,0,0,0,1,0,1,1,1,1,0,0,0,1,1,1,0,1,0,1,0,0,1,1
0,0,0,1,0,0,1,1,1,1,0,0,1,0,0,1,0,1,1,1,0,1,1,0,1,1,1,1,1,1,1,1,1,1,1
0,0,0,0,1,0,1,1,1,1,1,0,0,1,0,0,1,1,1,0,1,0,1,1,1,1,1,0,1,1,1,1,1,1,1
0,1,0,1,0,1,1,0,1,1,1,0,1,1,0,0,1,1,0,1,0,1,1,1,1,1,1,1,1,1,0,0,1,1,1
0,0,0,0,1,1,1,0,1,0,1,1,0,1,1,0,1,1,0,1,0,0,0,0,0,1,0,1,0,1,1,1,0,1,1
0,0,0,0,1,1,0,1,1,0,0,0,1,1,1,0,1,1,0,0,0,0,1,0,1,1,0,0,0,1,0,1,0,1,1
0,1,1,0,0,0,1,0,1,1,1,1,1,1,1,1,1,1,0,0,1,0,0,1,0,1,1,1,1,0,0,0,1,0,1
0,1,0,1,0,0,1,1,1,1,1,0,1,1,1,1,1,1,0,1,0,1,0,1,1,1,1,1,1,1,0,0,1,0,1
0,0,1,1,0,0,1,1,1,0,1,0,0,1,1,0,1,1,0,0,1,0,1,0,1,1,0,1,0,1,1,0,1,0,1
0,1,1,0,1,1,0,1,1,1,1,0,0,1,0,0,1,1,0,0,0,1,0,0,1,1,1,1,0,0,0,1,1,0,1
0,0,0,0,1,0,0,1,1,1,0,0,0,1,0,0,1,1,1,1,1,0,1,1,1,1,1,1,1,1,1,1,1,0,1
0,0,0,0,1,1,1,1,1,1,1,0,0,0,0,1,1,1,1,0,1,0,1,1,0,1,1,0,1,1,0,1,0,1,1
0,1,0,0,0,1,0,1,1,0,1,1,1,0,0,1,1,1,1,1,0,0,0,0,0,1,0,0,1,0,1,0,1,1,1
0,1,1,0,1,1,0,0,1,0,1,1,0,0,1,1,0,1,1,0,1,0,1,1,0,1,0,0,0,0,1,0,1,1,1
0,0,0,0,0,1,1,0,1,1,0,1,0,1,1,0,1,1,1,1,0,1,1,1,1,1,1,1,0,1,0,1,0,1,1
0,1,1,1,1,0,0,1,1,1,1,1,1,1,1,0,1,1,0,0,0,0,1,1,1,1,1,1,1,1,1,1,1,1,1
0,0,0,0,1,1,0,1,1,1,1,0,1,1,1,0,1,1,1,0,1,1,1,0,1,1,1,0,1,0,1,1,1,1,1
0,0,1,1,0,0,0,1,1,1,0,1,0,0,1,1,1,1,1,0,0,0,0,1,1,1,1,1,1,0,0,1,0,1,1
0,1,0,0,1,1,0,1,1,0,0,1,0,0,1,1,1,1,1,0,1,0,1,0,1,1,0,1,1,1,0,1,0,1,1
0,1,1,1,1,0,1,1,1,0,0,1,0,0,1,1,1,1,1,1,0,1,1,0,1,1,0,1,0,1,1,1,0,1,1
0,0,1,1,1,1,0,1,1,1,1,0,1,0,1,1,1,1,1,1,0,0,1,0,1,1,1,0,0,0,1,1,0,1,1
0,0,0,0,1,0,1,1,1,1,1,1,1,1,1,1,1,1,1,0,0,1,0,1,1,1,1,0,0,0,1,1,0,1,1
0,0,0,0,1,1,0,1,1,1,1,0,0,0,0,0,1,1,1,0,1,0,1,0,1,1,1,0,1,1,0,1,0,1,1
0,1,1,0,0,0,0,1,1,1,1,1,1,0,1,1,1,1,0,0,1,0,1,0,1,1,1,1,1,0,1,0,0,1,1
0,0,0,1,0,0,1,0,1,0,1,1,0,0,1,0,0,1,0,1,1,1,1,1,1,1,0,1,0,0,0,1,0,1,1
0,0,1,1,0,1,0,1,1,1,1,1,0,0,0,1,1,1,1,1,1,1,1,1,1,1,1,0,1,0,0,1,1,1,1
0,1,1,0,0,0,0,0,1,1,1,0,0,0,1,1,1,1,0,0,0,0,0,1,0,1,1,1,0,0,0,1,0,0,1
0,0,1,0,0,0,0,0,1,1,1,0,0,0,0,1,1,1,1,1,1,1,1,1,0,1,1,0,0,0,0,0,1,0,1
0,1,0,1,0,0,0,1,1,0,1,1,1,0,0,1,1,1,1,1,1,0,1,1,1,1,0,0,1,1,1,1,0,1,1
0,1,0,1,0,0,0,1,1,0,0,0,0,1,0,1,1,1,1,0,1,0,1,1,1,1,0,1,0,1,1,1,0,1,1
0,0,0,0,1,1,1,1,1,0,1,0,0,1,1,1,1,1,0,1,1,0,0,0,1,1,0,1,1,1,1,1,0,1,1
0,0,0,1,1,0,1,1,1,0,0,1,1,1,1,1,1,1,0,0,0,0,1,0,1,1,0,0,1,1,1,1,0,1,1
0,1,0,0,0,1,1,1,1,1,0,1,0,1,0,0,1,1,0,0,1,1,1,0,0,1,1,0,1,1,0,0,1,1,1
0,0,0,1,1,1,1,0,1,1,0,1,1,1,0,0,1,1,1,1,1,1,0,1,0,1,1,1,0,1,0,1,1,0,1
0,0,1,1,1,1,1,0,1,1,0,1,0,0,1,0,1,1,1,0,0,1,0,1,1,1,1,1,1,0,1,1,1,0,1
0,0,1,0,0,1,1,0,1,0,0,1,0,1,0,1,1,1,0,1,1,1,1,0,1,1,0,0,0,0,1,0,0,1,1
0,1,0,1,0,0,0,0,1,1,1,0,1,1,0,1,1,1,0,1,0,1,0,1,0,1,1,1,1,1,0,1,0,0,1
0,0,0,0,1,0,1,0,1,0,1,1,0,0,1,1,1,1,0,1,0,0,0,0,1,1,0,1,0,1,0,1,1,1,1
0,0,1,0,1,1,0,0,1,1,1,1,0,0,0,1,1,1,1,1,0,0,1,0,1,1,1,0,1,1,0,1,1,0,1
0,0,1,0,1,1,1,0,1,1,1,1,1,1,1,0,1,1,1,1,0,1,1,1,1,1,1,0,1,0,1,1,0,1,1
0,1,1,0,1,0,0,0,1,1,0,0,1,0,0,1,1,1,0,1,0,0,0,0,1,1,1,0,1,1,0,0,1,0,1
0,0,0,1,1,0,0,1,1,1,1,0,1,1,0,1,0,1,1,0,0,0,1,1,1,1,1,0,1,1,1,1,1,0,1
0,0,1,1,1,1,0,0,1,1,0,1,1,1,1,0,0,1,1,0,0,0,0,1,1,1,1,1,1,1,1,1,1,1,1
0,1,1,0,1,1,1,1,1,0,0,1,1,1,1,0,1,1,1,1,1,1,1,1,0,1,0,1,0,1,1,1,1,1,1
0,1,0,0,0,1,0,0,1,1,0,0,0,1,0,1,1,1,0,0,0,0,0,0,1,1,1,0,0,0,1,0,1,0,1
0,1,0,0,1,1,0,1,1,1,1,0,1,1,0,1,1,1,0,1,1,1,1,1,1,1,1,1,1,0,1,0,1,1,1
0,0,0,1,0,1,0,1,1,1,1,0,1,1,0,1,1,1,1,0,0,0,1,0,1,1,1,0,1,0,0,1,0,1,1
0,1,0,0,1,0,0,1,1,0,1,0,0,0,1,1,1,1,1,1,1,0,0,1,1,1,0,0,0,0,1,1,0,1,1
0,0,0,1,0,0,1,1,1,1,0,0,0,0,1,0,1,1,1,1,0,0,0,0,0,1,1,1,1,0,0,1,0,1,1
0,1,1,0,1,1,0,1,1,0,1,0,0,0,1,0,1,1,1,0,0,1,1,1,0,1,0,0,1,0,1,1,0,1,1
0,1,0,1,0,1,0,0,1,0,1,1,1,1,0,0,0,1,1,1,1,0,1,1,1,1,0,0,1,1,1,1,0,1,1
0,1,0,0,0,1,1,1,1,1,1,0,1,1,0,0,0,1,0,1,1,0,0,1,1,1,1,1,1,0,1,0,1,1,1
0,1,1,1,1,0,1,0,1,1,1,0,1,0,1,0,1,1,0,0,1,0,0,1,1,1,1,1,0,0,1,1,0,1,1
0,0,1,0,0,1,1,0,1,0,1,1,0,1,1,0,1,1,0,0,1,1,1,1,1,1,0,1,1,1,1,1,0,1,1
0,1,1,0,1,0,1,0,1,1,1,1,0,0,1,1,1,1,0,0,1,0,0,0,1,1,1,1,1,1,0,1,1,0,1
0,1,1,1,1,1,1,0,1,1,0,1,1,1,1,1,1,1,0,1,0,0,0,0,1,1,1,1,1,1,0,1,1,0,1
0,1,1,0,0,1,1,1,1,1,0,0,1,1,1,1,1,1,0,1,0,1,1,0,1,1,1,0,1,1,0,0,1,1,1
0,0,0,0,0,0,1,0,1,0,1,0,0,0,1,0,1,1,0,1,1,1,1,1,1,1,0,1,1,1,1,0,0,1,1
0,0,0,1,0,1,1,1,1,1,0,0,1,1,1,0,1,1,1,1,0,1,1,1,0,1,1,1,1,1,0,1,0,1,1
0,0,1,0,0,0,1,1,1,0,0,0,1,1,1,0,1,1,0,1,0,0,0,1,1,1,0,0,1,0,0,0,1,1,1
0,1,1,1,1,1,0,1,1,1,1,1,0,0,0,1,1,1,0,0,0,1,1,0,0,1,1,1,1,0,1,1,1,0,1
0,1,1,1,1,1,0,0,1,1,1,1,1,0,0,0,1,1,0,0,0,0,1,0,0,1,1,1,1,1,0,1,0,1,1
0,0,1,0,0,1,1,1,1,1,0,1,0,1,1,0,1,1,1,0,1,1,1,1,0,1,1,1,1,1,0,1,0,1,1
0,1,1,0,1,0,1,0,1,1,1,1,0,1,1,1,1,1,0,0,1,0,1,1,0,1,1,1,1,1,1,0,1,0,1
0,0,0,1,0,1,0,1,1,1,1,0,1,0,0,1,1,1,1,0,0,1,0,0,0,1,1,0,1,1,1,0,1,1,1
0,1,1,0,0,1,0,1,1,1,1,1,0,0,1,1,1,1,0,0,1,1,0,1,0,1,1,1,1,1,1,1,0,1,1
0,1,0,1,0,1,1,1,1,0,1,0,1,1,1,1,1,1,1,1,0,1,1,1,0,1,0,0,0,0,1,1,1,1,1
0,1,0,1,0,1,1,1,1,0,1,1,1,1,1,1,1,1,1,1,1,1,0,1,0,1,0,0,1,0,0,1,1,1,1
0,0,0,1,0,1,1,1,1,1,1,1,1,1,0,1,1,1,1,0,1,0,1,0,1,1,1,0,0,1,0,0,0,1,1
0,0,0,1,1,1,1,0,1,0,1,0,1,0,0,1,1,1,0,1,0,0,1,1,1,1,0,1,1,1,0,1,0,1,1
0,1,1,1,0,0,1,0,1,0,1,1,0,0,1,1,1,1,1,0,0,0,0,0,1,1,0,0,0,1,0,1,1,0,1
0,0,0,1,0,0,1,1,1,1,1,0,0,0,1,0,1,1,1,0,0,0,0,0,1,1,1,0,1,0,0,1,1,0,1
0,1,0,0,1,0,1,1,1,1,1,1,1,0,1,1,1,1,0,1,0,1,1,1,1,1,1,1,0,0,0,1,1,0,1
0,1,0,1,1,0,0,1,1,0,1,1,1,0,0,1,1,1,1,1,1,1,1,1,1,1,0,0,1,1,0,0,1,1,1
0,1,0,1,0,1,1,0,1,1,0,1,1,0,0,1,1,1,0,0,0,1,0,1,1,1,1,0,1,1,1,0,0,1,1
0,1,1,0,1,0,0,1,1,1,0,0,1,1,1,1,1,1,0,1,0,0,1,1,1,1,1,0,1,1,1,0,1,1,1
0,1,1,1,0,1,1,1,1,1,0,0,1,0,0,0,1,1,0,1,1,1,0,1,0,1,1,0,1,0,0,1,1,1,1
0,0,0,0,1,1,1,1,1,0,0,0,1,1,0,1,1,1,0,0,0,0,0,1,0,1,0,0,0,1,1,1,1,1,1
0,0,1,0,1,1,0,1,1,0,0,0,1,1,1,0,1,1,0,1,0,0,0,1,0,1,0,0,1,1,1,1,1,1,1
0,0,0,1,1,0,1,1,1,0,1,0,0,0,0,1,1,1,0,1,0,1,0,1,0,1,0,1,1,0,1,1,1,1,1
0,0,1,0,1,1,1,1,1,0,0,1,1,1,0,1,1,1,0,1,1,1,1,1,0,1,0,0,0,1,1,0,0,1,1
0,1,0,0,1,0,1,1,1,0,1,1,1,1,1,1,1,1,1,1,0,1,0,1,1,1,0,0,1,0,1,0,1,1,1
0,1,1,0,1,0,1,1,1,1,0,1,1,1,0,0,1,1,0,1,1,1,0,1,1,1,1,0,0,1,1,1,1,1,1
0,0,1,1,1,1,0,1,1,0,1,0,0,0,1,1,1,1,0,0,1,1,1,1,1,1,0,1,0,1,1,0,1,1,1
0,1,0,1,0,0,0,1,1,0,1,0,1,1,1,0,1,1,1,1,0,1,0,0,0,1,0,0,0,0,1,0,1,1,1
0,0,1,0,0,1,0,1,1,1,1,0,1,1,0,1,1,1,1,1,1,0,1,1,0,1,1,0,0,1,0,0,1,1,1
0,1,1,0,0,0,0,0,1,0,1,0,0,0,1,0,1,1,1,0,0,0,0,1,1,1,0,0,1,0,0,1,1,0,1
0,0,1,1,1,0,0,1,1,0,0,1,0,0,0,0,1,1,0,1,0,1,0,0,1,1,0,0,0,1,1,1,1,0,1
0,1,0,1,0,1,0,1,1,0,0,0,1,0,0,0,1,1,1,0,1,1,0,0,1,1,0,1,0,0,0,1,0,1,1
0,0,0,1,0,0,1,1,1,0,0,0,0,1,1,1,1,1,0,0,1,0,1,1,1,1,0,0,0,1,1,0,1,1,1
0,0,0,1,1,0,1,1,1,0,1,0,0,1,0,1,1,1,0,1,0,1,1,1,1,1,0,1,1,1,1,0,1,1,1
0,1,1,0,0,0,1,1,1,1,1,1,0,1,1,1,1,1,0,0,1,1,0,1,1,1,1,1,1,1,0,0,1,1,1
0,1,1,0,0,1,1,1,1,0,1,1,0,0,0,1,1,1,1,0,1,1,0,1,1,1,0,0,0,0,0,1,1,1,1
0,0,0,1,1,1,0,1,1,1,1,1,1,1,1,1,1,1,1,0,1,1,1,0,1,1,1,0,0,1,1,1,1,1,1
0,0,0,1,1,0,1,1,1,1,0,1,1,1,0,1,1,1,1,1,1,1,0,0,0,1,1,1,0,1,1,1,1,0,1
0,1,1,1,1,1,1,1,1,1,1,1,0,0,0,0,1,1,0,0,0,1,1,1,1,1,1,1,1,0,1,1,1,0,1
0,1,1,0,1,0,1,0,1,0,0,1,0,0,0,0,1,1,1,1,1,0,0,1,1,1,0,1,0,0,1,0,1,1,1
0,1,1,0,1,1,1,1,1,0,0,0,1,0,1,1,1,1,1,1,0,0,1,1,1,1,0,1,1,1,1,0,1,1,1
0,0,0,1,1,1,1,1,1,1,0,0,0,1,0,1,1,1,1,1,0,1,1,1,0,1,1,1,1,0,0,0,1,1,1
0,0,1,1,0,0,1,1,1,1,0,1,1,1,0,0,1,1,1,0,0,1,0,0,1,1,1,1,1,1,0,1,1,1,1
0,0,1,0,1,0,1,1,1,0,0,0,0,0,1,1,1,1,0,1,0,1,0,0,1,1,0,0,1,0,1,1,1,1,1
0,0,0,0,1,1,1,1,1,0,1,0,0,0,0,0,1,1,0,1,1,0,1,0,0,1,0,1,1,1,0,1,0,1,1
0,1,0,0,1,1,1,1,1,1,1,0,1,1,0,1,1,1,0,1,1,1,0,1,0,1,1,1,1,0,1,1,0,1,1
0,1,0,1,1,1,1,0,1,1,1,1,0,1,0,1,0,1,0,1,1,0,0,1,1,1,1,1,0,0,0,1,0,1,1
0,0,1,1,0,1,1,1,1,1,1,1,0,1,0,1,0,1,1,0,1,0,1,1,1,1,1,1,0,1,0,1,1,1,1
0,1,1,1,1,0,0,0,1,0,1,0,1,1,1,1,1,1,1,0,1,0,1,0,0,1,0,0,1,0,0,1,0,0,1
0,1,1,0,1,1,1,1,1,1,1,1,1,1,1,1,1,1,0,0,1,1,1,1,1,1,1,1,1,0,1,1,1,1,1
0,1,1,1,1,0,1,1,1,0,1,1,0,0,1,0,1,1,1,0,0,1,0,0,1,1,0,0,0,1,1,1,1,1,1
0,1,0,0,1,0,0,1,1,1,0,1,0,1,1,0,1,1,0,0,1,0,1,1,0,1,1,0,1,1,1,1,1,0,1
0,0,1,0,1,1,0,1,1,1,0,1,1,0,1,0,1,1,1,0,1,1,0,1,0,1,1,1,1,0,0,0,0,1,1
0,1,1,1,1,1,0,1,1,0,1,0,0,1,0,1,1,1,1,0,1,1,0,1,0,1,0,0,1,1,0,1,1,1,1
0,0,0,0,0,1,1,1,1,1,0,1,1,0,1,1,1,1,1,1,0,0,0,0,0,1,1,1,0,0,1,1,1,1,1
0,1,0,0,0,1,0,1,1,1,0,1,1,0,0,1,1,1,0,0,1,0,0,0,0,1,1,0,1,0,1,0,1,1,1
0,0,0,0,0,0,0,0,1,1,1,1,0,0,0,0,1,1,1,0,0,1,1,1,1,1,1,0,0,1,1,1,1,0,1
0,0,1,1,0,0,0,0,1,0,0,1,1,1,1,0,1,1,0,1,0,1,0,0,1,1,0,0,0,0,1,0,1,1,1
0,1,1,1,1,1,0,1,1,0,1,1,0,1,1,0,1,1,1,0,0,1,0,0,1,1,0,0,0,1,0,1,0,1,1
0,0,0,1,0,0,0,0,1,0,0,1,0,1,0,1,1,1,0,0,0,0,1,1,0,1,0,0,1,0,1,1,0,0,1
0,1,0,0,1,0,1,1,1,1,0,0,1,1,0,1,1,1,0,0,0,0,1,1,0,1,1,0,0,1,1,1,1,1,1
0,0,1,1,1,1,0,1,1,0,1,0,0,1,1,1,1,1,0,0,1,1,0,1,0,1,0,1,0,1,0,0,0,1,1
0,1,0,0,1,1,0,1,1,0,1,0,0,1,1,1,1,1,1,1,1,0,1,0,1,1,0,0,0,0,0,1,1,1,1
0,1,0,0,0,0,1,1,1,0,0,1,0,1,0,1,1,1,1,0,1,1,1,0,1,1,0,1,1,1,0,1,1,1,1
0,1,0,0,0,1,0,0,1,0,1,1,1,1,1,0,1,1,1,1,0,0,1,0,1,1,0,0,1,0,0,1,1,0,1
0,0,1,0,1,1,0,0,1,1,1,0,1,0,1,1,0,1,1,1,1,1,0,1,1,1,1,0,0,1,0,0,1,1,1
0,0,1,1,1,0,0,1,1,1,1,1,0,1,0,0,1,1,1,1,1,0,1,1,0,1,1,0,1,1,0,0,1,1,1
0,0,1,1,0,0,0,1,1,1,0,0,1,0,1,1,0,1,1,0,1,1,1,0,1,1,1,1,0,0,0,1,1,1,1
0,0,0,1,1,1,0,0,1,1,0,1,1,0,1,1,0,1,1,1,1,1,0,1,1,1,1,1,0,1,0,0,1,1,1
0,0,0,1,0,0,0,1,1,1,0,0,1,0,1,0,1,1,1,1,0,1,1,0,0,1,1,1,1,1,1,0,1,1,1
0,0,1,0,0,0,1,1,1,1,0,0,1,1,1,1,1,1,1,0,0,1,0,1,1,1,1,1,0,1,0,0,1,1,1
0,0,1,1,1,0,1,1,1,1,0,0,0,0,1,0,1,1,1,0,1,1,0,0,0,1,1,1,0,1,1,1,0,1,1
0,0,1,1,0,0,0,1,1,0,0,1,1,1,1,0,1,1,0,1,0,1,0,1,0,1,0,0,0,0,1,1,1,0,1
0,0,0,0,0,0,1,0,1,1,0,0,1,0,1,1,0,1,1,1,1,0,1,1,0,1,1,1,1,0,1,0,1,1,1
0,0,0,0,0,1,1,1,1,0,0,0,1,0,1,1,0,1,0,0,0,1,0,1,1,1,0,0,0,1,1,0,1,1,1
0,1,0,1,1,0,0,1,1,0,0,1,1,1,1,1,1,1,1,0,0,0,1,0,1,1,0,1,1,1,1,0,0,1,1
0,1,1,0,1,1,1,0,1,0,0,1,1,1,0,1,1,1,1,1,1,1,1,0,1,1,0,1,0,1,1,0,0,1,1
0,1,0,1,1,1,1,1,1,1,0,1,0,0,1,1,1,1,0,0,0,1,1,0,1,1,1,0,1,0,1,0,1,1,1
0,1,1,1,1,1,0,0,1,0,0,0,1,0,1,1,1,1,1,1,1,0,1,0,0,1,0,1,1,0,1,1,0,0,1
0,0,1,1,1,1,0,0,1,1,0,1,1,1,0,1,1,1,1,0,0,1,0,1,0,1,1,1,1,1,0,1,0,0,1
0,0,0,1,0,0,0,1,1,1,0,1,1,0,1,1,1,1,1,1,1,0,1,0,1,1,1,1,0,1,1,0,0,1,1
0,1,0,1,1,1,0,1,1,0,0,0,0,1,1,1,1,1,1,0,1,1,0,0,1,1,0,1,0,1,0,1,0,1,1
0,1,1,0,0,1,1,1,1,0,0,1,0,1,1,1,1,1,1,1,1,1,1,1,1,1,0,1,0,0,1,1,1,1,1
0,0,1,1,1,0,0,1,1,1,0,1,0,1,0,0,1,1,1,0,0,1,1,1,0,1,1,1,1,0,1,1,1,1,1
0,0,0,0,0,0,1,1,1,1,1,1,0,0,1,0,1,1,1,0,0,1,1,1,0,1,1,0,0,1,1,1,1,1,1
0,1,0,0,0,0,0,0,1,0,0,0,0,1,0,1,0,1,1,0,0,0,1,1,0,1,0,1,0,0,1,1,0,1,1
0,1,1,1,1,0,0,0,1,1,0,0,0,1,0,0,1,1,0,1,1,1,1,1,1,1,1,0,1,1,0,0,0,1,1
0,1,0,1,1,1,0,1,1,0,1,1,1,0,0,1,1,1,1,1,1,1,1,1,1,1,0,0,1,1,0,1,1,1,1
0,1,1,0,0,1,1,1,1,0,1,0,1,0,0,1,1,1,1,0,0,1,0,1,1,1,0,0,1,1,1,0,0,1,1
0,0,1,1,0,1,0,1,1,0,0,1,1,1,1,0,1,1,0,1,0,1,1,0,0,1,0,0,0,0,1,1,1,1,1
0,0,0,1,1,1,0,1,1,1,1,0,0,1,1,0,1,1,1,0,0,1,0,0,1,1,1,0,1,0,0,1,0,1,1
0,1,1,0,0,1,0,1,1,1,0,0,1,1,0,0,1,1,0,1,0,1,1,1,1,1,1,0,1,1,0,1,0,1,1
0,0,0,0,1,1,0,1,1,0,0,0,0,0,1,1,0,1,0,0,0,1,1,1,1,1,0,0,0,0,1,0,1,1,1
0,1,0,0,1,1,1,1,1,0,0,1,0,1,1,1,0,1,1,0,1,0,0,1,1,1,0,1,1,1,1,0,1,1,1
0,1,0,0,1,1,1,1,1,1,1,0,0,1,1,0,1,1,0,1,1,0,1,0,1,1,1,1,1,1,1,0,1,1,1
0,0,0,1,1,0,1,1,1,1,0,0,1,1,0,1,1,1,1,1,0,0,1,0,1,1,1,1,1,1,1,1,1,1,1
0,0,1,0,1,1,1,1,1,0,1,0,1,1,0,1,1,1,0,1,0,0,1,0,1,1,0,1,0,1,1,1,1,1,1
0,0,0,1,1,0,1,0,1,0,0,1,0,0,0,1,1,1,0,0,0,1,0,1,1,1,0,0,1,0,1,0,0,1,1
0,0,0,1,1,0,1,1,1,0,0,1,1,0,0,1,1,1,0,0,0,0,0,1,0,1,0,0,1,1,1,0,0,1,1
0,1,0,1,1,1,1,1,1,0,0,1,1,0,0,1,1,1,1,0,0,0,1,0,1,1,0,1,1,1,0,1,1,1,1
0,0,0,1,1,1,1,1,1,0,1,1,0,0,1,1,1,1,0,1,0,1,1,0,1,1,0,1,0,1,1,0,1,1,1
0,0,0,0,1,1,0,1,1,0,0,0,1,1,1,1,1,1,0,0,0,0,0,0,1,1,0,0,0,1,1,0,0,1,1
0,0,0,1,1,0,0,1,1,1,1,0,1,1,1,1,1,1,1,0,0,0,1,0,1,1,1,0,1,1,1,0,0,1,1
0,1,0,0,0,1,0,1,1,0,1,0,1,1,1,1,1,1,1,0,0,0,1,0,1,1,0,1,0,0,0,1,0,1,1
0,1,0,1,0,0,0,1,1,0,1,0,0,1,0,0,1,1,1,1,0,0,1,1,0,1,0,0,0,1,1,1,1,1,1
0,0,1,1,1,1,1,1,1,0,1,1,1,1,1,1,1,1,0,0,0,0,0,0,0,1,0,1,1,1,1,1,1,1,1
0,0,0,1,1,1,1,1,1,0,0,1,0,1,1,0,1,1,0,0,0,1,0,0,1,1,0,0,1,0,0,0,1,1,1
0,1,0,0,0,0,0,0,1,0,0,0,0,1,0,1,0,1,1,0,0,0,1,1,1,1,0,1,0,0,1,1,0,1,1
0,1,1,1,0,0,1,0,1,0,0,1,0,0,1,1,0,1,1,1,0,0,0,0,0,1,0,1,0,1,0,1,0,0,1
0,1,1,1,1,1,1,0,1,1,1,1,1,1,1,1,0,1,0,1,0,0,0,0,0,1,1,1,1,1,1,1,0,0,1
0,0,0,1,0,0,1,1,1,0,1,1,0,0,1,1,1,1,0,1,1,1,1,1,1,1,0,1,0,0,0,1,1,1,1
0,1,0,0,0,1,1,1,1,1,1,0,0,0,1,1,1,1,0,1,1,1,0,0,0,1,1,1,1,1,1,1,1,0,1
0,0,1,1,1,1,0,0,1,0,1,1,0,1,1,0,1,1,0,0,0,1,0,1,1,1,0,1,1,0,0,0,0,1,1
0,1,0,0,1,0,0,1,1,1,1,1,1,1,1,0,1,1,0,1,0,1,0,1,1,1,1,1,0,0,1,0,1,1,1
0,1,1,1,1,1,0,1,1,0,1,1,1,1,1,0,1,1,1,0,0,0,1,0,1,1,0,0,0,0,1,1,0,1,1
0,1,0,0,1,0,0,1,1,0,0,1,0,0,1,0,1,1,1,0,1,0,0,1,1,1,0,1,1,1,0,1,1,1,1
0,0,0,1,1,0,1,1,1,0,0,1,0,1,1,0,1,1,0,0,0,1,1,0,1,1,0,0,1,0,0,0,1,1,1
0,0,1,1,1,1,0,1,1,1,1,1,1,0,1,0,1,1,1,1,1,1,0,1,1,1,1,0,1,1,0,0,0,1,1
0,1,1,0,0,0,0,0,1,0,0,1,1,1,0,1,0,1,1,1,1,0,0,1,1,1,0,1,0,1,0,1,0,1,1
0,0,0,1,0,1,0,1,1,0,0,0,0,0,0,1,0,1,0,0,1,0,1,0,0,1,0,0,0,1,0,1,1,0,1
0,0,1,0,0,1,0,0,1,0,1,1,0,1,0,1,0,1,0,0,1,1,1,1,0,1,0,1,1,1,0,0,1,1,1
0,0,1,1,0,0,0,1,1,1,1,1,0,1,0,1,1,1,1,1,1,1,0,1,1,1,1,0,1,0,1,1,0,1,1
0,1,0,0,0,0,0,1,1,0,1,0,1,0,0,1,1,1,1,1,1,0,1,1,1,1,0,0,0,1,1,1,0,1,1
0,0,1,1,0,1,0,1,1,0,0,1,0,0,1,0,1,1,0,1,0,0,1,1,1,1,0,0,0,1,0,0,0,1,1
0,0,1,0,0,0,1,0,1,1,1,1,1,1,1,0,1,1,1,1,0,0,0,1,1,1,1,0,1,0,0,0,0,1,1
0,0,1,0,0,1,0,0,1,1,1,1,0,0,0,1,1,1,1,1,0,1,0,0,1,1,1,0,1,1,1,0,1,0,1
0,0,0,0,1,0,1,1,1,1,1,1,0,1,1,1,1,1,1,0,0,0,1,1,1,1,1,0,0,1,1,0,0,1,1
0,1,1,0,1,0,0,1,1,0,1,1,0,1,1,1,0,1,1,0,1,0,1,0,1,1,0,0,0,0,0,1,0,1,1
0,1,0,0,0,1,1,1,1,1,1,0,0,1,1,1,0,1,0,1,1,1,1,0,1,1,1,1,1,1,0,0,1,1,1
0,1,0,1,1,0,0,1,1,0,0,0,1,1,1,1,0,1,1,0,1,0,1,1,0,1,0,1,0,0,0,0,0,1,1
0,0,0,0,1,0,0,1,1,0,1,1,0,0,0,0,1,1,0,1,0,0,0,0,0,1,0,1,0,1,0,0,0,1,1
0,1,1,1,1,1,1,1,1,1,1,1,1,0,0,0,1,1,0,0,0,0,1,1,0,1,1,1,1,1,0,1,1,1,1
0,0,0,1,1,0,1,0,1,0,1,0,1,1,1,1,0,1,0,1,0,0,1,1,0,1,0,1,1,1,1,0,1,1,1
0,1,0,1,1,0,1,0,1,1,1,1,0,0,1,0,1,1,0,1,1,1,1,0,1,1,1,1,0,0,0,1,1,1,1
0,0,0,0,1,1,1,0,1,1,1,0,1,1,1,0,0,1,1,0,1,1,1,1,1,1,1,0,1,0,1,1,1,1,1
0,0,1,0,1,1,1,0,1,1,0,1,1,1,1,1,0,1,1,0,1,1,0,0,0,1,1,1,1,0,1,0,0,1,1
0,1,0,0,1,0,0,1,1,0,0,0,1,1,0,1,1,1,1,0,0,0,1,1,1,1,0,1,0,1,1,1,0,1,1
0,0,0,1,0,1,1,0,1,1,1,1,1,0,0,1,1,1,1,0,1,0,0,1,1,1,1,0,0,1,1,0,0,1,1
0,0,0,1,0,1,1,0,1,1,0,0,0,1,0,1,1,1,1,1,0,0,0,1,1,1,1,1,1,0,1,0,1,1,1
0,1,0,1,1,0,1,0,1,0,0,1,1,1,1,1,1,1,1,0,0,0,1,1,1,1,0,1,1,1,1,0,1,1,1
0,0,1,1,1,1,0,1,1,0,1,0,1,0,1,0,1,1,0,0,1,0,1,1,0,1,0,1,0,0,1,0,1,1,1
0,0,1,1,1,1,0,1,1,0,1,0,1,0,1,0,1,1,0,0,1,0,0,1,1,1,0,1,0,0,1,1,1,1,1
0,0,0,1,0,0,1,1,1,0,0,1,1,1,1,0,1,1,0,0,0,1,0,0,1,1,0,0,1,1,0,1,0,1,1
0,0,1,0,1,0,0,0,1,1,1,1,1,0,1,1,1,1,1,1,0,1,1,0,0,1,1,0,1,0,0,1,0,0,1
0,1,0,1,1,0,0,1,1,0,1,0,0,0,1,1,0,1,1,1,0,1,0,1,1,1,0,0,0,1,1,1,0,0,1
0,1,1,0,1,0,1,0,1,0,0,0,1,0,0,1,1,1,1,1,0,0,0,1,1,1,0,1,1,1,0,0,0,1,1
0,1,0,1,1,1,1,0,1,0,0,1,0,0,1,1,1,1,1,0,0,1,1,0,1,1,0,1,1,0,1,0,0,1,1
0,0,1,0,0,0,0,1,1,0,1,0,0,0,1,1,1,1,0,0,0,0,0,1,1,1,0,1,0,0,0,1,0,1,1
0,1,1,1,1,1,0,1,1,0,1,0,0,0,0,1,1,1,1,0,1,1,1,1,1,1,0,0,1,1,1,1,1,1,1
0,1,1,0,0,1,0,0,1,1,0,1,1,0,1,1,0,1,0,1,1,0,0,1,1,1,1,0,0,1,1,1,0,1,1
0,1,0,1,0,1,0,0,1,0,0,1,1,1,1,1,1,1,1,0,0,1,0,1,1,1,0,1,1,1,1,1,0,1,1
0,0,0,1,1,0,1,1,1,1,0,1,1,1,1,1,1,1,1,1,0,1,0,1,1,1,1,1,1,0,1,0,1,1,1
0,0,0,0,0,1,1,0,1,1,0,0,1,1,1,0,1,1,1,1,1,0,1,1,1,1,1,1,1,0,0,1,0,1,1
0,1,0,1,0,0,1,0,1,0,1,1,1,0,0,1,0,1,1,1,1,0,1,0,1,1,0,0,1,1,1,1,1,1,1
0,0,1,1,0,1,1,1,1,1,1,1,0,0,1,1,0,1,1,1,1,1,0,0,1,1,1,0,1,0,0,0,1,1,1
0,0,0,1,0,1,1,0,1,1,1,1,0,1,0,0,1,1,1,0,1,1,1,0,1,1,1,0,0,0,1,0,1,1,1
0,1,1,1,0,0,0,0,1,1,0,0,0,0,0,1,0,1,0,1,1,0,0,0,1,1,1,0,1,1,0,0,1,1,1
0,0,1,1,0,0,1,1,1,0,0,0,1,0,0,1,1,1,0,1,1,1,1,0,0,1,0,0,1,1,0,0,1,1,1
0,1,1,1,1,1,1,1,1,1,1,0,1,0,1,1,1,1,0,0,1,0,1,0,1,1,1,1,0,0,1,0,0,1,1
0,0,0,1,0,1,0,1,1,0,0,0,1,0,1,1,1,1,0,0,1,1,0,0,1,1,0,0,0,0,0,1,0,1,1
0,0,1,1,0,1,0,1,1,0,1,1,0,1,1,0,1,1,0,0,0,0,1,0,1,1,0,1,1,0,1,0,1,1,1
0,1,0,1,1,0,1,1,1,1,1,1,0,0,1,0,1,1,0,1,1,0,0,0,0,1,1,1,0,0,1,1,0,1,1
0,0,1,0,1,0,1,1,1,0,1,0,0,1,1,0,1,1,0,0,0,1,1,1,0,1,0,1,0,0,0,1,0,1,1
0,1,1,1,1,0,1,1,1,1,1,1,1,0,0,1,1,1,0,0,0,0,0,1,0,1,1,1,1,1,0,0,0,1,1
0,1,1,1,1,1,1,1,1,0,1,1,0,1,1,1,1,1,1,0,0,1,0,1,0,1,0,0,0,1,0,0,1,1,1
0,0,0,0,1,0,1,0,1,1,1,0,0,1,0,1,0,1,1,0,1,0,1,0,1,1,1,0,1,1,1,1,1,1,1
0,0,1,1,1,1,1,0,1,0,1,1,0,0,1,1,0,1,0,0,0,1,1,1,0,1,0,1,1,0,1,0,1,1,1
0,0,1,1,1,0,0,1,1,0,0,0,1,1,1,1,1,1,0,1,1,0,1,0,1,1,0,0,1,0,0,1,0,1,1
0,1,0,1,0,0,1,1,1,0,0,1,1,1,1,1,1,1,1,0,0,1,0,1,0,1,0,1,1,1,0,0,1,1,1
0,1,1,1,1,0,0,1,1,0,1,0,1,1,0,0,1,1,1,0,1,0,1,1,0,1,0,0,1,1,0,0,1,1,1
0,0,0,0,0,0,0,1,1,0,1,0,1,0,0,0,1,1,0,1,1,0,1,1,0,1,0,1,1,0,1,1,1,1,1
0,1,0,1,0,1,1,1,1,1,1,0,1,1,0,0,1,1,0,1,0,1,1,0,1,1,1,1,1,1,0,0,1,1,1
0,1,0,0,0,0,1,1,1,0,0,1,1,1,1,0,1,1,1,0,1,0,0,1,1,1,0,1,1,1,0,0,1,1,1
0,1,1,1,0,0,1,1,1,1,1,0,0,0,1,1,1,1,0,0,1,0,0,0,1,1,1,1,0,1,0,1,1,1,1
0,1,0,0,1,1,1,1,1,0,1,0,1,1,0,1,1,1,1,1,1,1,1,0,0,1,0,0,0,1,1,1,1,1,1
0,0,0,0,1,0,1,0,1,1,1,1,1,1,0,1,1,1,1,0,0,1,0,0,1,1,1,0,0,0,1,1,1,0,1
0,1,0,1,0,0,0,0,1,0,1,1,1,1,0,1,1,1,1,0,1,0,0,0,0,1,0,1,0,1,0,0,0,0,1
0,1,1,0,0,1,1,1,1,1,1,0,1,0,1,1,1,1,0,0,0,1,0,0,0,1,1,1,0,1,1,1,1,1,1
0,0,1,1,0,1,0,0,1,0,1,0,0,0,1,1,0,1,0,0,1,0,1,1,0,1,0,1,0,1,0,0,1,1,1
0,1,0,1,1,1,1,0,1,0,0,1,1,0,1,1,1,1,1,0,0,0,1,0,1,1,0,1,1,1,0,0,0,1,1
0,1,1,0,1,1,1,0,1,1,1,1,1,1,1,1,1,1,0,0,1,1,1,0,1,1,1,1,1,0,1,1,0,1,1
0,1,0,1,1,1,1,0,1,1,0,0,1,1,1,1,1,1,0,0,1,0,1,1,0,1,1,0,0,0,1,1,1,0,1
0,0,1,1,1,0,0,1,1,1,1,1,1,1,1,1,1,1,1,1,1,1,0,1,0,1,1,0,1,1,1,1,1,0,1
0,1,0,0,1,1,0,1,1,1,0,1,1,0,1,1,1,1,0,0,1,1,0,1,1,1,1,0,1,0,0,0,1,0,1
0,0,1,1,1,1,0,1,1,1,0,0,0,0,0,0,1,1,1,0,1,1,1,0,0,1,1,1,0,1,1,1,0,1,1
0,0,0,0,0,0,0,1,1,1,0,1,1,1,0,1,1,1,1,1,0,0,0,1,1,1,1,1,0,0,0,1,0,1,1
0,0,0,1,0,0,1,1,1,1,0,0,1,1,0,1,1,1,1,1,0,1,0,0,1,1,1,1,1,1,0,1,0,1,1
0,1,0,0,0,1,0,0,1,1,0,1,1,1,0,1,1,1,0,0,1,0,0,0,0,1,1,0,1,0,1,0,0,0,1
0,1,0,0,1,0,0,1,1,0,1,1,0,1,1,1,1,1,1,1,0,0,1,0,0,1,0,0,1,1,1,0,1,0,1
0,1,1,0,0,1,1,0,1,1,1,1,0,1,0,0,1,1,0,0,1,1,1,0,0,1,1,1,1,1,0,0,1,1,1
0,0,0,0,1,0,1,0,1,0,1,1,1,1,1,1,1,1,0,1,0,1,0,1,0,1,0,1,0,0,1,0,1,1,1
0,1,0,1,1,1,0,1,1,1,1,1,1,0,1,1,1,1,0,1,1,1,0,1,1,1,1,1,0,1,0,0,1,1,1
0,0,0,1,1,0,0,1,1,1,0,0,0,1,1,1,1,1,1,1,0,1,1,1,0,1,1,1,1,0,0,0,0,1,1
0,0,0,0,1,1,1,1,1,0,1,1,1,0,1,0,1,1,0,1,0,1,0,0,1,1,0,1,0,0,0,0,1,1,1
0,1,0,1,1,1,0,1,1,1,1,1,1,1,1,0,1,1,0,1,1,1,1,0,1,1,1,1,0,1,1,1,1,1,1
0,0,1,1,0,1,1,1,1,1,1,0,1,0,1,0,1,1,1,1,0,1,0,0,1,1,1,0,0,0,0,0,1,1,1
0,1,1,0,1,1,0,1,1,1,1,1,0,0,1,0,1,1,0,0,1,0,1,1,0,1,1,1,1,1,0,0,0,1,1
0,0,0,0,0,0,1,1,1,0,0,1,1,1,1,0,1,1,0,0,1,0,1,1,0,1,0,0,1,0,0,1,0,1,1
0,1,0,0,1,1,1,1,1,0,0,1,1,0,1,0,1,1,1,0,1,1,0,0,1,1,0,1,1,0,0,0,1,1,1
0,0,1,0,0,1,0,0,1,1,0,1,1,0,0,1,0,1,1,0,1,0,0,0,1,1,1,1,1,0,1,0,1,1,1
0,1,0,0,1,0,1,0,1,1,1,0,1,0,0,1,0,1,0,1,1,1,1,0,0,1,1,1,1,0,0,0,1,0,1
0,1,0,1,1,1,0,1,1,1,0,1,1,1,0,1,0,1,0,0,0,0,0,0,1,1,1,0,1,1,1,0,0,1,1
0,1,1,0,1,0,0,1,1,0,0,0,0,1,0,0,1,1,1,1,0,1,1,1,0,1,0,1,1,1,1,0,0,1,1
0,1,0,0,0,0,0,0,1,1,1,1,1,0,0,1,1,1,0,1,0,0,1,1,0,1,1,1,0,0,1,1,0,0,1
0,1,1,0,0,1,1,0,1,0,0,0,1,0,1,0,1,1,1,1,0,1,1,1,0,1,0,1,1,1,1,1,0,1,1
0,0,0,0,1,0,0,1,1,1,1,1,0,0,1,1,1,1,1,0,0,0,0,1,1,1,1,0,0,1,0,1,0,1,1
0,0,0,1,1,1,1,1,1,1,0,1,1,0,0,1,1,1,1,1,1,1,0,1,0,1,1,1,0,1,0,1,0,1,1
0,0,0,0,0,0,1,0,1,0,1,0,0,1,0,0,1,1,0,1,1,1,0,1,0,1,0,1,1,1,0,1,0,1,1
0,1,0,1,0,1,1,1,1,0,0,1,1,1,0,0,1,1,1,0,0,1,1,0,1,1,0,1,1,1,0,0,1,1,1
0,1,0,1,1,1,1,1,1,0,1,1,0,0,1,1,1,1,1,1,1,0,0,1,1,1,0,0,1,0,1,1,1,1,1
0,0,0,1,0,1,1,1,1,0,0,0,1,1,1,1,1,1,0,0,1,1,1,1,1,1,0,0,0,0,1,1,1,1,1
0,1,1,1,1,1,1,0,1,0,0,0,0,0,1,1,0,1,1,1,1,1,1,0,1,1,0,1,1,1,1,1,1,1,1
0,1,0,0,0,0,0,0,1,1,0,0,1,1,0,0,0,1,0,0,0,1,0,1,1,1,1,0,0,1,0,1,1,1,1
0,0,1,0,1,1,1,1,1,1,1,1,1,1,1,1,1,1,1,1,0,1,1,1,1,1,1,0,1,0,1,1,1,1,1
0,1,0,0,1,1,1,1,1,1,1,0,0,1,1,1,1,1,0,1,1,0,0,1,0,1,1,1,1,1,1,1,0,1,1
0,1,1,0,0,1,0,1,1,0,0,1,0,0,1,1,1,1,1,1,1,1,0,1,1,1,0,1,0,0,0,0,1,1,1
0,1,0,1,1,0,1,1,1,0,0,1,1,1,1,1,1,1,1,0,0,0,1,1,0,1,0,1,1,1,1,0,0,1,1
0,0,0,1,0,0,1,1,1,1,1,0,0,0,0,1,1,1,1,0,0,0,0,1,0,1,1,0,1,0,0,0,0,1,1
0,0,1,1,0,1,1,1,1,0,1,1,1,0,0,0,1,1,0,0,0,1,0,1,1,1,0,1,1,1,1,0,1,1,1
0,0,0,1,0,1,1,1,1,1,0,1,0,0,1,0,1,1,1,1,1,1,0,1,1,1,1,1,0,0,0,0,0,1,1
0,0,1,0,1,0,1,1,1,0,0,1,1,0,1,1,1,1,0,1,1,1,1,1,1,1,0,0,0,1,0,1,1,1,1
0,1,1,1,0,1,1,1,1,1,0,0,0,1,1,0,1,1,0,1,1,0,0,0,1,1,1,0,1,1,1,1,1,1,1
0,1,0,1,1,1,1,1,1,1,0,1,1,1,0,0,1,1,0,0,0,0,0,1,0,1,1,0,1,1,1,0,1,1,1
0,0,1,0,1,1,1,1,1,0,1,1,1,1,0,0,1,1,0,0,1,0,1,1,1,1,0,1,1,1,0,1,1,1,1
0,1,1,0,0,1,1,1,1,1,1,0,0,1,1,0,1,1,0,0,1,0,1,1,1,1,1,1,0,0,1,1,1,1,1
0,0,0,1,1,1,0,1,1,0,0,1,1,0,1,1,0,1,0,0,0,0,1,1,1,1,0,0,1,1,0,0,1,1,1
0,1,0,0,1,0,1,1,1,0,1,0,1,1,1,1,0,1,1,1,1,1,1,1,1,1,0,0,0,1,1,1,1,1,1
0,0,1,1,0,1,0,0,1,1,1,1,1,1,1,0,1,1,1,1,1,0,1,0,1,1,1,0,1,1,0,1,1,0,1
0,1,1,0,0,0,1,0,1,1,0,1,1,1,1,0,1,1,0,1,1,0,1,0,1,1,1,0,0,1,0,1,1,0,1
0,0,1,0,1,0,0,1,1,0,0,1,1,1,1,0,1,1,0,1,0,1,0,0,1,1,0,0,1,0,1,0,0,1,1
0,1,0,0,0,0,0,1,1,1,0,0,1,1,1,0,1,1,0,0,0,1,0,0,0,1,1,0,0,1,0,0,1,1,1
0,1,0,1,1,0,0,1,1,0,0,1,1,1,0,1,0,1,1,0,0,0,1,1,1,1,0,1,1,1,1,1,1,1,1
0,0,0,0,1,0,1,1,1,1,0,1,0,1,0,1,0,1,1,1,0,0,1,1,1,1,1,1,0,1,1,1,1,1,1
0,0,0,1,1,0,1,1,1,1,1,1,0,1,0,1,0,1,1,0,1,0,1,0,1,1,1,0,0,0,0,0,1,1,1
0,0,1,1,1,1,1,1,1,1,1,1,1,0,0,0,1,1,1,1,1,1,0,1,1,1,1,0,1,1,0,1,1,1,1
0,0,0,1,0,1,1,1,1,1,1,0,0,1,1,0,1,1,1,0,0,0,0,0,1,1,1,0,1,0,1,1,0,1,1
0,1,1,0,0,1,0,1,1,1,1,0,1,1,1,0,1,1,0,0,0,1,1,0,1,1,1,1,0,1,0,1,1,1,1
0,1,0,1,1,0,1,0,1,0,0,1,0,1,1,0,1,1,1,0,0,1,1,1,1,1,0,1,1,0,0,1,0,1,1
0,0,0,0,1,0,0,1,1,1,1,0,0,0,1,0,1,1,1,0,1,0,0,1,1,1,1,0,1,1,0,1,1,1,1
0,0,0,0,1,0,0,1,1,1,0,1,0,0,1,1,1,1,1,1,0,0,0,1,1,1,1,1,0,1,0,1,1,1,1
0,0,0,0,0,1,0,1,1,0,1,1,0,0,0,1,1,1,0,1,0,1,0,0,0,1,0,1,0,1,1,0,1,0,1
0,1,1,1,0,0,1,1,1,1,1,1,0,1,1,1,1,1,0,0,0,0,1,1,1,1,1,1,1,0,1,0,1,1,1
0,0,0,0,0,0,1,1,1,0,1,0,0,1,1,1,1,1,0,1,1,1,0,0,1,1,0,1,1,1,0,1,0,1,1
0,1,1,1,1,0,0,1,1,1,0,1,1,1,0,1,0,1,0,1,0,0,1,1,1,1,1,0,0,0,0,0,1,1,1
0,0,1,0,0,1,1,1,1,0,1,1,1,1,0,1,0,1,0,0,1,0,1,0,0,1,0,1,1,0,0,0,0,1,1
0,0,0,0,1,0,1,1,1,0,0,0,0,1,0,1,0,1,0,0,0,1,1,0,0,1,0,0,0,0,0,0,0,1,1
0,0,1,1,1,1,0,0,1,0,1,1,0,0,1,0,1,1,0,0,0,1,1,1,1,1,0,1,1,0,1,0,0,1,1
0,1,0,1,1,0,0,0,1,0,1,0,0,0,0,1,1,1,1,1,0,1,0,0,1,1,0,0,0,1,1,0,1,0,1
0,1,1,1,1,0,1,0,1,1,1,1,0,1,1,1,0,1,0,0,0,1,1,1,1,1,1,1,1,0,0,1,1,1,1
0,0,0,0,0,0,1,1,1,1,1,1,1,1,1,1,0,1,1,0,0,0,0,1,0,1,1,0,0,0,0,0,0,1,1
0,0,0,1,0,1,0,0,1,1,1,0,0,1,1,1,1,1,1,0,0,0,0,1,0,1,1,0,1,0,1,1,0,0,1
0,1,0,0,0,0,1,0,1,0,0,1,1,1,1,1,1,1,1,0,1,0,0,1,0,1,0,1,1,0,0,0,1,0,1
0,1,1,0,1,0,1,1,1,0,0,0,0,1,1,0,1,1,1,1,0,1,1,1,0,1,0,1,1,0,0,1,1,0,1
0,0,1,1,1,0,1,1,1,0,1,0,0,1,0,0,1,1,0,0,1,1,1,0,0,1,0,1,0,1,0,0,1,1,1
0,0,1,1,0,1,1,1,1,0,1,1,0,1,1,1,1,1,0,0,0,0,0,1,0,1,0,1,1,0,1,1,1,1,1
0,0,1,0,0,0,0,1,1,1,0,1,1,0,1,1,1,1,1,0,1,0,1,0,0,1,1,1,1,0,1,0,1,0,1
0,1,0,1,1,0,1,1,1,0,0,0,1,0,1,1,1,1,1,0,1,0,1,0,0,1,0,1,0,0,1,1,1,0,1
0,1,1,1,1,0,1,1,1,1,1,1,1,1,1,1,1,1,0,0,0,1,0,1,1,1,1,1,1,1,0,1,1,1,1
0,0,0,0,1,1,0,0,1,0,0,0,0,1,1,0,0,1,0,0,0,1,0,1,1,1,0,1,1,1,0,1,1,1,1
0,1,1,1,0,1,0,0,1,0,0,1,1,0,1,0,1,1,1,1,0,1,0,1,1,1,0,1,0,0,0,0,0,1,1
0,1,1,1,0,1,1,0,1,1,0,1,0,0,1,1,1,1,0,1,0,0,1,0,1,1,1,0,0,1,0,0,0,1,1
0,1,1,0,0,0,0,0,1,1,0,1,1,1,1,1,1,1,0,1,1,0,0,0,0,1,1,0,0,1,0,0,0,0,1
0,1,0,0,0,1,1,1,1,1,0,1,1,1,1,1,1,1,0,0,1,0,1,1,0,1,1,0,1,0,0,1,0,1,1
0,0,0,1,0,1,1,1,1,0,1,1,1,1,1,1,1,1,0,1,0,0,1,1,1,1,0,1,1,0,0,1,1,1,1
0,0,1,0,0,1,1,1,1,0,1,1,0,0,1,1,1,1,0,0,1,1,0,0,1,1,0,1,1,1,1,1,0,1,1
0,0,0,0,1,0,0,0,1,0,0,1,0,0,0,1,0,1,0,0,1,0,0,0,1,1,0,0,1,1,0,0,1,1,1
0,0,1,0,0,0,0,0,1,0,1,1,0,1,1,1,1,1,0,0,1,1,0,0,0,1,0,1,1,1,0,0,0,0,1
0,0,0,1,0,1,1,1,1,1,0,1,0,0,1,1,1,1,1,1,1,1,0,0,0,1,1,1,0,0,0,0,0,1,1
0,1,0,1,0,0,0,1,1,0,0,1,0,0,0,1,1,1,1,0,0,0,0,0,0,1,0,1,1,0,0,0,1,0,1
0,1,0,1,0,1,0,1,1,0,1,0,1,0,0,1,1,1,1,1,0,1,0,0,1,1,0,0,0,0,0,1,1,1,1
0,0,1,1,0,1,1,1,1,0,0,1,1,0,0,1,1,1,0,1,0,1,0,1,1,1,0,0,0,0,0,1,1,1,1
0,1,0,1,0,1,1,1,1,0,0,0,1,1,1,0,1,1,1,0,1,1,1,1,1,1,0,1,0,0,1,1,1,1,1
0,0,1,1,0,0,0,1,1,1,1,0,1,1,1,0,1,1,1,1,0,1,1,1,1,1,1,0,0,0,0,0,0,1,1
0,0,1,1,1,0,1,1,1,1,1,0,1,1,0,1,1,1,1,1,0,0,1,0,0,1,1,0,0,0,0,0,0,1,1
0,0,0,1,0,0,1,1,1,0,0,0,0,0,1,1,1,1,0,0,1,0,0,0,1,1,0,0,0,1,0,1,0,1,1
0,0,1,0,0,1,1,1,1,0,0,0,0,0,1,1,1,1,0,1,0,0,1,1,1,1,0,0,1,0,0,1,1,1,1
0,1,0,0,0,1,0,1,1,0,0,1,1,1,0,0,1,1,1,0,1,0,1,1,0,1,0,1,1,0,0,1,1,1,1
0,1,1,0,0,0,1,0,1,1,1,1,0,1,1,1,1,1,0,0,1,1,0,1,0,1,1,1,1,1,0,0,1,0,1
0,1,1,1,0,1,0,0,1,0,1,1,0,0,1,1,0,1,1,0,0,0,1,1,0,1,0,0,0,1,0,0,1,1,1
0,0,1,1,1,1,1,0,1,1,1,1,0,0,1,1,0,1,1,1,1,0,1,0,1,1,1,0,1,0,1,0,1,1,1
0,0,1,1,0,1,1,1,1,0,1,0,0,0,0,1,1,1,0,0,1,0,1,1,0,1,0,1,0,1,0,1,1,1,1
0,0,1,1,0,1,1,1,1,1,0,1,1,0,0,0,1,1,1,1,0,0,1,1,1,1,1,1,0,0,1,1,1,1,1
0,1,0,0,1,0,1,1,1,1,1,1,0,1,1,0,1,1,0,1,0,0,1,1,1,1,1,1,0,1,1,0,0,1,1
0,0,1,1,1,1,1,1,1,1,0,0,0,1,1,0,1,1,1,0,1,1,0,1,1,1,1,1,0,1,0,0,0,1,1
0,1,0,1,1,0,0,1,1,0,0,0,0,1,0,1,1,1,1,0,1,1,1,1,1,1,0,1,0,1,0,0,1,1,1
0,1,1,1,0,1,0,1,1,0,0,1,1,1,1,0,1,1,1,1,0,1,1,1,1,1,0,1,0,0,1,1,1,1,1
0,0,1,1,1,0,0,1,1,0,0,0,1,1,1,0,1,1,0,1,1,0,1,0,0,1,0,0,1,0,0,1,1,0,1
0,0,1,0,1,0,0,1,1,1,1,0,0,0,0,1,1,1,1,1,1,0,0,0,0,1,1,0,0,0,1,0,1,0,1
0,1,0,1,1,0,1,1,1,1,1,0,0,0,0,1,1,1,0,0,1,1,0,1,0,1,1,0,0,1,1,0,1,0,1
0,1,0,1,0,0,1,1,1,1,1,0,0,0,0,1,1,1,0,1,0,0,0,1,0,1,1,1,1,0,0,0,1,0,1
0,1,1,0,0,1,1,1,1,0,0,0,0,1,1,1,1,1,1,1,0,0,0,0,0,1,0,1,1,0,1,1,1,0,1
0,1,0,1,1,1,1,1,1,1,0,1,1,0,0,0,1,1,0,0,0,0,1,1,0,1,1,0,1,1,0,1,1,1,1
0,1,0,0,1,1,1,0,1,1,0,1,1,0,0,1,0,1,0,0,1,1,0,1,1,1,1,0,1,0,0,1,1,1,1
0,0,0,0,1,0,1,0,1,0,1,1,1,0,0,1,0,1,0,1,0,1,1,0,0,1,0,1,0,0,0,0,1,0,1
0,0,1,0,0,0,0,0,1,1,0,1,0,0,1,1,1,1,1,0,1,1,1,0,0,1,1,1,1,1,1,0,0,0,1
0,0,0,1,1,1,1,1,1,1,0,1,1,1,1,1,1,1,1,1,1,1,1,0,1,1,1,1,0,1,1,0,1,1,1
0,1,0,0,1,1,0,1,1,1,0,1,1,0,0,1,1,1,0,0,1,1,1,0,1,1,1,0,1,0,0,1,1,1,1
0,0,0,0,0,0,0,1,1,0,0,1,0,0,1,1,0,1,0,0,1,1,1,0,1,1,0,0,1,1,1,1,1,1,1
0,1,0,0,0,0,0,0,1,0,1,0,0,1,1,0,0,1,1,1,1,1,0,0,1,1,0,0,0,0,1,0,1,1,1
0,0,0,0,1,0,1,0,1,1,0,1,0,1,1,0,0,1,1,1,0,0,0,1,0,1,1,1,0,1,0,0,1,0,1
0,0,0,0,1,0,0,0,1,1,1,1,1,0,0,0,1,1,1,0,0,1,1,1,1,1,1,0,0,0,0,0,0,1,1
0,1,0,1,1,1,1,0,1,1,0,1,0,0,1,0,1,1,0,0,0,1,1,1,1,1,1,0,1,0,1,0,1,1,1
0,1,1,1,1,1,1,0,1,0,0,1,0,1,1,0,1,1,1,1,0,1,0,1,1,1,0,1,0,1,0,0,0,1,1
0,1,0,1,1,1,1,1,1,1,1,1,0,0,1,1,1,1,0,1,1,0,1,0,0,1,1,1,0,0,1,0,0,1,1
0,1,1,0,1,1,1,1,1,0,1,0,1,1,1,1,1,1,1,0,0,0,1,0,0,1,0,0,1,1,1,0,0,1,1
0,1,1,1,1,0,0,0,1,0,0,0,0,1,0,1,0,1,1,1,1,1,1,1,0,1,0,1,1,1,0,0,1,1,1
0,0,1,0,1,0,0,0,1,1,1,1,1,0,0,0,1,1,1,1,0,1,1,1,1,1,1,0,1,0,0,0,0,1,1
0,1,0,1,1,0,1,0,1,0,0,0,1,0,1,1,1,1,1,0,1,0,0,0,1,1,0,1,0,0,1,1,1,1,1
0,1,1,1,1,1,1,1,1,0,1,0,0,0,1,0,1,1,1,0,1,1,1,0,1,1,0,0,1,1,1,0,1,1,1
0,0,1,0,1,0,0,1,1,1,1,0,0,1,1,1,1,1,1,1,1,0,1,0,1,1,1,0,0,0,0,1,0,1,1
0,1,0,1,1,1,1,1,1,0,0,0,0,0,1,1,1,1,1,0,1,1,1,0,1,1,0,1,0,1,1,1,0,1,1
0,0,1,0,1,1,1,1,1,1,1,1,1,0,1,1,1,1,1,1,0,1,0,1,1,1,1,0,1,1,1,1,0,1,1
0,0,1,0,0,1,0,1,1,1,0,0,1,0,1,0,1,1,1,0,0,1,0,1,1,1,1,1,0,1,1,1,1,1,1
0,1,1,0,0,1,0,1,1,1,0,1,1,0,1,1,1,1,0,1,1,0,0,1,1,1,1,0,0,1,1,1,1,1,1
0,1,0,1,1,1,0,1,1,1,1,1,0,0,0,1,1,1,0,1,1,0,1,0,1,1,1,1,0,0,1,1,1,1,1
0,0,1,0,0,1,1,1,1,0,0,1,0,0,1,1,1,1,0,1,1,1,0,0,0,1,0,0,0,0,0,0,0,1,1
0,0,1,0,0,1,0,0,1,1,1,0,1,1,0,0,1,1,1,1,1,0,1,1,1,1,1,0,0,1,0,0,0,1,1
0,0,1,1,1,0,1,1,1,1,0,0,1,0,1,0,1,1,1,0,1,0,0,0,1,1,1,1,0,0,1,1,0,1,1
0,0,1,1,1,1,1,1,1,1,0,0,0,1,0,0,1,1,1,0,1,1,0,1,1,1,1,1,0,1,0,1,1,1,1
0,1,1,1,0,0,1,0,1,1,1,0,0,0,1,0,1,1,0,0,1,1,0,1,1,1,1,1,0,1,0,1,0,1,1
0,0,1,0,0,0,1,0,1,1,0,0,1,0,0,1,1,1,1,0,0,1,1,0,1,1,1,1,0,1,1,1,1,1,1
0,0,1,1,0,0,1,1,1,1,0,0,1,1,0,1,1,1,1,0,1,1,0,0,0,1,1,1,0,0,1,1,1,0,1
0,1,0,1,0,0,1,1,1,0,1,0,1,0,0,1,1,1,1,1,0,1,1,1,0,1,0,0,0,0,0,0,1,0,1
0,1,1,1,1,0,0,1,1,1,1,0,0,0,0,0,1,1,0,0,1,1,0,0,1,1,1,1,0,1,1,0,1,0,1
0,1,1,0,1,0,0,1,1,0,0,1,0,0,1,0,1,1,1,1,1,0,0,1,0,1,0,1,0,0,1,1,1,0,1
0,0,0,0,1,1,0,1,1,1,0,1,0,1,1,0,1,1,1,1,0,0,0,1,1,1,1,1,0,1,1,1,1,1,1
0,0,0,1,1,0,1,1,1,1,0,1,1,1,0,1,1,1,1,1,1,1,0,1,1,1,1,1,0,1,1,1,1,1,1
0,1,1,0,1,1,0,1,1,1,1,0,1,0,0,0,1,1,0,0,0,0,1,0,1,1,1,1,0,1,0,1,1,1,1
0,1,1,1,1,0,1,1,1,0,0,0,1,1,0,0,1,1,1,1,1,0,1,0,0,1,0,1,1,0,0,0,1,1,1
0,0,0,0,0,0,1,1,1,0,1,0,0,1,1,0,1,1,0,1,1,1,0,1,1,1,0,1,1,1,0,0,1,1,1
0,1,0,1,0,0,1,1,1,1,1,0,0,1,1,0,1,1,0,1,0,0,1,1,1,1,1,1,1,0,1,0,0,1,1
0,0,0,1,0,1,1,0,1,0,0,0,0,1,1,0,1,1,0,0,1,0,1,1,1,1,0,0,0,1,1,1,0,1,1
0,0,0,0,0,0,1,0,1,1,0,1,1,0,1,1,1,1,1,1,0,0,1,1,0,1,1,1,0,0,1,0,1,0,1
0,1,1,0,0,0,1,1,1,0,0,1,0,0,0,1,1,1,1,1,1,1,1,1,0,1,0,1,0,0,0,0,0,1,1
0,0,0,1,1,1,0,1,1,0,0,0,1,0,0,1,1,1,0,0,1,0,1,1,0,1,0,0,0,0,1,1,1,1,1
0,1,0,1,0,1,1,1,1,1,0,0,0,1,0,1,1,1,0,0,1,0,0,1,1,1,1,0,0,1,1,1,1,1,1
0,0,1,1,1,0,0,1,1,0,0,0,0,0,1,1,1,1,0,1,1,1,0,1,0,1,0,0,1,1,1,1,1,0,1
0,1,0,0,1,1,1,0,1,1,0,1,0,1,1,1,1,1,0,0,1,0,0,1,0,1,1,0,1,1,1,0,1,0,1
0,0,1,0,1,1,0,1,1,1,0,1,1,0,0,1,1,1,1,0,1,1,0,1,0,1,1,1,1,0,0,1,1,0,1
0,0,1,1,1,1,0,1,1,0,1,0,0,1,1,0,1,1,0,0,1,0,1,0,1,1,0,1,0,1,1,0,1,0,1
0,0,0,1,1,1,0,1,1,1,1,0,1,1,1,0,1,1,1,0,0,0,0,1,0,1,1,0,1,1,1,1,1,0,1
0,0,1,0,1,1,1,1,1,1,1,0,0,0,0,1,1,1,1,1,1,0,1,1,0,1,1,0,0,0,1,1,0,1,1
0,1,1,0,1,0,0,1,1,0,0,1,0,0,0,1,1,1,1,1,1,0,1,1,0,1,0,1,0,0,1,0,1,1,1
0,1,0,0,1,1,0,1,1,1,1,0,1,1,1,1,1,1,0,1,1,1,1,0,1,1,1,1,1,0,1,1,0,1,1
0,0,1,1,0,1,0,1,1,1,1,0,1,1,1,0,1,1,1,1,0,1,1,0,1,1,1,0,0,0,1,1,1,1,1
0,1,0,1,0,0,1,1,1,1,1,0,1,1,1,0,1,1,0,1,0,1,0,0,1,1,1,1,1,1,0,1,0,1,1
0,1,1,0,1,1,0,1,1,1,1,0,0,1,1,0,1,1,0,0,0,1,0,0,1,1,1,1,0,0,0,1,0,1,1
0,0,1,0,1,1,0,1,1,1,1,1,1,0,1,0,1,1,1,0,0,0,1,0,1,1,1,0,0,0,1,0,1,1,1
0,0,0,1,1,1,1,1,1,1,1,1,1,1,0,1,1,1,1,0,1,1,1,0,1,1,1,0,0,1,1,0,0,1,1
0,1,0,0,0,1,1,1,1,0,0,0,1,1,0,1,1,1,1,0,0,1,1,0,1,1,0,1,0,1,1,0,0,1,1
0,1,1,1,1,1,1,0,1,0,1,1,1,0,1,1,1,1,1,0,0,0,1,0,0,1,0,0,0,0,1,0,1,0,1
0,1,1,1,1,0,1,1,1,1,0,1,1,0,1,0,1,1,0,1,0,0,0,0,1,1,1,0,0,0,1,1,1,0,1
0,1,1,1,1,1,1,1,1,1,1,1,1,0,0,0,1,1,0,0,0,0,1,1,1,1,1,1,1,1,0,1,1,0,1
0,1,0,1,0,1,1,1,1,1,0,1,1,1,0,1,1,1,0,0,0,1,1,1,1,1,1,0,1,1,0,0,0,1,1
0,1,1,1,0,1,1,1,1,1,0,0,1,0,1,1,1,1,0,1,1,1,0,1,1,1,1,0,1,1,0,0,0,1,1
0,1,0,0,0,1,1,1,1,0,1,0,1,0,1,0,1,1,1,1,1,0,0,1,1,1,0,0,0,1,1,1,1,1,1
0,1,0,1,1,1,1,1,1,1,0,1,0,1,1,0,1,1,0,0,0,1,1,0,1,1,1,0,1,0,0,1,1,1,1
0,1,1,1,1,0,1,0,1,1,0,1,1,0,1,1,0,1,0,1,0,0,0,0,1,1,1,0,0,0,1,1,1,1,1
0,1,1,0,1,0,1,0,1,1,1,1,0,1,0,1,0,1,0,0,1,0,1,0,1,1,1,1,1,1,1,1,1,1,1
0,0,1,1,1,0,1,0,1,0,1,0,1,0,1,1,0,1,0,0,1,1,1,0,1,1,0,1,0,0,0,1,1,1,1
0,1,0,1,0,0,0,1,1,0,0,1,0,1,1,1,0,1,1,0,0,0,1,1,0,1,0,1,1,0,1,1,1,0,1
0,1,1,1,0,1,1,1,1,1,1,1,1,0,1,1,0,1,0,0,0,1,0,0,1,1,1,1,1,1,1,1,1,1,1
0,1,1,1,0,1,1,1,1,1,0,1,0,0,1,1,1,1,0,1,0,0,1,1,1,1,1,0,0,1,0,0,1,1,1
0,0,1,1,1,1,1,1,1,1,1,1,0,0,1,1,1,1,1,1,0,1,1,1,1,1,1,0,0,1,1,1,1,1,1
0,1,0,1,1,1,1,1,1,1,1,0,1,0,1,0,1,1,0,1,0,0,0,1,1,1,1,1,1,1,0,1,1,1,1
0,0,0,1,0,0,0,1,1,1,0,1,0,0,1,0,1,1,1,1,1,1,1,0,0,1,1,1,0,0,0,1,1,1,1
0,0,0,0,1,0,0,1,1,1,0,0,1,1,1,1,1,1,1,1,1,1,0,0,1,1,1,1,1,0,1,1,1,1,1
0,0,1,0,0,1,1,1,1,0,1,0,0,1,0,1,1,1,0,0,0,0,0,1,0,1,0,1,0,0,1,0,0,1,1
0,1,0,0,0,0,0,1,1,0,1,0,1,0,0,0,1,1,1,1,1,0,1,1,0,1,0,0,0,1,1,1,1,1,1
0,1,0,0,1,1,0,1,1,0,0,0,1,0,1,1,1,1,1,0,0,0,1,1,1,1,0,1,0,1,0,0,1,1,1
0,1,1,1,1,1,0,1,1,1,0,0,1,0,0,1,1,1,0,1,1,0,1,0,0,1,1,0,1,0,1,1,1,0,1
0,0,0,1,1,0,0,1,1,1,0,0,1,1,1,1,1,1,1,1,0,0,1,0,0,1,1,1,1,1,1,0,1,0,1
0,0,0,0,0,1,0,1,1,0,0,1,0,0,1,1,1,1,0,0,1,1,0,1,1,1,0,0,1,1,1,1,0,1,1
0,1,0,0,1,1,1,1,1,0,1,1,1,1,1,0,1,1,1,1,0,1,1,1,1,1,0,0,1,0,1,1,0,1,1
0,0,1,1,1,0,1,0,1,0,1,1,0,0,1,0,1,1,0,0,0,1,1,1,1,1,0,1,1,0,1,1,0,1,1
0,0,1,0,0,1,1,0,1,1,0,1,0,0,0,0,1,1,1,0,1,1,0,0,0,1,1,1,1,1,1,0,0,1,1
0,0,0,1,0,0,0,1,1,1,1,1,0,1,0,1,1,1,1,0,1,1,0,1,1,1,1,0,0,0,1,1,0,1,1
0,1,1,0,1,0,0,1,1,1,1,1,0,0,0,0,1,1,0,0,1,0,0,0,1,1,1,1,1,1,1,1,0,1,1
0,1,1,1,1,0,1,1,1,0,1,0,0,1,1,0,1,1,1,0,1,1,1,1,1,1,0,0,1,1,0,1,0,1,1
0,0,0,1,1,0,0,1,1,1,0,0,1,0,1,1,1,1,1,1,0,0,0,1,1,1,1,1,1,1,0,1,0,1,1
0,1,1,1,1,1,0,1,1,0,1,0,1,0,0,1,1,1,1,0,1,0,1,1,1,1,0,0,1,0,1,1,1,1,1
0,0,0,1,1,0,1,0,1,0,1,1,1,1,1,0,0,1,0,1,1,1,0,1,1,1,0,1,0,1,1,1,1,1,1
0,1,1,1,0,1,1,0,1,0,1,1,1,1,1,0,1,1,1,0,0,1,1,1,1,1,0,0,0,0,1,1,0,1,1
0,0,1,1,0,1,1,0,1,1,1,0,0,0,1,1,1,1,1,1,0,0,1,0,1,1,1,0,0,1,1,1,0,1,1
0,0,0,0,0,0,0,0,1,1,0,1,1,0,0,1,0,1,1,1,0,0,1,1,1,1,1,1,0,0,1,1,0,1,1
0,1,0,0,0,1,1,1,1,0,0,1,1,1,1,1,0,1,1,0,1,0,1,1,1,1,0,1,1,0,0,1,1,1,1
0,1,0,0,1,0,0,1,1,1,1,1,1,1,1,1,0,1,0,1,0,1,0,1,1,1,1,1,0,0,1,1,1,1,1
0,0,1,0,0,0,1,0,1,0,1,0,0,1,0,1,0,1,0,0,0,0,1,0,1,1,0,1,0,0,1,1,1,1,1
0,1,1,0,1,0,0,1,1,0,1,1,0,1,1,0,1,1,1,0,1,0,1,0,1,1,0,0,0,0,0,1,1,1,1
0,1,1,1,0,1,1,1,1,0,1,1,1,1,1,1,1,1,1,0,0,1,1,1,0,1,0,0,0,0,1,1,1,1,1
0,1,1,0,0,1,1,1,1,1,0,0,1,1,0,1,1,1,0,1,0,1,1,1,0,1,1,0,1,1,1,1,1,1,1
0,0,0,1,1,0,1,1,1,0,0,0,0,1,0,1,1,1,0,0,1,1,1,1,0,1,0,0,0,1,1,1,1,1,1
0,0,1,0,0,1,1,1,1,1,0,0,1,1,0,1,1,1,1,0,0,1,1,1,0,1,1,1,0,1,0,0,1,1,1
0,0,0,0,0,0,0,0,1,0,1,1,0,1,1,0,0,1,0,1,0,1,0,0,1,1,0,1,0,1,0,0,1,1,1
0,1,1,0,1,0,1,1,1,1,0,1,1,1,0,0,1,1,0,1,1,1,0,0,1,1,1,0,0,1,1,1,1,1,1
0,0,0,0,0,1,0,1,1,1,0,1,0,1,0,0,1,1,1,1,0,1,1,1,1,1,1,1,0,1,0,0,0,1,1
0,1,0,1,1,1,0,1,1,1,0,1,0,0,0,1,1,1,0,0,0,1,1,0,1,1,1,0,1,0,1,1,1,1,1
0,1,1,0,1,1,1,0,1,1,1,0,0,1,1,1,1,1,0,0,0,1,0,0,1,1,1,1,0,0,0,0,0,1,1
0,1,1,0,1,1,1,0,1,1,1,0,1,0,0,1,1,1,0,0,0,0,0,0,1,1,1,1,0,1,0,0,1,1,1
0,1,1,1,0,1,0,0,1,1,0,0,1,0,0,1,0,1,0,1,1,1,0,0,1,1,1,0,1,0,0,1,1,1,1
0,0,0,1,1,1,0,1,1,0,1,1,1,0,0,1,0,1,0,1,1,0,1,0,1,1,0,1,0,0,1,1,0,1,1
0,0,1,0,0,0,1,1,1,0,0,0,0,1,1,1,0,1,0,1,0,0,1,1,0,1,0,0,1,0,1,0,1,1,1
0,0,0,0,1,0,1,0,1,1,0,1,0,0,1,1,0,1,1,1,0,0,0,0,1,1,1,1,0,1,0,1,1,1,1
0,0,1,1,1,0,1,0,1,1,1,1,0,0,1,1,0,1,1,1,1,0,0,0,1,1,1,0,1,0,1,1,1,1,1
0,0,1,0,1,0,1,1,1,0,0,1,0,1,0,1,1,1,0,1,1,0,1,0,0,1,0,0,1,0,1,1,1,1,1
0,1,1,0,1,0,1,1,1,1,0,1,1,1,1,1,1,1,0,0,1,0,0,0,0,1,1,0,1,0,0,0,0,1,1
0,0,0,0,0,1,0,1,1,1,1,1,1,1,1,1,1,1,1,0,0,0,0,0,1,1,1,0,0,0,1,0,0,1,1
0,1,0,0,1,1,0,0,1,1,1,1,0,1,0,0,1,1,0,1,0,0,0,0,1,1,1,1,0,1,1,0,0,1,1
0,0,1,1,1,1,1,1,1,1,0,1,1,1,0,1,1,1,1,0,0,0,0,1,0,1,1,1,1,1,1,0,0,1,1
0,0,0,0,1,1,0,1,1,0,1,0,0,1,0,1,1,1,0,1,1,0,0,0,1,1,0,1,1,1,1,0,0,1,1
0,0,0,1,0,0,1,1,1,1,1,0,1,0,0,0,1,1,1,0,0,1,1,0,1,1,1,0,1,1,1,1,0,1,1
0,0,0,1,0,0,0,1,1,0,0,0,1,0,0,0,1,1,0,0,1,1,1,1,1,1,0,0,0,0,0,0,0,1,1
0,0,0,1,0,1,1,1,1,0,1,0,1,1,1,1,1,1,0,1,0,1,1,1,1,1,0,1,1,1,0,1,1,1,1
0,0,0,1,1,1,0,1,1,1,0,1,1,0,1,1,1,1,1,1,1,1,0,1,1,1,1,1,0,1,0,0,1,1,1
0,1,0,1,0,1,0,0,1,1,0,1,0,1,1,0,0,1,0,0,0,0,0,1,1,1,1,0,1,0,1,1,1,1,1
0,1,1,1,0,1,1,0,1,0,0,0,0,1,0,1,0,1,1,1,1,0,0,1,1,1,0,1,1,1,1,1,1,1,1
0,0,1,1,0,1,1,0,1,0,0,0,1,0,1,1,0,1,0,1,1,1,0,0,1,1,0,0,1,1,1,1,1,1,1
0,0,1,1,1,1,0,1,1,0,1,0,0,1,1,0,1,1,0,0,1,1,0,1,1,1,0,1,0,1,1,1,1,1,1
0,0,0,1,1,1,1,1,1,0,1,0,0,1,1,0,1,1,0,1,0,1,1,1,1,1,0,1,1,0,1,1,1,1,1
0,0,1,0,1,0,1,1,1,1,0,1,0,0,0,1,1,1,1,0,1,0,0,1,1,1,1,1,1,1,1,1,1,1,1
0,1,1,0,1,0,0,1,1,1,0,1,1,0,0,1,1,1,0,1,1,1,1,1,1,1,1,0,0,1,0,0,0,1,1
0,0,1,0,1,0,0,0,1,1,0,0,0,0,0,0,1,1,1,0,0,1,1,1,1,1,1,1,0,0,1,0,0,1,1
0,1,1,1,0,1,0,0,1,0,0,1,0,1,1,1,0,1,1,1,0,0,0,1,1,1,0,1,0,1,1,1,0,1,1
0,1,1,1,0,1,1,1,1,1,1,0,1,1,0,1,0,1,0,0,1,1,1,1,1,1,1,1,0,0,1,0,0,1,1
0,0,1,1,1,1,1,1,1,0,0,1,1,0,1,1,0,1,0,1,0,0,1,1,1,1,0,0,0,0,1,0,1,1,1
0,0,1,0,1,1,1,1,1,1,0,1,0,1,1,1,0,1,1,0,1,0,1,1,1,1,1,1,1,1,1,1,1,1,1
0,0,1,0,0,0,1,1,1,1,0,1,1,1,1,1,0,1,1,0,1,0,0,0,1,1,1,1,1,0,0,1,0,1,1
0,0,0,1,1,0,1,1,1,1,1,0,1,1,1,1,0,1,1,0,0,0,1,1,1,1,1,0,1,1,1,0,1,1,1
0,1,0,1,1,0,1,1,1,0,0,1,0,0,1,0,1,1,1,0,0,1,0,0,0,1,0,1,1,0,1,1,0,1,1
0,1,1,1,1,0,1,1,1,0,0,1,0,0,1,1,1,1,1,1,0,1,0,1,0,1,0,1,0,1,1,1,0,1,1
0,0,0,1,0,1,0,1,1,1,0,0,1,1,0,0,1,1,1,1,0,1,1,1,0,1,1,1,1,1,1,1,0,1,1
0,0,0,0,0,0,0,0,1,1,0,0,1,0,1,1,0,1,1,1,1,0,1,1,0,1,1,1,1,0,1,0,0,1,1
0,1,1,1,1,0,1,0,1,0,0,1,1,0,1,0,1,1,1,1,0,0,0,0,0,1,0,1,0,0,1,1,0,1,1
0,0,0,1,1,0,1,0,1,0,0,0,0,1,1,0,1,1,0,0,1,1,1,1,1,1,0,0,0,1,0,1,0,1,1
0,1,1,0,1,1,1,1,1,0,1,0,1,1,1,0,1,1,1,0,0,0,1,1,1,1,0,0,1,1,0,1,1,1,1
0,0,1,1,0,0,1,1,1,1,0,1,0,1,0,0,1,1,1,0,0,0,1,0,1,1,1,1,1,0,1,1,1,1,1
0,1,0,1,0,0,1,1,1,1,0,0,0,1,0,0,1,1,0,0,1,0,1,0,1,1,1,0,0,1,1,1,0,1,1
0,0,0,1,1,1,0,0,1,1,1,1,1,0,1,0,0,1,1,0,1,1,0,1,1,1,1,0,0,1,1,1,0,1,1
0,1,1,0,0,1,1,1,1,1,1,0,0,1,1,0,0,1,0,0,0,0,0,1,1,1,1,1,0,0,1,0,1,1,1
0,0,0,1,1,1,1,1,1,1,0,1,1,1,1,1,0,1,1,1,1,1,1,1,1,1,1,1,0,1,1,1,1,1,1
0,0,0,0,0,0,1,1,1,1,0,1,1,0,1,1,1,1,1,1,0,0,1,1,1,1,1,1,0,0,1,0,1,1,1
0,0,1,0,1,0,1,1,1,1,0,0,0,0,1,1,1,1,1,0,0,1,0,0,1,1,1,1,0,0,1,1,0,1,1
0,1,0,1,1,0,1,1,1,1,1,1,0,1,0,1,1,1,0,1,1,1,0,1,0,1,1,1,0,0,1,1,0,1,1
0,1,0,1,0,0,1,1,1,0,1,0,1,0,0,0,1,1,1,1,0,1,1,0,0,1,0,0,0,0,0,0,1,1,1
0,1,0,1,1,0,1,1,1,0,1,1,0,0,1,1,1,1,1,1,1,1,1,0,0,1,0,0,1,0,1,1,1,1,1
0,1,1,0,1,0,1,1,1,0,0,1,1,0,1,1,0,1,1,1,1,1,1,1,1,1,0,1,0,1,0,1,1,1,1
0,1,1,1,1,1,0,0,1,1,0,0,0,1,1,1,0,1,0,1,1,1,0,1,1,1,1,0,1,1,0,0,1,1,1
0,1,0,1,0,1,1,1,1,0,1,1,0,0,1,1,0,1,1,1,1,1,0,0,0,1,0,0,1,0,0,0,0,1,1
0,1,1,0,0,0,0,1,1,0,0,1,1,0,1,1,1,1,1,1,1,0,1,0,1,1,0,1,0,1,1,0,0,1,1
0,1,1,1,0,0,1,0,1,1,1,1,0,1,1,0,1,1,0,0,0,0,1,1,1,1,1,1,1,0,1,0,0,1,1
0,1,0,0,0,1,1,0,1,0,0,0,0,1,1,1,1,1,1,0,0,0,0,0,1,1,0,1,0,0,1,1,1,1,1
0,1,0,0,1,0,0,1,1,0,0,0,0,0,1,1,1,1,1,0,0,1,0,1,1,1,0,1,0,0,1,1,0,1,1
0,0,1,0,1,0,0,0,1,0,0,0,0,1,1,1,0,1,0,1,0,1,1,1,1,1,0,0,1,0,0,1,0,1,1
0,1,0,1,1,1,0,0,1,0,1,1,1,1,1,1,0,1,1,1,1,1,0,0,0,1,0,0,1,1,0,1,0,0,1
0,0,0,0,1,0,1,1,1,1,1,0,1,1,0,1,1,1,1,0,1,1,0,0,0,1,1,0,1,0,1,1,1,1,1
0,1,1,1,0,1,1,0,1,1,0,0,0,0,0,1,0,1,0,1,1,0,1,1,1,1,1,0,1,1,0,1,1,1,1
0,1,0,0,1,0,0,1,1,1,1,1,0,0,1,1,0,1,0,1,0,0,0,1,0,1,1,1,0,1,0,1,1,0,1
0,1,1,1,1,1,0,1,1,1,0,0,0,1,1,1,1,1,0,1,1,1,0,1,1,1,1,0,1,1,0,0,1,1,1
0,1,1,1,0,0,0,1,1,1,1,1,1,1,1,1,1,1,0,0,0,1,0,1,0,1,1,1,1,1,0,1,1,0,1
0,0,1,0,0,0,1,1,1,0,0,1,1,0,1,1,1,1,0,1,1,0,1,1,0,1,0,0,0,1,1,0,0,1,1
0,0,0,0,0,1,1,1,1,0,1,1,1,1,1,1,1,1,0,1,0,0,1,1,1,1,0,1,0,0,0,1,0,1,1
0,0,1,1,1,1,0,0,1,0,1,0,1,1,1,1,1,1,0,0,1,0,0,1,0,1,0,1,0,0,0,0,1,0,1
0,0,0,1,0,0,1,0,1,1,0,0,1,1,0,0,1,1,1,1,0,1,0,0,0,1,1,1,1,1,0,1,0,1,1
0,1,1,1,1,0,1,0,1,1,0,0,1,1,1,1,1,1,0,1,1,0,1,1,0,1,1,0,1,0,0,1,1,1,1
0,1,0,0,0,0,0,1,1,1,1,0,1,1,1,1,1,1,0,1,1,0,0,1,0,1,1,1,1,0,0,1,1,0,1
0,0,1,1,0,0,0,0,1,1,1,1,0,1,1,1,1,1,1,1,1,1,0,0,0,1,1,0,1,0,1,0,0,0,1
0,1,1,0,0,0,0,0,1,0,1,0,1,0,0,0,0,1,1,0,0,1,1,1,1,1,0,0,1,1,1,1,1,1,1
0,1,1,0,0,1,0,1,1,1,1,1,1,0,0,0,1,1,0,0,1,0,0,0,1,1,1,1,1,0,1,1,1,1,1
0,0,0,0,0,0,1,1,1,0,1,0,1,1,0,0,1,1,0,1,1,0,0,0,1,1,0,1,1,0,0,1,1,1,1
0,1,0,1,0,0,0,0,1,0,1,0,0,0,0,0,1,1,1,1,1,0,0,0,1,1,0,0,0,1,0,0,0,1,1
0,1,1,1,1,0,0,1,1,1,1,0,0,1,0,0,1,1,0,0,1,1,1,1,1,1,1,1,0,1,0,0,0,1,1
0,0,0,1,1,0,0,1,1,0,1,1,0,0,0,1,1,1,0,1,1,0,0,0,0,1,0,1,0,0,1,0,1,1,1
0,1,1,1,0,1,1,1,1,1,1,0,0,0,0,1,1,1,0,0,1,0,1,1,1,1,1,1,0,1,0,1,0,1,1
0,1,1,0,1,0,1,1,1,1,1,0,0,0,1,1,1,1,0,0,0,1,0,0,1,1,1,1,0,0,1,1,0,1,1
0,1,1,1,0,1,1,1,1,0,1,1,0,1,1,1,1,1,1,0,0,0,0,0,1,1,0,0,0,1,1,1,0,1,1
0,0,0,0,0,1,1,1,1,1,1,0,1,1,1,1,1,1,1,0,1,0,1,1,1,1,1,0,1,0,0,1,0,1,1
0,1,0,0,1,0,0,0,1,1,0,1,1,0,0,0,0,1,0,0,1,1,1,1,1,1,1,0,1,0,0,1,0,1,1
0,1,0,0,0,1,1,1,1,0,1,1,0,0,1,1,1,1,1,1,0,1,1,1,1,1,0,0,1,1,1,1,1,1,1
0,0,1,0,1,0,1,1,1,0,1,1,1,0,0,1,1,1,0,0,1,1,1,1,1,1,0,1,1,1,1,1,1,1,1
0,0,0,0,0,0,1,1,1,0,1,0,0,1,1,0,1,1,0,1,1,1,0,1,0,1,0,1,1,1,1,1,1,1,1
0,1,0,1,0,1,0,1,1,1,0,1,0,1,1,0,1,1,0,0,0,0,0,0,1,1,1,0,1,0,1,0,0,1,1
0,0,1,1,0,1,0,0,1,0,0,1,1,1,1,1,0,1,0,1,0,1,1,0,1,1,0,0,0,0,1,1,0,1,1
0,0,0,1,1,0,1,1,1,0,0,0,1,0,0,0,1,1,0,0,1,0,0,1,1,1,0,0,0,0,1,0,1,1,1
0,0,1,1,1,1,1,1,1,0,1,1,1,0,1,1,1,1,0,0,0,0,1,1,1,1,0,1,1,1,0,0,1,1,1
0,1,1,1,0,0,1,1,1,0,1,1,1,1,0,1,1,1,1,0,0,1,0,0,0,1,0,0,0,0,1,1,1,1,1
0,1,0,0,1,0,1,1,1,1,1,0,0,1,0,1,1,1,0,1,1,0,1,0,0,1,1,1,1,1,1,1,1,1,1
0,1,1,0,1,1,0,1,1,0,1,0,1,0,1,1,1,1,1,0,0,0,1,1,1,1,0,0,1,1,0,0,1,1,1
0,0,0,1,1,1,1,1,1,0,0,0,0,1,1,1,1,1,0,0,1,1,0,1,1,1,0,0,0,1,0,1,1,1,1
0,1,0,0,0,0,0,1,1,1,0,0,1,0,0,0,1,1,0,0,0,1,1,1,0,1,1,0,0,1,1,1,1,1,1
0,0,0,0,1,0,1,0,1,0,1,1,0,1,1,0,0,1,0,1,0,0,1,1,1,1,0,1,0,1,1,1,1,1,1
0,0,0,0,0,0,0,1,1,0,1,0,0,0,0,1,0,1,0,1,1,1,1,1,1,1,0,1,1,1,1,1,1,1,1
0,1,1,0,0,1,1,0,1,1,1,0,0,1,1,1,0,1,0,0,0,0,0,0,1,1,1,1,0,0,1,1,1,1,1
0,0,0,1,0,0,1,1,1,0,1,0,0,1,0,0,1,1,0,1,0,0,1,0,1,1,0,1,1,0,1,1,1,1,1
0,1,0,0,0,0,0,1,1,0,0,1,0,0,1,1,1,1,1,0,1,1,1,0,1,1,0,1,1,1,1,0,0,1,1
0,1,1,1,1,0,0,1,1,0,1,0,1,0,1,0,1,1,1,0,1,0,0,1,0,1,0,0,1,0,1,1,1,1,1
0,1,1,0,0,1,0,1,1,0,0,1,1,0,1,0,1,1,1,1,1,1,0,0,1,1,0,1,0,0,0,1,0,1,1
0,1,1,1,1,1,1,1,1,0,0,0,0,1,0,0,1,1,1,1,1,1,0,1,1,1,0,1,1,1,0,1,1,1,1
0,1,1,0,1,1,1,1,1,1,1,0,0,1,1,0,1,1,0,0,0,1,0,1,1,1,1,1,0,0,0,0,1,1,1
0,1,1,0,0,0,0,1,1,1,0,0,0,0,0,0,1,1,0,1,0,0,0,0,1,1,1,0,1,0,0,0,1,1,1
0,0,0,0,1,1,0,1,1,1,0,1,0,0,1,0,1,1,1,1,0,0,1,1,0,1,1,1,0,1,0,0,0,1,1
0,1,1,1,0,1,1,1,1,0,0,1,1,0,1,1,1,1,1,1,0,1,0,0,0,1,0,1,0,0,0,0,0,1,1
0,0,0,1,0,1,1,1,1,0,0,1,0,0,1,1,1,1,0,0,0,0,1,0,1,1,0,0,1,0,0,0,1,1,1
0,1,1,1,0,1,0,0,1,1,1,0,1,0,1,1,0,1,0,0,1,1,0,1,1,1,1,1,0,0,0,0,1,1,1
0,0,0,1,1,1,0,0,1,1,1,0,1,0,1,1,0,1,1,1,0,1,1,1,1,1,1,1,1,0,1,1,1,1,1
0,0,1,0,0,1,0,1,1,0,1,1,1,1,1,1,0,1,0,0,1,0,1,1,1,1,0,1,1,0,0,0,0,1,1
0,0,1,1,0,0,0,1,1,0,1,1,0,0,0,0,1,1,0,0,0,0,0,0,1,1,0,1,1,0,0,0,0,1,1
0,0,0,0,0,0,1,0,1,1,0,1,0,0,0,1,1,1,1,1,0,1,1,0,1,1,1,1,0,1,1,1,1,0,1
0,1,1,1,0,0,1,0,1,0,0,1,1,0,1,1,1,1,1,1,0,1,1,1,0,1,0,1,0,0,0,1,1,1,1
0,0,0,1,0,0,1,0,1,0,0,1,1,0,1,1,1,1,0,0,0,1,1,1,0,1,0,0,1,1,1,1,1,1,1
0,1,1,1,0,0,0,0,1,1,1,0,1,0,0,0,1,1,0,0,1,1,1,1,1,1,1,1,0,0,0,0,0,1,1
0,1,1,0,1,0,0,0,1,0,1,0,1,0,1,0,1,1,1,0,0,0,0,1,1,1,0,0,1,1,0,1,1,1,1
0,1,1,0,1,0,1,1,1,1,1,0,0,0,0,1,1,1,0,0,0,1,0,1,0,1,1,1,0,0,1,0,0,1,1
0,1,0,0,1,1,0,0,1,1,1,0,0,0,1,0,0,1,0,1,1,0,1,1,1,1,1,1,1,1,1,0,0,1,1
0,0,0,1,0,1,1,1,1,0,0,1,1,0,1,1,1,1,0,0,0,1,0,0,0,1,0,0,1,1,1,1,1,1,1
0,0,0,1,0,1,1,0,1,0,0,0,1,0,1,1,0,1,0,0,1,1,0,0,1,1,0,0,1,1,1,1,1,1,1
0,1,1,0,1,0,0,1,1,0,1,1,1,1,1,1,0,1,1,0,1,1,0,0,1,1,0,0,0,1,1,0,1,1,1
0,1,1,1,1,1,1,1,1,0,0,1,0,1,0,1,0,1,1,1,0,1,0,1,1,1,0,1,0,1,0,1,1,1,1
0,1,0,0,1,0,1,1,1,1,0,1,1,1,1,1,0,1,0,0,1,1,0,1,1,1,1,0,1,0,1,0,1,1,1
0,0,1,1,0,0,1,1,1,1,0,0,0,0,0,0,1,1,1,0,1,0,0,1,1,1,1,1,0,1,0,0,1,1,1
0,1,0,0,1,1,1,1,1,0,0,0,1,1,0,1,1,1,1,0,0,0,0,0,1,1,0,1,0,1,1,0,1,1,1
0,0,1,0,0,1,1,0,1,0,1,1,1,1,0,1,1,1,0,0,1,0,0,1,0,1,0,1,1,0,1,0,1,0,1
0,0,1,1,1,0,0,0,1,0,1,0,0,1,0,1,0,1,0,0,1,1,1,1,0,1,0,1,0,1,0,0,1,1,1
0,0,1,0,0,1,1,1,1,0,0,1,0,0,1,1,0,1,0,1,1,1,0,0,1,1,0,0,0,0,0,0,1,1,1
0,1,0,0,0,0,1,1,1,0,0,0,0,0,1,0,1,1,1,0,0,0,0,0,1,1,0,1,0,0,0,1,1,1,1
0,0,1,1,0,0,0,0,1,1,0,1,1,1,0,0,0,1,1,0,0,1,0,1,1,1,1,1,1,1,0,1,1,1,1
0,0,1,0,0,1,0,1,1,0,0,0,0,1,0,1,0,1,0,1,0,1,0,1,1,1,0,0,1,0,1,0,1,1,1
0,1,1,0,1,0,1,1,1,1,0,0,1,0,1,1,0,1,0,1,0,1,0,1,1,1,1,0,1,1,0,1,1,1,1
0,0,0,0,0,0,1,1,1,0,0,1,1,1,0,0,1,1,0,0,1,0,0,0,0,1,0,0,1,0,0,1,0,1,1
0,0,1,1,0,1,0,1,1,0,0,0,1,0,0,1,1,1,0,1,1,1,0,0,0,1,0,0,1,0,0,1,1,0,1
0,0,0,1,0,1,0,1,1,0,1,0,0,1,0,1,1,1,0,1,0,0,0,0,0,1,0,1,1,0,1,0,1,0,1
0,1,1,0,0,0,0,1,1,0,0,0,0,1,0,0,1,1,1,1,0,0,1,1,0,1,0,1,1,0,1,1,1,1,1
0,1,1,1,0,1,0,1,1,0,0,1,0,0,1,0,1,1,1,1,0,0,1,1,0,1,0,1,0,1,0,0,0,1,1
0,0,0,0,1,0,0,1,1,1,0,1,0,0,0,0,1,1,1,1,0,0,0,0,1,1,1,1,0,1,0,0,0,1,1
0,0,0,1,0,0,1,0,1,0,0,1,0,0,0,1,1,1,0,0,0,0,0,1,1,1,0,0,1,0,0,0,0,1,1
0,0,1,1,0,0,1,0,1,0,0,0,1,1,1,1,1,1,0,1,0,1,0,0,0,1,0,0,1,1,0,0,0,1,1
0,1,1,0,1,1,1,1,1,1,0,0,1,1,1,0,1,1,0,1,0,0,0,0,1,1,1,0,1,1,1,1,0,1,1
0,1,0,1,1,1,1,1,1,1,0,1,1,1,1,0,1,1,0,0,0,0,0,0,1,1,1,0,1,1,1,1,0,1,1
0,0,1,0,0,0,1,1,1,1,1,1,0,1,1,0,1,1,1,1,0,1,0,1,1,1,1,0,1,1,1,1,0,1,1
0,1,0,1,0,0,1,1,1,1,0,0,0,0,1,0,1,1,0,0,1,0,0,0,1,1,1,0,0,1,0,1,0,1,1
0,1,0,1,1,1,0,1,1,1,1,0,1,0,1,1,1,1,0,1,0,1,1,0,1,1,1,1,1,0,1,1,0,1,1
0,1,0,0,1,0,0,1,1,1,0,0,1,0,0,0,1,1,0,0,0,0,0,0,1,1,1,0,0,1,1,1,0,1,1
0,1,1,1,0,1,0,1,1,1,1,0,0,0,1,1,1,1,0,0,1,0,1,1,0,1,1,1,0,1,0,0,1,1,1
0,0,1,1,0,1,0,1,1,1,0,1,0,0,1,1,1,1,1,0,0,0,0,1,1,1,1,1,1,0,0,1,1,1,1
0,0,1,1,1,1,1,0,1,1,0,1,0,1,0,1,0,1,1,0,0,1,0,1,1,1,1,1,1,0,0,1,1,1,1
0,0,1,0,1,0,0,0,1,0,1,1,0,1,1,1,1,1,0,0,1,0,1,0,0,1,0,1,1,1,1,0,0,0,1
0,1,0,1,1,0,0,1,1,1,0,1,1,0,1,1,1,1,0,0,0,0,0,1,0,1,1,0,1,1,0,1,1,0,1
0,1,1,0,0,1,1,1,1,1,1,1,1,1,0,0,1,1,0,0,1,0,1,0,1,1,1,1,1,0,0,0,1,0,1
0,0,0,0,0,1,1,1,1,0,0,0,0,1,0,1,1,1,0,0,0,0,0,1,1,1,0,0,0,0,1,0,1,0,1
0,0,1,1,0,1,0,0,1,0,0,1,1,1,1,0,1,1,0,1,0,1,1,0,1,1,0,0,0,0,1,1,1,0,1
0,0,1,1,1,1,1,1,1,1,0,1,1,1,1,1,1,1,1,0,0,0,0,0,0,1,1,1,1,1,1,1,1,0,1
0,1,1,1,1,1,0,1,1,1,0,1,0,0,1,0,1,1,0,1,0,1,1,1,0,1,1,0,0,1,1,1,1,0,1
0,0,1,0,1,0,1,0,1,0,0,1,0,1,1,1,0,1,0,1,1,0,1,1,0,1,0,0,0,0,0,1,1,1,1
0,1,1,0,1,1,1,0,1,0,0,1,0,1,1,0,1,1,1,1,1,0,0,0,0,1,0,1,0,0,0,0,1,1,1
0,1,1,0,1,1,1,0,1,0,1,0,0,0,1,1,1,1,1,0,0,0,0,1,0,1,0,0,1,0,0,1,0,1,1
0,1,0,1,1,0,1,1,1,0,1,0,0,0,1,1,1,1,1,0,1,1,0,1,1,1,0,1,0,1,1,0,1,1,1
0,1,0,1,0,1,0,1,1,1,1,1,1,1,0,1,0,1,0,1,1,0,1,1,1,1,1,1,0,1,0,0,1,1,1
