DEFAULT_CLOCK,cdIn[0],cdIn[1],cdIn[2],cdIn[3],cdIn[4],cdIn[5],cdIn[6],cdIn[7],dnIn[0],dnIn[1],dnIn[2],dnIn[3],dnIn[4],dnIn[5],dnIn[6],dnIn[7],cuIn[0],cuIn[1],cuIn[2],cuIn[3],cuIn[4],cuIn[5],cuIn[6],cuIn[7],ttIn[0],ttIn[1],ttIn[2],ttIn[3],ttIn[4],ttIn[5],ttIn[6],ttIn[7],tcAddr[0],tcAddr[1],tcAddr[2],tcAddr[3],tcLoadOut[0],tcLoadOut[1],tcLoadOut[2],tcLoadOut[3],tcLoadOut[4],tcLoadOut[5],tcLoadOut[6],tcLoadOut[7],ttSel,cuSel,dnSel,cdSel
0,1,0,0,1,2,2,2,2,1,0,1,1,2,2,2,2,1,1,0,0,0,1,1,2,1,0,0,0,0,0,0,1,0,0,1,2,0,2,2,2,0,2,2,2,0,0,0,0
0,0,1,0,0,1,2,2,2,1,0,1,1,2,2,2,2,1,1,0,0,0,1,1,2,1,0,1,0,0,1,1,1,1,0,1,1,2,2,2,2,0,2,2,2,2,2,2,2
0,1,0,1,1,0,1,1,1,1,0,0,1,1,1,1,1,0,0,1,1,0,0,0,1,1,0,1,1,1,1,1,1,0,1,1,1,1,0,0,1,0,2,2,2,0,0,1,1
0,0,1,0,1,0,1,0,1,1,1,1,0,1,1,1,1,1,0,1,0,0,1,1,1,1,0,1,0,0,0,1,1,0,1,1,1,1,1,1,1,0,2,2,2,1,1,1,0
0,0,1,0,0,1,1,1,1,0,0,0,1,0,1,1,1,0,1,1,1,0,0,1,1,1,1,1,1,0,0,0,1,0,1,1,1,0,1,1,1,0,2,2,2,1,1,0,0
0,1,0,1,1,1,1,0,1,1,0,1,0,0,1,1,1,1,0,1,1,0,1,1,1,0,0,1,1,1,0,1,1,1,0,1,1,1,0,1,1,0,2,2,2,0,1,1,1
0,0,0,0,0,0,0,0,1,0,1,0,1,0,1,0,1,0,0,0,0,0,1,1,1,0,1,0,1,1,0,1,1,1,1,1,1,1,1,1,1,0,2,2,2,1,0,1,0
0,1,1,0,0,1,0,0,1,1,1,0,0,1,0,1,1,1,0,1,1,0,1,1,1,0,1,1,0,1,0,0,1,1,0,1,1,2,2,2,2,0,2,2,2,2,2,2,2
0,0,1,0,0,1,0,0,1,1,0,1,1,1,0,1,1,0,1,1,1,0,1,0,1,1,0,1,0,1,0,1,1,1,1,0,1,2,2,2,2,0,2,2,2,2,2,2,2
0,0,1,0,1,1,0,0,1,0,0,1,1,1,1,1,1,0,1,0,1,0,0,1,1,1,1,0,0,0,1,1,1,1,1,1,1,2,2,2,2,0,2,2,2,2,2,2,2
0,1,0,0,0,0,0,1,1,0,0,0,1,1,1,1,1,0,0,0,1,1,0,1,1,0,1,0,1,0,0,0,1,0,1,1,1,0,2,2,2,0,2,2,2,0,0,0,0
0,0,1,1,0,1,1,0,1,0,1,1,1,0,1,0,1,0,1,1,0,0,0,1,1,1,1,0,1,0,1,1,1,1,0,0,1,2,2,2,2,0,2,2,2,2,2,2,2
0,1,1,0,1,1,1,0,1,1,0,1,0,0,0,0,1,1,0,0,0,1,1,1,1,0,1,0,1,0,1,1,1,0,0,1,1,2,2,2,2,0,2,2,2,2,2,2,2
0,0,1,0,1,1,1,0,1,1,0,1,0,1,0,0,1,0,1,1,1,1,1,1,1,1,1,0,1,1,1,1,1,1,1,1,1,2,2,2,2,0,2,2,2,2,2,2,2
0,0,1,0,0,0,1,1,1,1,1,1,1,1,0,0,1,0,0,1,1,0,0,1,1,1,0,0,1,1,0,1,1,1,1,1,1,1,0,0,1,0,2,2,2,0,0,1,1
0,1,1,1,0,1,1,0,1,0,0,1,1,1,0,1,1,1,1,1,1,1,0,0,1,0,0,0,1,1,1,1,1,1,1,1,1,2,2,2,2,0,2,2,2,2,2,2,2
0,1,0,0,1,0,0,1,1,1,1,1,0,1,0,1,1,0,0,0,0,1,0,1,1,1,0,0,1,0,0,0,1,1,1,0,1,2,2,2,2,0,2,2,2,2,2,2,2
0,0,0,1,1,0,0,1,1,0,0,0,1,0,0,1,1,0,1,0,0,0,0,1,1,0,1,1,0,1,0,0,1,1,1,0,1,0,1,1,2,0,2,2,2,1,1,0,0
0,0,1,0,0,1,0,1,1,1,0,1,1,0,1,1,1,0,1,1,1,1,1,1,1,1,0,1,1,1,1,0,1,1,1,1,1,0,1,1,2,0,2,2,2,0,0,0,0
0,1,1,0,0,1,0,1,1,0,0,0,1,1,1,1,1,1,0,1,0,0,0,0,1,1,1,1,1,1,1,0,1,1,0,0,1,2,2,2,2,0,2,2,2,2,2,2,2
0,1,1,1,1,1,1,1,1,0,0,0,1,1,0,1,1,0,1,0,1,0,1,0,1,1,0,0,1,0,0,1,1,1,1,0,1,2,2,2,2,0,2,2,2,2,2,2,2
0,0,0,1,1,1,0,0,1,0,1,1,0,0,1,1,1,0,1,0,1,1,1,1,1,0,1,1,1,0,0,0,1,0,1,1,1,0,0,1,2,0,2,2,2,0,1,0,0
0,1,1,1,1,0,1,0,1,1,1,1,1,1,0,1,1,1,1,0,0,1,1,0,1,1,1,0,0,0,1,0,1,1,1,1,1,1,0,0,1,0,2,2,2,0,0,1,1
0,1,1,0,1,0,0,1,1,0,1,0,1,1,0,1,1,0,1,1,0,0,1,1,1,1,1,1,0,1,1,1,1,0,0,1,1,1,1,0,1,0,2,2,2,1,0,1,0
0,0,1,0,1,1,0,1,1,1,0,1,0,1,1,0,1,1,0,1,0,0,1,1,1,1,0,1,1,0,1,1,1,1,0,0,1,2,2,2,2,0,2,2,2,2,2,2,2
0,0,0,1,0,0,0,1,1,0,1,0,1,0,1,0,1,0,0,0,0,1,0,1,1,1,0,0,1,1,1,1,1,1,1,1,1,2,2,2,2,0,2,2,2,2,2,2,2
0,0,0,1,1,1,0,1,1,1,0,1,1,1,1,1,1,0,1,0,1,1,0,0,1,0,1,1,1,1,1,1,1,1,1,0,1,2,2,2,2,0,2,2,2,2,2,2,2
0,0,1,1,1,0,0,1,1,0,1,0,1,1,1,1,1,1,1,1,0,0,1,1,1,0,1,1,0,1,0,1,1,1,1,0,1,1,0,0,1,0,2,2,2,0,0,1,1
0,1,0,0,1,1,1,1,1,0,0,1,0,1,0,0,1,0,0,0,1,1,1,0,1,0,0,0,1,1,1,1,1,0,1,1,1,0,0,0,1,0,2,2,2,0,0,0,1
0,1,0,0,1,1,0,1,1,1,0,1,1,0,0,1,1,1,1,0,1,1,0,1,1,0,0,1,1,1,1,1,1,1,1,1,1,1,0,1,1,0,2,2,2,0,1,1,1
0,0,1,1,0,1,1,1,1,0,1,1,0,1,1,0,1,0,1,0,1,0,0,1,1,1,0,1,1,0,1,1,1,1,0,0,1,2,2,2,2,0,2,2,2,2,2,2,2
0,0,0,1,0,1,1,1,1,1,0,0,1,0,1,1,1,1,1,1,0,1,1,1,1,0,1,1,0,0,0,1,1,1,0,1,1,1,0,1,2,0,2,2,2,0,1,1,0
0,0,0,0,1,0,1,1,1,1,1,1,0,0,0,1,1,1,0,1,1,0,1,1,1,0,0,0,1,0,0,0,1,0,0,1,1,0,0,1,2,0,2,2,2,0,0,0,0
0,0,0,1,1,1,1,1,1,1,0,0,1,0,1,1,1,1,0,1,1,1,1,1,1,0,0,0,1,0,0,0,1,0,1,1,1,2,2,2,2,0,2,2,2,2,2,2,2
0,0,1,0,1,1,0,1,1,0,1,1,0,0,1,1,1,1,0,1,1,1,1,1,1,0,1,1,0,0,0,0,1,0,0,1,1,2,2,2,2,0,2,2,2,2,2,2,2
0,0,1,0,1,1,1,0,1,0,1,0,1,1,1,1,1,0,1,1,1,1,0,1,1,1,1,0,0,1,1,1,1,0,0,1,1,0,1,2,2,0,2,2,2,1,0,0,0
0,1,0,0,1,1,1,0,1,0,1,1,0,1,0,0,1,1,1,1,0,1,1,1,1,0,1,0,1,1,1,1,1,1,0,1,1,0,0,1,1,0,2,2,2,0,1,0,1
0,0,1,1,0,1,1,0,1,0,0,1,1,1,0,1,1,1,0,1,1,1,1,1,1,0,1,1,0,0,1,1,1,0,0,1,1,0,0,1,1,0,2,2,2,0,1,0,0
0,0,1,1,1,1,1,1,1,1,1,1,1,0,0,1,1,1,1,0,1,1,0,1,1,0,0,0,1,1,1,1,1,0,1,1,1,1,1,1,1,0,2,2,2,1,1,1,1
0,1,0,0,0,0,1,1,1,1,0,0,0,0,1,0,1,1,1,1,0,1,0,1,1,0,1,0,1,1,1,1,1,1,0,0,1,2,2,2,2,0,2,2,2,2,2,2,2
0,1,0,1,0,1,1,1,1,1,0,0,1,0,1,0,1,1,0,1,0,1,1,1,1,0,0,0,0,1,0,1,1,0,1,1,1,0,1,0,1,0,2,2,2,1,0,0,1
0,0,0,0,1,1,0,0,1,1,1,0,0,1,1,1,1,1,1,0,1,0,0,1,1,1,0,1,0,0,0,1,1,1,1,1,1,1,0,1,1,0,2,2,2,0,1,1,0
0,0,1,1,1,0,0,1,1,1,0,0,1,0,1,0,1,0,0,0,1,0,1,0,1,0,1,0,1,0,0,0,1,0,0,1,1,2,2,2,2,0,2,2,2,2,2,2,2
0,0,1,1,0,0,1,1,1,0,1,0,1,0,1,0,1,1,1,1,1,1,0,0,1,0,1,1,1,0,0,0,1,1,0,1,1,1,1,1,1,0,2,2,2,1,1,1,1
0,0,1,1,1,1,0,0,1,1,0,0,1,1,1,1,1,0,0,0,1,1,1,0,1,1,0,1,1,0,0,0,1,0,1,0,1,2,2,2,2,0,2,2,2,2,2,2,2
0,1,1,0,0,1,0,0,1,1,1,1,0,0,0,1,1,1,1,0,1,0,1,1,1,0,1,0,1,0,0,1,1,0,0,0,1,2,2,2,2,0,2,2,2,2,2,2,2
0,0,0,1,0,0,0,1,1,0,1,0,0,1,0,0,1,1,0,0,1,1,1,0,1,0,1,0,1,1,1,0,1,0,1,1,1,0,0,0,1,0,2,2,2,0,0,0,1
0,0,1,1,0,0,0,0,1,0,1,0,0,1,1,1,1,0,1,0,1,1,1,1,1,1,1,1,1,1,1,1,1,0,0,1,1,1,1,1,1,0,2,2,2,1,1,1,0
0,0,0,1,0,0,0,0,1,0,1,0,1,0,0,1,1,0,0,1,0,0,1,1,1,1,0,1,1,1,1,0,1,0,1,1,1,0,1,1,1,0,2,2,2,1,1,0,1
0,0,1,1,1,0,0,0,1,1,1,0,1,0,0,1,1,1,1,0,1,1,1,1,1,1,0,0,0,0,1,0,1,1,0,0,1,2,2,2,2,0,2,2,2,2,2,2,2
0,0,1,1,0,1,1,0,1,1,1,1,1,0,0,0,1,1,0,1,0,1,1,1,1,1,0,0,1,0,0,1,1,1,1,1,1,2,2,2,2,0,2,2,2,2,2,2,2
0,0,1,1,1,0,1,0,1,0,1,0,0,1,0,0,1,1,1,0,1,1,0,0,1,0,0,0,1,0,0,0,1,1,1,0,1,2,2,2,2,0,2,2,2,2,2,2,2
0,1,1,0,1,0,0,1,1,0,1,1,1,1,0,0,1,0,1,0,0,0,0,1,1,1,0,1,1,0,1,0,1,0,0,0,1,2,2,2,2,0,2,2,2,2,2,2,2
0,0,0,0,1,1,0,1,1,0,1,1,0,0,0,0,1,1,0,0,0,1,0,1,1,0,0,1,1,0,1,1,1,1,0,1,1,2,2,2,2,0,2,2,2,2,2,2,2
0,0,0,0,1,1,0,1,1,0,1,1,0,1,0,1,1,1,1,0,0,1,0,1,1,1,1,0,1,1,1,1,1,1,0,1,1,1,1,1,2,0,2,2,2,1,1,1,0
0,0,0,1,1,1,0,1,1,0,0,0,1,1,0,1,1,1,1,0,0,1,1,1,1,0,1,0,0,0,1,1,1,1,1,0,1,2,2,2,2,0,2,2,2,2,2,2,2
0,1,0,0,1,1,1,1,1,1,0,0,0,0,1,0,1,1,0,1,0,0,1,1,1,0,0,0,1,1,1,0,1,0,1,0,1,0,0,1,2,0,2,2,2,0,1,0,0
0,0,0,0,1,0,0,1,1,1,0,0,0,0,1,0,1,1,1,1,0,0,1,1,1,1,0,0,0,0,0,0,1,1,1,0,1,2,2,2,2,0,2,2,2,2,2,2,2
0,0,0,0,1,1,0,1,1,0,0,1,0,1,1,0,1,0,1,1,0,1,0,0,1,0,0,1,0,0,0,0,1,1,1,1,1,2,2,2,2,0,2,2,2,2,2,2,2
0,1,0,0,0,1,1,0,1,1,0,1,1,0,1,1,1,1,0,1,0,1,0,1,1,0,1,1,0,1,0,0,1,0,1,1,1,1,1,1,2,0,2,2,2,1,1,1,0
0,1,0,1,1,0,1,0,1,0,0,1,0,0,0,0,1,1,1,1,0,0,1,1,1,1,0,1,0,1,1,1,1,1,1,0,1,2,2,2,2,0,2,2,2,2,2,2,2
0,1,0,0,1,1,1,0,1,1,1,0,1,1,0,1,1,1,0,0,1,0,0,1,1,1,1,1,0,0,1,1,1,1,1,1,1,1,1,0,1,0,2,2,2,1,0,1,1
0,1,0,0,0,0,1,0,1,0,1,0,1,1,1,1,1,0,1,0,1,0,1,1,1,1,0,0,0,1,0,1,1,1,0,0,1,2,2,2,2,0,2,2,2,2,2,2,2
0,0,0,1,1,1,1,1,1,0,1,1,1,1,1,1,1,0,1,0,0,1,1,1,1,1,1,0,0,0,0,0,1,1,0,1,1,1,0,1,1,0,2,2,2,0,1,1,1
0,0,1,1,0,0,0,0,1,0,0,0,1,1,1,1,1,0,0,0,0,1,1,1,1,1,1,1,1,0,1,1,1,0,0,0,1,2,2,2,2,0,2,2,2,2,2,2,2
0,0,1,1,0,1,1,1,1,0,0,0,0,0,0,1,1,1,0,1,0,0,0,1,1,0,0,0,1,0,1,1,1,0,0,0,1,0,0,1,2,0,2,2,2,0,1,0,0
0,0,0,0,0,1,1,0,1,0,1,0,1,0,1,1,1,0,0,1,1,1,1,1,1,1,0,0,1,1,1,1,1,0,0,1,1,0,1,1,1,0,2,2,2,1,1,0,1
0,1,0,0,0,0,1,1,1,1,1,0,0,0,0,1,1,1,1,1,0,1,1,1,1,1,0,1,0,1,1,1,1,0,1,1,1,0,1,1,1,0,2,2,2,1,1,0,0
0,1,0,1,0,0,1,1,1,1,0,1,1,0,0,0,1,1,0,0,0,0,0,1,1,0,1,1,0,0,0,0,1,1,0,0,1,2,2,2,2,0,2,2,2,2,2,2,2
0,0,0,1,1,0,1,1,1,1,0,0,0,1,1,1,1,0,0,1,1,0,0,1,1,1,1,1,0,0,0,0,1,0,1,0,1,2,2,2,2,0,2,2,2,2,2,2,2
0,1,1,1,0,1,1,1,1,0,0,1,1,1,0,1,1,0,1,1,1,1,0,0,1,0,1,1,0,1,1,0,1,1,1,0,1,2,2,2,2,0,2,2,2,2,2,2,2
0,0,0,0,0,0,1,0,1,0,0,1,0,1,1,0,1,0,1,0,0,1,1,1,1,0,0,0,0,0,1,0,1,1,0,1,1,1,1,1,1,0,2,2,2,1,1,1,1
0,1,1,0,1,0,0,1,1,0,1,1,1,1,0,0,1,1,0,0,1,1,1,1,1,1,0,1,1,0,1,0,1,1,0,1,1,2,2,2,2,0,2,2,2,2,2,2,2
0,1,1,1,1,0,0,0,1,1,1,0,0,0,1,1,1,1,1,0,1,1,1,1,1,1,1,0,1,1,1,1,1,1,0,1,1,2,2,2,2,0,2,2,2,2,2,2,2
0,0,0,1,0,0,0,1,1,0,0,0,0,0,1,1,1,1,0,1,0,1,0,0,1,1,0,0,0,1,1,0,1,1,0,1,1,2,2,2,2,0,2,2,2,2,2,2,2
0,0,0,0,1,1,1,1,1,0,1,0,0,1,0,1,1,1,0,1,1,0,0,0,1,0,1,0,0,1,0,1,1,1,0,1,1,2,2,2,2,0,2,2,2,2,2,2,2
0,0,0,1,1,0,0,0,1,1,1,1,0,1,0,1,1,0,0,0,0,1,0,0,1,0,1,1,0,0,0,1,1,0,0,1,1,1,0,1,2,0,2,2,2,0,1,1,0
0,0,1,0,1,0,1,0,1,0,0,0,0,0,1,1,1,0,0,1,1,1,1,1,1,0,0,1,0,0,0,0,1,0,1,0,1,2,2,2,2,0,2,2,2,2,2,2,2
0,0,1,1,0,0,1,0,1,0,1,0,0,1,1,1,1,1,0,1,0,0,1,1,1,1,1,0,1,0,0,0,1,0,1,0,1,2,2,2,2,0,2,2,2,2,2,2,2
0,0,0,1,0,1,1,0,1,1,1,0,1,0,0,1,1,1,0,1,1,1,1,1,1,1,0,0,1,0,0,1,1,0,1,0,1,0,0,1,1,0,2,2,2,0,1,0,1
0,0,1,1,0,0,0,0,1,0,0,1,0,1,1,0,1,1,0,0,1,1,1,1,1,1,1,1,0,0,0,1,1,0,0,1,1,2,2,2,2,0,2,2,2,2,2,2,2
0,0,0,1,1,0,0,0,1,0,1,0,1,0,1,1,1,1,1,1,1,1,1,1,1,0,0,1,1,0,1,1,1,0,0,1,1,0,0,1,2,0,2,2,2,0,1,0,0
0,1,1,0,1,0,0,1,1,0,0,1,1,0,1,1,1,1,1,0,0,1,1,1,1,0,0,0,1,0,1,1,1,1,0,1,1,0,0,1,1,0,2,2,2,0,1,0,1
0,1,0,0,1,0,0,1,1,1,1,1,1,1,0,1,1,1,0,0,1,1,1,1,1,0,0,1,0,0,1,0,1,1,1,1,1,1,0,1,1,0,2,2,2,0,1,1,1
0,1,0,1,1,1,0,0,1,0,1,0,0,0,0,0,1,0,0,0,0,1,1,0,1,1,1,1,0,0,1,1,1,0,0,1,1,0,0,1,1,0,2,2,2,0,1,0,1
0,0,0,0,0,0,1,0,1,1,1,0,0,1,0,0,1,0,0,1,1,1,1,0,1,1,0,0,1,1,0,1,1,1,0,0,1,2,2,2,2,0,2,2,2,2,2,2,2
0,0,0,0,1,0,0,1,1,0,1,0,1,1,1,0,1,1,0,1,1,1,0,1,1,0,1,0,1,0,1,1,1,1,1,0,1,1,1,1,1,0,2,2,2,1,1,1,1
0,1,0,0,1,1,1,1,1,0,1,0,0,1,0,1,1,0,1,0,0,1,0,1,1,1,1,0,1,0,1,1,1,0,0,1,1,1,0,1,1,0,2,2,2,0,1,1,1
0,0,1,1,1,0,1,1,1,1,1,0,1,1,0,1,1,1,1,1,0,1,0,0,1,0,0,0,0,1,0,1,1,1,0,0,1,2,2,2,2,0,2,2,2,2,2,2,2
0,0,1,1,1,0,1,1,1,1,0,0,1,0,1,1,1,1,1,1,1,1,0,0,1,1,1,0,1,1,1,0,1,0,1,1,1,1,2,2,2,0,2,2,2,0,0,1,0
0,1,0,1,0,0,0,1,1,0,0,0,0,1,0,0,1,1,1,1,1,0,0,1,1,1,0,0,1,1,0,1,1,0,0,1,1,2,2,2,2,0,2,2,2,2,2,2,2
0,1,1,1,0,1,1,1,1,0,0,0,1,1,0,1,1,0,1,0,1,0,0,1,1,1,0,0,1,0,1,1,1,1,0,1,1,0,0,1,1,0,2,2,2,0,1,0,1
0,0,0,0,1,1,1,0,1,0,1,1,0,0,0,0,1,1,1,1,0,1,1,0,1,0,0,1,0,0,0,1,1,1,1,0,1,2,2,2,2,0,2,2,2,2,2,2,2
0,1,0,1,0,1,1,0,1,1,1,1,0,0,0,0,1,0,0,1,0,1,0,1,1,1,1,1,0,1,1,1,1,0,1,0,1,1,1,0,1,0,2,2,2,1,0,1,1
0,1,1,0,1,0,0,0,1,1,1,0,1,1,0,1,1,1,0,1,0,1,0,1,1,1,0,0,1,0,1,1,1,0,1,1,1,1,1,0,1,0,2,2,2,1,0,1,0
0,1,0,1,0,0,0,1,1,1,1,1,1,0,1,0,1,0,0,0,0,1,1,1,1,0,1,0,0,0,0,1,1,0,1,1,1,1,0,0,1,0,2,2,2,0,0,1,1
0,1,0,0,1,0,1,1,1,0,1,1,1,0,1,0,1,0,0,0,1,1,1,1,1,1,1,1,1,0,1,0,1,0,1,1,1,0,0,1,1,0,2,2,2,0,1,0,1
0,1,0,1,0,1,0,0,1,0,0,0,0,0,1,1,1,0,1,1,1,0,1,1,1,1,0,0,0,0,1,1,1,1,1,1,1,2,2,2,2,0,2,2,2,2,2,2,2
0,0,0,1,0,0,1,1,1,1,0,0,0,0,1,1,1,1,0,0,1,0,1,1,1,0,0,0,1,0,1,1,1,1,0,1,1,1,1,1,1,0,2,2,2,1,1,1,1
0,1,0,0,0,0,0,0,1,0,0,0,1,0,1,1,1,1,0,1,0,1,0,1,1,0,1,1,1,0,1,1,1,1,1,1,1,0,0,1,1,0,2,2,2,0,1,0,1
0,1,1,1,1,0,0,0,1,1,0,1,1,1,1,1,1,1,0,0,0,1,1,1,1,0,1,0,1,0,1,0,1,0,1,1,1,1,0,1,1,0,2,2,2,0,1,1,1
0,0,0,1,1,1,1,0,1,1,1,1,1,0,1,1,1,1,0,0,1,0,1,0,1,0,1,0,0,0,1,1,1,0,1,1,1,2,2,2,2,0,2,2,2,2,2,2,2
0,0,1,0,1,0,0,1,1,1,1,0,0,1,1,1,1,1,0,0,1,1,1,0,1,1,1,1,1,0,1,0,1,1,1,0,1,2,2,2,2,0,2,2,2,2,2,2,2
0,1,0,0,0,1,0,1,1,1,0,0,1,1,0,0,1,1,1,1,0,1,1,0,1,1,0,1,0,0,1,1,1,1,1,0,1,1,2,2,2,0,2,2,2,0,0,1,0
0,0,1,0,0,0,1,1,1,0,1,0,1,0,1,0,1,0,0,1,0,0,1,1,1,1,0,0,0,1,1,1,1,0,1,0,1,2,2,2,2,0,2,2,2,2,2,2,2
0,1,0,1,0,0,1,1,1,1,0,0,1,0,0,1,1,1,0,1,1,0,1,1,1,1,0,0,1,1,0,1,1,1,0,1,1,2,2,2,2,0,2,2,2,2,2,2,2
0,1,1,0,1,1,0,1,1,0,0,0,0,1,1,1,1,1,0,1,1,0,0,1,1,1,1,1,1,0,1,0,1,1,0,1,1,0,1,0,1,0,2,2,2,1,0,0,1
0,1,0,1,1,1,1,0,1,0,0,1,1,1,0,1,1,0,1,0,1,0,1,1,1,0,1,0,0,0,1,0,1,0,1,1,1,1,0,1,1,0,2,2,2,0,1,1,0
0,1,0,1,0,0,1,0,1,0,1,1,0,1,1,1,1,0,0,0,1,1,1,1,1,1,1,0,1,1,1,1,1,0,1,1,1,0,1,0,1,0,2,2,2,1,0,0,1
0,1,0,0,1,1,1,1,1,1,1,0,1,1,1,0,1,0,0,0,1,0,0,1,1,1,1,0,0,0,1,1,1,0,0,1,1,2,2,2,2,0,2,2,2,2,2,2,2
0,0,0,1,1,1,1,1,1,0,0,1,0,1,0,1,1,0,1,1,1,0,0,1,1,1,1,0,0,1,1,1,1,0,1,1,1,2,2,2,2,0,2,2,2,2,2,2,2
0,1,1,0,0,1,1,0,1,1,0,1,0,1,1,1,1,0,0,1,0,1,1,1,1,1,0,0,1,1,1,0,1,1,0,0,1,2,2,2,2,0,2,2,2,2,2,2,2
0,0,1,0,0,1,1,0,1,1,0,1,0,1,1,1,1,1,0,1,0,1,1,1,1,1,0,0,1,1,1,0,1,0,0,1,1,2,2,2,2,0,2,2,2,2,2,2,2
0,0,0,0,1,1,1,0,1,1,0,1,1,0,0,0,1,0,0,0,1,1,1,1,1,0,1,0,1,1,1,0,1,0,1,1,1,2,2,2,2,0,2,2,2,2,2,2,2
0,0,0,0,0,1,0,0,1,0,0,1,1,0,0,1,1,1,0,1,0,1,1,1,1,0,0,0,1,0,1,1,1,1,1,1,1,2,2,2,2,0,2,2,2,2,2,2,2
0,1,0,1,0,0,1,0,1,0,0,0,0,1,1,1,1,1,0,1,1,1,1,1,1,0,0,0,0,0,0,1,1,1,1,0,1,2,2,2,2,0,2,2,2,2,2,2,2
0,0,0,1,1,1,1,0,1,0,0,0,0,0,0,1,1,0,0,0,0,1,1,1,1,1,0,0,1,0,1,1,1,1,0,1,1,2,2,2,2,0,2,2,2,2,2,2,2
0,1,0,1,1,0,0,1,1,1,0,1,0,1,1,1,1,1,0,1,0,1,1,1,1,1,0,0,0,0,1,0,1,0,0,1,1,1,1,1,1,0,2,2,2,1,1,1,1
0,0,1,0,1,0,1,1,1,0,0,0,1,1,1,0,1,0,0,1,1,1,1,0,1,0,0,1,0,1,0,0,1,1,0,1,1,2,2,2,2,0,2,2,2,2,2,2,2
0,0,1,1,0,0,0,1,1,1,1,0,0,1,0,0,1,1,1,1,1,1,1,0,1,0,1,0,1,1,1,1,1,0,1,1,1,2,2,2,2,0,2,2,2,2,2,2,2
0,1,0,1,0,0,0,1,1,1,0,0,1,1,0,1,1,1,1,0,0,0,1,1,1,1,1,1,0,1,1,0,1,1,0,1,1,0,1,1,2,0,2,2,2,1,1,0,0
0,0,1,1,1,1,0,1,1,0,1,0,1,1,0,1,1,0,0,0,0,1,0,0,1,0,0,0,1,0,1,1,1,0,1,1,1,1,1,1,2,0,2,2,2,1,0,1,0
0,1,1,0,1,0,1,0,1,1,1,1,1,0,1,1,1,0,0,0,0,1,0,1,1,1,0,0,1,1,1,0,1,0,0,1,1,2,2,2,2,0,2,2,2,2,2,2,2
0,1,0,1,1,0,0,0,1,0,0,1,1,1,1,1,1,1,1,0,1,0,0,0,1,1,0,1,0,0,0,1,1,0,0,0,1,2,2,2,2,0,2,2,2,2,2,2,2
0,1,0,0,1,1,0,0,1,0,1,1,1,1,1,1,1,1,0,1,0,0,1,0,1,0,0,1,0,0,1,0,1,0,0,1,1,2,2,2,2,0,2,2,2,2,2,2,2
0,0,0,1,0,0,0,1,1,0,1,1,1,1,1,1,1,0,0,1,1,1,0,1,1,0,0,0,1,1,0,1,1,1,1,1,1,0,1,1,2,0,2,2,2,1,1,0,0
0,1,0,1,0,0,0,1,1,0,1,0,1,1,1,1,1,0,1,0,1,0,1,0,1,0,0,0,1,1,0,1,1,0,1,0,1,2,2,2,2,0,2,2,2,2,2,2,2
0,0,0,1,1,0,0,1,1,1,1,0,0,0,0,1,1,1,0,0,1,0,1,1,1,0,1,0,0,1,1,0,1,1,1,0,1,0,0,1,1,0,2,2,2,0,1,0,1
0,0,1,0,0,1,1,1,1,1,1,1,1,0,1,1,1,1,0,0,1,0,0,0,1,0,0,0,1,1,1,1,1,1,1,0,1,2,2,2,2,0,2,2,2,2,2,2,2
0,0,0,0,1,0,1,1,1,1,1,1,1,0,0,1,1,1,0,1,0,0,1,0,1,1,0,1,1,0,1,0,1,1,1,0,1,2,2,2,2,0,2,2,2,2,2,2,2
0,0,0,0,0,0,0,0,1,0,1,0,0,0,0,0,1,1,0,1,1,1,0,1,1,1,1,0,1,1,1,0,1,1,1,0,1,2,2,2,2,0,2,2,2,2,2,2,2
0,0,1,1,0,1,1,0,1,1,0,0,1,1,1,1,1,0,1,0,0,1,1,1,1,1,1,1,0,1,0,1,1,0,0,1,1,1,1,1,1,0,2,2,2,1,1,1,1
0,0,1,0,1,0,1,0,1,0,1,1,1,0,1,1,1,0,0,0,0,0,0,1,1,0,1,1,0,1,0,1,1,0,0,1,1,0,1,1,1,0,2,2,2,1,0,0,0
0,1,1,0,1,1,1,1,1,0,0,1,1,1,0,1,1,0,0,1,1,1,1,0,1,1,0,0,0,1,1,1,1,0,0,1,1,2,2,2,2,0,2,2,2,2,2,2,2
0,1,1,0,1,0,1,1,1,1,0,0,1,0,0,0,1,1,0,1,0,1,1,0,1,1,0,0,0,0,0,1,1,1,1,1,1,1,1,1,1,0,2,2,2,1,1,1,1
0,0,0,0,0,1,1,0,1,0,1,1,0,1,0,1,1,1,1,0,0,1,0,1,1,1,1,1,1,1,1,0,1,1,1,1,1,2,2,2,2,0,2,2,2,2,2,2,2
0,1,0,0,0,1,1,1,1,0,1,1,1,1,0,1,1,1,1,1,0,1,0,1,1,0,1,0,1,1,1,0,1,0,1,1,1,1,0,1,2,0,2,2,2,0,1,1,0
0,1,0,1,0,1,1,1,1,0,0,0,1,1,0,0,1,0,0,1,1,1,0,1,1,1,0,1,1,0,0,1,1,1,1,1,1,0,0,1,2,0,2,2,2,0,0,0,0
0,1,0,1,0,0,1,1,1,1,1,0,1,1,0,0,1,1,1,1,0,1,1,1,1,0,1,0,1,0,1,1,1,0,0,1,1,2,2,2,2,0,2,2,2,2,2,2,2
0,0,1,1,1,1,1,1,1,0,0,1,0,1,1,1,1,0,0,0,1,0,1,1,1,1,0,1,1,1,1,1,1,0,1,1,1,2,2,2,2,0,2,2,2,2,2,2,2
0,0,1,0,0,1,1,1,1,1,0,1,0,0,0,1,1,0,0,0,1,0,1,1,1,0,1,1,1,1,1,1,1,0,1,1,1,1,2,2,2,0,2,2,2,0,0,1,0
0,1,1,0,0,1,1,1,1,1,1,0,1,0,1,1,1,1,1,0,1,1,1,1,1,0,1,1,0,1,1,1,1,0,1,1,1,2,2,2,2,0,2,2,2,2,2,2,2
0,0,0,1,0,1,1,1,1,0,1,1,0,0,1,0,1,0,1,0,1,0,1,1,1,1,1,1,1,1,1,1,1,1,1,1,1,1,2,2,2,0,2,2,2,0,0,1,0
0,1,1,0,1,0,1,1,1,0,0,1,0,1,1,1,1,0,0,1,1,0,1,1,1,1,1,0,1,0,0,1,1,0,0,1,1,1,2,2,2,0,2,2,2,0,0,1,0
0,1,0,1,0,0,0,0,1,1,0,0,1,0,0,1,1,1,0,0,1,1,1,0,1,1,0,0,0,0,1,1,1,1,0,1,1,2,2,2,2,0,2,2,2,2,2,2,2
0,0,0,1,1,1,1,0,1,0,0,0,1,1,0,1,1,1,1,1,0,1,1,0,1,0,1,1,0,0,0,1,1,0,0,1,1,0,0,1,2,0,2,2,2,0,1,0,0
0,0,0,1,1,1,0,1,1,0,0,0,0,1,0,1,1,0,0,0,0,1,1,0,1,0,1,1,1,0,0,1,1,1,1,1,1,0,1,0,1,0,2,2,2,1,0,0,1
0,0,0,0,1,1,1,1,1,1,1,0,0,1,0,1,1,1,0,0,0,0,1,0,1,1,1,0,0,0,0,1,1,0,1,1,1,1,1,1,1,0,2,2,2,1,1,1,0
0,1,1,1,0,0,0,0,1,1,0,1,1,0,1,1,1,0,1,0,1,1,1,1,1,1,1,1,1,1,0,1,1,0,0,0,1,2,2,2,2,0,2,2,2,2,2,2,2
0,1,0,0,0,1,1,0,1,0,0,1,1,0,1,1,1,0,1,0,0,1,1,1,1,1,1,0,1,0,1,1,1,0,0,0,1,0,1,0,1,0,2,2,2,1,0,0,1
0,0,0,0,0,0,0,1,1,0,0,1,0,1,0,1,1,0,0,1,0,1,0,0,1,1,0,1,0,1,1,1,1,1,0,1,1,2,2,2,2,0,2,2,2,2,2,2,2
0,1,1,0,0,0,0,1,1,0,0,1,1,1,0,1,1,1,0,1,1,0,1,1,1,1,1,0,0,1,1,1,1,0,0,1,1,0,1,1,1,0,2,2,2,1,1,0,1
0,1,1,1,1,1,0,1,1,1,1,0,1,0,1,0,1,1,1,0,0,0,1,1,1,1,1,1,0,0,1,1,1,0,0,0,1,2,2,2,2,0,2,2,2,2,2,2,2
0,1,0,0,1,0,0,1,1,0,1,0,0,0,0,0,1,1,1,1,0,0,0,1,1,0,1,0,0,0,1,1,1,0,0,0,1,2,2,2,2,0,2,2,2,2,2,2,2
0,0,0,1,0,0,1,1,1,0,0,0,1,0,0,0,1,1,1,0,1,1,0,1,1,1,1,1,0,0,0,1,1,0,1,1,1,2,2,2,2,0,2,2,2,2,2,2,2
0,0,1,0,1,1,1,1,1,0,1,0,0,0,0,0,1,0,0,0,1,1,1,1,1,1,0,1,0,1,1,0,1,1,0,1,1,0,1,1,2,0,2,2,2,1,1,0,0
0,1,1,0,0,0,1,0,1,1,0,1,0,0,1,1,1,0,0,1,0,0,1,0,1,0,0,0,0,1,0,1,1,0,0,0,1,2,2,2,2,0,2,2,2,2,2,2,2
0,0,0,1,0,1,0,1,1,0,0,0,1,0,0,1,1,1,1,0,1,1,0,1,1,0,1,1,0,1,0,1,1,0,1,0,1,2,2,2,2,0,2,2,2,2,2,2,2
0,0,0,0,1,1,1,1,1,1,0,0,0,1,0,1,1,1,0,1,0,1,1,0,1,1,1,1,0,1,1,1,1,0,0,0,1,2,2,2,2,0,2,2,2,2,2,2,2
0,1,0,1,0,1,1,1,1,1,1,0,1,1,1,1,1,0,0,0,0,1,1,0,1,1,1,0,1,1,0,0,1,1,1,0,1,1,1,2,2,0,2,2,2,1,0,1,0
0,0,0,0,1,1,1,1,1,0,1,1,0,0,0,1,1,1,0,1,1,1,0,1,1,0,0,0,0,1,1,0,1,1,1,1,1,2,2,2,2,0,2,2,2,2,2,2,2
0,1,0,1,0,1,0,1,1,1,1,0,1,0,0,1,1,1,1,1,1,0,1,1,1,1,0,0,1,1,0,1,1,1,1,1,1,1,0,1,2,0,2,2,2,0,1,1,0
0,0,0,0,1,0,1,1,1,0,0,0,1,1,0,1,1,1,0,0,1,0,1,1,1,1,1,0,0,1,0,1,1,0,1,1,1,2,2,2,2,0,2,2,2,2,2,2,2
0,0,0,1,0,1,0,1,1,0,1,1,1,1,1,1,1,0,0,1,0,0,1,0,1,1,1,0,0,0,0,1,1,1,0,1,1,1,0,1,2,0,2,2,2,0,1,1,0
0,1,1,0,0,0,0,0,1,0,1,0,0,0,0,0,1,0,0,0,0,0,1,0,1,1,1,1,1,0,0,1,1,0,1,1,1,0,0,1,2,0,2,2,2,0,0,0,0
0,1,1,1,0,1,1,1,1,1,0,1,0,1,1,1,1,1,0,1,0,0,0,1,1,1,0,1,0,0,0,1,1,1,1,1,1,2,2,2,2,0,2,2,2,2,2,2,2
0,0,0,1,1,0,1,1,1,1,0,0,0,1,1,1,1,0,0,0,0,1,0,1,1,0,1,1,0,0,0,1,1,0,0,0,1,2,2,2,2,0,2,2,2,2,2,2,2
0,1,1,1,1,0,1,0,1,1,0,0,1,0,1,1,1,0,1,1,1,1,0,1,1,0,0,1,1,1,1,0,1,0,0,1,1,2,2,2,2,0,2,2,2,2,2,2,2
0,1,0,1,0,0,0,0,1,0,0,0,1,0,1,1,1,0,1,0,1,0,1,0,1,0,1,1,1,1,0,1,1,0,1,1,1,0,1,0,1,0,2,2,2,1,0,0,1
0,1,1,0,0,1,0,1,1,1,1,0,1,1,1,1,1,0,1,0,1,1,1,0,1,0,1,0,1,1,0,0,1,0,1,1,1,0,1,0,1,0,2,2,2,0,0,0,0
0,0,0,1,1,0,0,1,1,0,1,1,1,1,0,0,1,1,0,0,0,1,1,1,1,0,1,0,0,0,0,1,1,1,1,0,1,2,2,2,2,0,2,2,2,2,2,2,2
0,1,1,1,1,1,1,0,1,0,0,0,0,0,0,1,1,1,0,0,0,1,0,0,1,1,1,0,1,1,1,1,1,1,1,0,1,0,1,0,1,0,2,2,2,1,0,0,1
0,0,0,1,0,1,0,1,1,1,0,0,1,0,0,1,1,1,0,0,0,1,0,1,1,0,1,1,1,1,1,1,1,1,0,0,1,2,2,2,2,0,2,2,2,2,2,2,2
0,1,1,0,0,0,0,0,1,1,0,0,1,1,1,0,1,1,1,0,1,1,0,1,1,0,0,1,0,0,1,1,1,1,1,1,1,1,0,0,1,0,2,2,2,0,0,1,1
0,1,0,0,0,1,1,1,1,1,1,1,1,0,1,0,1,0,1,1,0,0,1,1,1,1,1,1,0,1,1,1,1,1,0,1,1,1,1,1,1,0,2,2,2,1,1,1,1
0,0,0,1,1,1,1,1,1,0,0,1,0,0,0,1,1,1,1,0,1,0,1,0,1,0,1,0,0,1,1,1,1,0,0,1,1,0,1,0,1,0,2,2,2,1,0,0,1
0,1,1,0,0,1,1,1,1,0,0,0,0,0,1,0,1,0,1,0,1,1,0,1,1,0,1,0,0,0,0,1,1,1,1,1,1,2,2,2,2,0,2,2,2,2,2,2,2
0,1,1,0,1,1,1,0,1,0,1,0,0,0,1,1,1,0,1,0,0,0,1,1,1,0,0,1,0,1,1,1,1,0,1,1,1,2,2,2,2,0,2,2,2,2,2,2,2
0,1,1,1,1,1,0,0,1,0,1,0,0,1,1,1,1,0,0,0,0,1,1,1,1,0,0,0,1,1,0,0,1,1,1,1,1,2,2,2,2,0,2,2,2,2,2,2,2
0,0,0,1,0,1,1,0,1,1,0,0,1,0,0,0,1,0,0,1,0,1,0,1,1,1,1,0,1,0,1,0,1,1,0,1,1,2,2,2,2,0,2,2,2,2,2,2,2
0,1,0,1,0,1,1,0,1,1,0,1,0,1,1,0,1,1,1,0,1,1,1,1,1,0,0,1,1,0,1,0,1,1,1,1,1,0,1,1,2,0,2,2,2,1,1,0,0
0,1,0,1,0,1,0,1,1,0,1,0,0,1,1,1,1,0,0,1,1,1,1,0,1,0,0,1,0,1,1,0,1,1,1,1,1,2,2,2,2,0,2,2,2,2,2,2,2
0,0,0,1,0,0,1,1,1,1,0,0,1,0,1,1,1,1,0,0,0,0,0,1,1,1,0,0,0,0,0,1,1,1,1,1,1,0,1,0,1,0,2,2,2,1,0,0,1
0,1,1,1,1,1,1,1,1,0,0,0,1,0,1,1,1,1,0,1,0,1,1,0,1,1,0,1,1,0,0,1,1,0,1,0,1,2,2,2,2,0,2,2,2,2,2,2,2
0,1,1,1,0,1,1,1,1,0,0,0,1,1,1,1,1,0,1,1,1,0,1,0,1,0,1,0,0,1,0,1,1,1,1,0,1,2,2,2,2,0,2,2,2,2,2,2,2
0,0,1,0,0,0,1,1,1,0,1,0,1,0,1,1,1,0,0,1,1,0,1,1,1,0,1,0,1,1,0,1,1,0,1,0,1,0,2,2,2,0,2,2,2,0,0,0,0
0,1,0,0,1,0,1,1,1,1,1,0,1,0,1,1,1,1,1,0,1,0,1,1,1,0,1,1,1,1,0,1,1,0,1,0,1,2,2,2,2,0,2,2,2,2,2,2,2
0,0,0,1,1,1,1,1,1,1,1,0,1,0,0,0,1,1,0,1,0,0,0,1,1,0,1,1,1,1,0,1,1,0,1,1,1,2,2,2,2,0,2,2,2,2,2,2,2
0,1,1,0,0,0,0,0,1,0,1,1,1,0,0,1,1,1,0,0,0,0,1,1,1,1,1,1,0,1,1,1,1,0,1,1,1,1,1,2,2,0,2,2,2,1,0,1,0
0,1,0,1,1,0,0,1,1,0,0,1,0,1,1,1,1,0,0,1,0,0,1,1,1,1,0,1,0,1,0,1,1,0,1,0,1,2,2,2,2,0,2,2,2,2,2,2,2
0,1,1,0,0,0,1,1,1,1,1,0,0,1,1,1,1,0,0,1,1,0,1,1,1,0,1,0,1,1,0,1,1,0,0,1,1,2,2,2,2,0,2,2,2,2,2,2,2
0,1,0,1,1,1,0,1,1,1,1,1,1,0,0,0,1,0,0,1,1,0,1,1,1,0,0,1,1,1,0,1,1,1,0,1,1,2,2,2,2,0,2,2,2,2,2,2,2
0,1,1,0,1,0,1,0,1,1,1,0,1,1,1,1,1,1,1,1,0,0,1,1,1,0,0,0,1,1,1,1,1,1,1,1,1,2,2,2,2,0,2,2,2,2,2,2,2
0,1,1,0,1,1,1,0,1,1,0,0,1,0,0,1,1,0,1,1,0,0,1,1,1,0,0,1,1,1,1,1,1,1,1,1,1,1,1,0,1,0,2,2,2,1,0,1,1
0,0,0,0,1,1,1,0,1,1,0,0,1,0,0,1,1,0,1,1,0,1,0,0,1,0,1,0,1,1,1,1,1,0,1,0,1,2,2,2,2,0,2,2,2,2,2,2,2
0,0,1,1,0,0,1,1,1,1,0,1,0,1,1,1,1,0,1,1,0,1,1,1,1,1,0,1,1,1,1,0,1,0,1,1,1,2,2,2,2,0,2,2,2,2,2,2,2
0,1,1,0,1,1,1,1,1,1,1,1,1,0,1,1,1,0,0,1,1,1,1,1,1,1,0,1,0,1,0,0,1,1,1,1,1,2,2,2,2,0,2,2,2,2,2,2,2
0,0,0,1,0,1,1,0,1,1,0,1,1,0,1,0,1,0,1,0,1,1,0,1,1,1,0,0,1,0,0,1,1,1,0,0,1,2,2,2,2,0,2,2,2,2,2,2,2
0,0,0,0,0,1,1,1,1,1,0,0,0,1,0,1,1,1,1,0,0,0,0,0,1,1,0,1,1,0,0,1,1,1,1,1,1,2,2,2,2,0,2,2,2,2,2,2,2
0,1,0,0,1,1,1,1,1,0,1,0,1,0,0,1,1,0,1,1,0,0,0,0,1,0,0,0,0,0,0,0,1,0,0,1,1,0,0,0,1,0,2,2,2,0,0,0,1
0,0,0,1,0,0,0,0,1,1,0,0,1,0,1,1,1,0,0,0,0,1,1,0,1,1,0,0,1,0,0,1,1,1,1,1,1,2,2,2,2,0,2,2,2,2,2,2,2
0,0,0,1,1,0,1,0,1,1,1,1,0,1,0,1,1,1,0,0,1,1,1,0,1,0,1,1,1,1,0,1,1,0,1,1,1,1,0,1,2,0,2,2,2,0,1,1,0
0,1,0,0,0,1,0,0,1,0,1,0,1,1,0,0,1,1,1,0,0,1,0,1,1,1,0,1,1,1,0,1,1,1,1,1,1,1,0,1,2,0,2,2,2,0,1,1,0
0,1,1,1,0,1,1,0,1,1,0,1,1,1,0,1,1,0,1,1,0,0,0,1,1,0,1,1,1,0,0,1,1,1,1,1,1,2,2,2,2,0,2,2,2,2,2,2,2
0,0,0,1,0,0,0,1,1,0,1,0,0,0,1,1,1,1,1,0,1,1,0,0,1,1,1,1,1,0,1,1,1,0,0,1,1,2,2,2,2,0,2,2,2,2,2,2,2
0,1,0,1,1,0,0,0,1,0,1,0,1,0,1,0,1,0,1,1,0,0,0,1,1,0,1,1,1,0,1,1,1,1,0,0,1,2,2,2,2,0,2,2,2,2,2,2,2
0,0,0,0,0,1,1,1,1,1,0,1,1,0,0,1,1,0,0,0,1,0,1,1,1,1,1,1,0,1,1,1,1,0,0,0,1,1,1,2,2,0,2,2,2,1,0,1,0
0,1,1,1,1,1,0,1,1,0,0,0,1,1,0,1,1,1,0,1,1,1,1,1,1,1,1,0,1,1,1,0,1,1,0,0,1,0,1,0,1,0,2,2,2,1,0,0,1
0,0,1,1,1,1,0,1,1,0,0,1,0,0,0,1,1,1,0,0,1,0,1,1,1,1,1,1,0,1,0,0,1,1,1,1,1,2,2,2,2,0,2,2,2,2,2,2,2
0,1,0,1,1,0,0,1,1,1,1,1,1,1,1,1,1,1,1,0,0,1,1,1,1,1,0,1,1,1,0,1,1,1,1,1,1,0,2,2,2,0,2,2,2,0,0,0,0
0,0,0,0,0,0,1,1,1,1,0,0,0,0,0,0,1,1,0,0,1,1,1,1,1,1,0,0,1,1,1,0,1,0,1,1,1,2,2,2,2,0,2,2,2,2,2,2,2
0,0,1,1,1,1,1,1,1,1,1,1,1,0,0,0,1,1,0,1,1,1,0,1,1,1,1,1,1,0,0,0,1,1,1,1,1,1,1,0,1,0,2,2,2,1,0,1,1
0,0,1,1,0,1,0,1,1,0,0,1,1,1,0,1,1,0,1,0,1,1,0,0,1,1,0,0,1,0,1,1,1,1,1,1,1,1,1,1,1,0,2,2,2,1,1,1,0
0,0,1,0,1,1,1,1,1,0,0,0,1,1,1,1,1,0,0,0,1,1,0,1,1,1,1,0,0,1,0,1,1,1,0,0,1,2,2,2,2,0,2,2,2,2,2,2,2
0,1,0,0,1,1,1,1,1,0,0,1,1,0,1,1,1,0,1,1,0,1,0,1,1,1,0,1,0,0,1,1,1,1,0,0,1,2,2,2,2,0,2,2,2,2,2,2,2
0,0,0,0,1,1,1,1,1,0,0,0,1,0,1,1,1,0,0,1,1,0,1,0,1,0,1,0,1,1,1,1,1,1,1,0,1,1,1,1,2,0,2,2,2,1,1,1,0
0,1,0,1,1,1,1,1,1,0,0,0,1,0,1,1,1,1,0,0,0,1,0,1,1,0,0,0,0,0,1,0,1,0,0,1,1,2,2,2,2,0,2,2,2,2,2,2,2
0,0,0,0,0,0,0,1,1,1,0,0,0,1,0,1,1,0,0,1,1,0,0,1,1,0,0,0,1,1,0,1,1,0,1,0,1,2,2,2,2,0,2,2,2,2,2,2,2
0,1,0,1,0,0,0,1,1,0,1,1,1,1,1,1,1,1,1,0,0,1,1,0,1,1,0,0,0,1,0,1,1,1,1,0,1,1,0,1,2,0,2,2,2,0,1,1,0
0,0,0,0,1,0,0,1,1,1,0,0,0,1,1,1,1,1,0,0,0,0,0,0,1,0,0,1,1,1,1,1,1,0,1,0,1,1,0,1,2,0,2,2,2,0,1,1,0
0,1,1,1,1,1,1,1,1,0,0,1,0,0,1,1,1,0,0,0,0,0,0,0,1,1,1,0,0,0,0,0,1,1,1,1,1,0,1,1,2,0,2,2,2,1,0,0,0
0,0,1,1,1,0,0,0,1,0,0,0,1,0,1,1,1,0,1,1,1,1,0,0,1,1,0,0,0,1,1,1,1,0,1,1,1,2,2,2,2,0,2,2,2,2,2,2,2
0,1,1,1,1,1,0,1,1,1,0,0,1,0,0,1,1,1,0,0,0,1,0,1,1,0,1,0,1,1,1,1,1,1,0,0,1,2,2,2,2,0,2,2,2,2,2,2,2
0,0,0,0,1,1,0,1,1,1,1,1,1,0,1,1,1,0,1,1,1,1,0,1,1,0,0,1,1,0,1,1,1,1,0,1,1,1,1,2,2,0,2,2,2,1,0,1,0
0,0,0,1,0,1,0,1,1,0,1,0,0,1,0,0,1,0,0,1,0,1,0,0,1,1,1,1,0,0,1,1,1,1,1,1,1,0,1,2,2,0,2,2,2,0,0,0,0
0,1,1,1,1,0,1,1,1,1,1,1,0,1,1,1,1,1,0,0,0,0,0,1,1,0,1,1,0,0,0,1,1,0,0,1,1,2,2,2,2,0,2,2,2,2,2,2,2
0,0,1,0,0,0,1,0,1,0,1,0,0,1,0,0,1,1,1,0,0,0,1,1,1,0,1,0,0,1,1,1,1,0,1,1,1,0,1,1,2,0,2,2,2,1,1,0,0
0,1,0,0,0,1,1,0,1,1,0,1,0,1,0,1,1,1,1,0,1,0,0,1,1,0,0,0,1,0,1,1,1,1,1,0,1,2,2,2,2,0,2,2,2,2,2,2,2
0,1,0,1,1,0,0,1,1,0,0,0,1,1,0,1,1,1,0,1,0,1,1,0,1,0,1,1,1,1,0,1,1,1,1,0,1,0,1,2,2,0,2,2,2,1,0,0,0
0,0,0,0,0,1,1,0,1,0,1,0,0,1,1,1,1,0,0,1,1,0,1,0,1,1,1,1,1,1,1,1,1,0,1,0,1,0,1,1,2,0,2,2,2,1,1,0,0
0,0,0,0,1,1,1,0,1,0,1,0,1,1,1,1,1,1,0,1,1,1,1,1,1,0,1,1,1,1,0,1,1,1,0,1,1,0,0,1,1,0,2,2,2,0,1,0,1
0,1,0,0,0,1,1,1,1,1,0,1,0,0,1,1,1,0,0,1,0,1,1,0,1,1,0,0,1,0,0,1,1,1,0,1,1,2,2,2,2,0,2,2,2,2,2,2,2
0,1,0,1,1,0,1,1,1,0,1,1,1,1,0,1,1,1,0,0,0,1,1,0,1,1,1,0,0,0,1,1,1,0,0,1,1,1,0,1,2,0,2,2,2,0,1,1,0
0,0,0,1,0,0,1,1,1,0,0,0,1,0,0,1,1,0,0,1,0,0,1,1,1,0,1,1,1,0,1,1,1,0,0,1,1,0,0,1,2,0,2,2,2,0,0,0,0
0,1,0,1,1,0,0,1,1,1,1,0,1,0,1,0,1,1,1,0,1,0,1,1,1,1,1,0,1,1,0,0,1,0,1,0,1,2,2,2,2,0,2,2,2,2,2,2,2
0,1,0,0,1,1,0,1,1,0,0,0,0,0,1,1,1,0,1,0,0,0,0,1,1,1,0,1,1,1,1,0,1,1,1,0,1,0,1,0,1,0,2,2,2,1,0,0,1
0,1,1,0,0,1,0,0,1,1,0,1,0,0,1,1,1,0,1,1,0,0,1,1,1,1,0,1,1,1,1,0,1,1,1,1,1,2,2,2,2,0,2,2,2,2,2,2,2
0,1,1,0,1,0,1,1,1,1,1,1,0,1,1,1,1,0,0,0,0,1,1,0,1,0,0,1,1,0,1,1,1,1,0,0,1,2,2,2,2,0,2,2,2,2,2,2,2
0,0,1,1,0,1,1,1,1,0,0,1,0,1,1,0,1,1,1,1,1,0,0,1,1,1,1,1,0,1,0,1,1,1,0,1,1,1,0,0,1,0,2,2,2,0,0,1,1
0,0,1,1,0,0,0,1,1,0,1,1,1,1,0,0,1,0,1,1,0,0,1,1,1,1,1,1,0,0,0,0,1,1,0,1,1,2,2,2,2,0,2,2,2,2,2,2,2
0,0,0,1,0,1,0,1,1,0,1,1,1,1,0,0,1,0,0,1,1,0,0,1,1,0,0,1,0,1,0,1,1,1,1,1,1,2,2,2,2,0,2,2,2,2,2,2,2
0,0,1,1,0,0,0,0,1,0,0,0,1,1,1,0,1,0,1,0,1,0,1,1,1,1,0,1,1,0,1,1,1,0,1,1,1,0,1,2,2,0,2,2,2,1,0,0,0
0,1,1,1,1,1,1,0,1,0,0,0,1,0,1,0,1,1,0,0,1,0,1,1,1,0,0,0,0,0,1,0,1,1,1,1,1,2,2,2,2,0,2,2,2,2,2,2,2
0,0,0,0,1,1,1,0,1,0,1,1,0,1,0,1,1,0,1,1,1,0,0,1,1,0,1,1,1,1,1,0,1,1,0,1,1,0,0,0,1,0,2,2,2,0,0,0,1
0,1,1,1,1,0,0,1,1,0,0,0,0,0,0,1,1,1,0,1,0,1,1,1,1,1,0,0,1,0,1,0,1,1,0,1,1,0,1,1,1,0,2,2,2,1,1,0,0
0,0,1,0,1,1,0,1,1,1,0,1,0,0,1,1,1,1,0,0,0,0,1,1,1,1,0,1,0,1,1,1,1,0,1,1,1,0,1,1,1,0,2,2,2,1,1,0,1
0,1,0,0,1,1,1,1,1,0,0,0,1,0,1,0,1,1,1,1,1,1,0,0,1,0,0,1,0,0,0,1,1,1,1,1,1,1,0,1,1,0,2,2,2,0,1,1,0
0,1,0,1,0,0,0,0,1,0,0,0,1,0,0,0,1,1,1,0,0,1,1,1,1,1,0,1,0,0,0,0,1,1,0,0,1,2,2,2,2,0,2,2,2,2,2,2,2
0,1,0,1,1,1,1,0,1,1,1,0,1,1,0,0,1,1,0,0,0,1,0,1,1,0,0,1,0,1,1,0,1,0,1,1,1,0,0,1,2,0,2,2,2,0,1,0,0
0,0,0,1,0,1,1,0,1,1,1,1,1,0,1,0,1,0,1,1,1,0,0,1,1,1,0,1,1,1,1,0,1,0,0,1,1,2,2,2,2,0,2,2,2,2,2,2,2
0,0,1,1,1,1,1,0,1,0,0,0,0,0,0,1,1,1,0,1,1,1,0,0,1,0,0,1,1,0,1,1,1,1,0,0,1,2,2,2,2,0,2,2,2,2,2,2,2
0,1,1,0,1,0,0,1,1,0,0,1,0,0,0,0,1,1,0,0,0,1,0,0,1,0,0,1,0,0,1,1,1,1,1,0,1,0,0,0,1,0,2,2,2,0,0,0,1
0,1,1,0,0,1,1,0,1,0,0,0,1,0,1,0,1,0,0,1,1,1,0,0,1,1,1,0,0,1,1,1,1,1,0,0,1,2,2,2,2,0,2,2,2,2,2,2,2
0,0,1,1,1,0,1,1,1,1,1,0,1,1,1,0,1,0,0,1,1,0,0,1,1,1,0,1,1,1,0,1,1,0,1,0,1,2,2,2,2,0,2,2,2,2,2,2,2
0,1,0,1,1,1,0,1,1,0,1,1,0,1,1,1,1,0,1,1,1,1,0,1,1,0,1,0,1,0,0,1,1,0,0,0,1,2,2,2,2,0,2,2,2,2,2,2,2
0,0,0,1,0,1,1,0,1,0,0,1,0,1,1,1,1,0,0,0,0,0,1,1,1,1,1,0,1,1,0,1,1,1,1,0,1,2,2,2,2,0,2,2,2,2,2,2,2
0,0,1,0,0,1,0,0,1,1,0,0,1,0,1,0,1,1,0,1,0,0,0,1,1,1,0,1,1,0,0,1,1,1,0,0,1,2,2,2,2,0,2,2,2,2,2,2,2
0,0,0,0,0,0,0,1,1,1,1,0,1,1,1,0,1,1,1,0,1,0,0,1,1,1,0,1,1,1,0,1,1,0,1,1,1,2,2,2,2,0,2,2,2,2,2,2,2
0,1,1,0,0,1,1,0,1,0,0,0,1,0,0,1,1,1,1,0,1,0,0,1,1,0,1,0,0,1,1,0,1,1,1,1,1,0,1,1,1,0,2,2,2,1,1,0,1
0,1,1,1,1,0,1,0,1,0,1,1,1,0,0,1,1,0,0,0,0,0,1,0,1,0,0,1,1,1,1,1,1,1,1,1,1,1,0,0,1,0,2,2,2,0,0,1,1
0,1,0,1,1,0,1,0,1,0,0,1,0,1,1,1,1,1,1,1,0,0,1,0,1,1,0,0,1,1,0,1,1,1,0,1,1,1,0,1,1,0,2,2,2,0,1,1,0
0,1,1,1,1,1,0,1,1,0,0,0,1,0,1,1,1,1,0,0,0,0,0,0,1,1,1,1,1,1,1,0,1,0,0,1,1,2,2,2,2,0,2,2,2,2,2,2,2
0,1,0,0,1,1,0,1,1,1,1,0,0,1,0,1,1,0,1,1,0,0,1,0,1,1,1,0,1,1,1,1,1,0,1,0,1,2,2,2,2,0,2,2,2,2,2,2,2
0,1,0,0,0,1,1,0,1,1,0,0,0,0,1,1,1,0,0,1,0,0,1,1,1,1,0,1,1,0,1,1,1,1,1,1,1,2,2,2,2,0,2,2,2,2,2,2,2
0,0,0,1,0,1,1,0,1,0,1,0,1,0,1,1,1,1,1,1,1,0,1,1,1,0,0,0,1,0,1,1,1,0,1,1,1,0,1,1,2,0,2,2,2,1,1,0,0
0,0,1,1,0,0,0,1,1,0,0,0,0,0,1,0,1,1,0,1,1,1,1,1,1,1,1,1,0,1,1,1,1,0,1,1,1,2,2,2,2,0,2,2,2,2,2,2,2
0,1,1,0,0,1,1,1,1,0,0,1,1,1,0,1,1,0,0,1,1,1,1,1,1,0,0,1,0,1,1,1,1,0,1,0,1,2,2,2,2,0,2,2,2,2,2,2,2
0,1,1,1,1,1,1,1,1,1,1,1,0,1,0,1,1,0,1,1,0,1,0,0,1,1,0,0,1,0,1,1,1,0,1,0,1,1,1,0,1,0,2,2,2,1,0,1,1
0,0,1,0,1,0,0,1,1,1,0,0,0,0,0,1,1,0,1,0,1,0,0,1,1,0,1,1,1,0,1,1,1,1,1,0,1,0,0,1,1,0,2,2,2,0,1,0,1
0,1,0,0,0,1,1,1,1,1,1,0,0,1,0,1,1,0,0,0,1,0,1,1,1,1,0,1,1,0,0,1,1,0,0,0,1,2,2,2,2,0,2,2,2,2,2,2,2
0,0,1,1,1,1,1,1,1,0,0,1,0,1,1,1,1,1,1,1,1,0,1,1,1,1,0,1,0,1,0,1,1,0,0,1,1,2,2,2,2,0,2,2,2,2,2,2,2
0,0,0,0,1,1,1,1,1,1,0,0,1,1,1,1,1,1,0,1,1,0,1,0,1,1,1,0,0,1,0,1,1,1,0,1,1,0,1,2,2,0,2,2,2,1,0,0,0
0,0,0,0,1,0,0,1,1,0,0,0,0,1,0,1,1,1,1,0,0,0,1,1,1,1,0,1,0,0,1,1,1,0,0,0,1,2,2,2,2,0,2,2,2,2,2,2,2
0,0,0,0,0,1,1,1,1,0,1,1,1,0,0,1,1,0,0,0,0,0,1,1,1,1,1,1,0,0,1,1,1,0,1,0,1,2,2,2,2,0,2,2,2,2,2,2,2
0,0,1,0,0,1,1,1,1,0,0,0,1,0,1,1,1,0,0,1,0,1,0,0,1,0,1,0,0,1,1,1,1,1,1,1,1,2,2,2,2,0,2,2,2,2,2,2,2
0,0,0,0,1,1,1,1,1,1,1,0,1,0,0,1,1,1,0,1,1,0,0,0,1,0,1,1,1,1,0,0,1,0,0,0,1,2,2,2,2,0,2,2,2,2,2,2,2
0,0,0,0,0,0,1,1,1,0,0,1,0,1,0,0,1,1,0,0,0,0,1,0,1,0,0,0,1,1,1,0,1,1,1,1,1,2,2,2,2,0,2,2,2,2,2,2,2
0,1,0,1,0,0,1,1,1,1,1,0,1,1,1,0,1,1,1,0,1,0,1,1,1,1,0,0,0,0,1,0,1,1,1,1,1,1,0,1,2,0,2,2,2,0,1,1,0
0,0,1,1,0,1,1,1,1,0,1,0,0,0,0,1,1,0,0,0,0,0,1,1,1,0,0,1,1,1,0,0,1,0,1,1,1,2,2,2,2,0,2,2,2,2,2,2,2
0,1,0,1,0,1,1,1,1,0,0,0,1,0,1,1,1,1,1,1,0,0,1,1,1,1,0,1,1,0,1,0,1,1,0,1,1,1,1,2,2,0,2,2,2,1,0,1,0
0,1,1,1,0,1,0,0,1,1,1,1,0,1,1,1,1,1,1,0,1,0,1,1,1,0,0,0,1,0,1,1,1,0,0,0,1,2,2,2,2,0,2,2,2,2,2,2,2
0,0,1,1,0,0,0,0,1,0,0,1,0,1,1,1,1,1,0,0,0,1,1,1,1,1,1,0,0,0,0,0,1,0,1,0,1,1,0,0,1,0,2,2,2,0,0,1,1
0,0,1,0,0,1,1,1,1,0,0,0,1,0,0,0,1,0,0,1,1,0,0,1,1,0,1,0,0,1,1,1,1,0,0,1,1,0,1,0,1,0,2,2,2,1,0,0,1
0,0,0,1,1,0,0,0,1,1,1,1,1,0,0,0,1,0,0,1,0,1,1,1,1,0,1,0,0,0,0,0,1,0,0,1,1,0,0,1,1,0,2,2,2,0,1,0,0
0,1,0,1,0,1,0,0,1,0,1,1,0,1,1,0,1,1,1,0,1,0,0,1,1,1,0,0,0,0,0,0,1,1,0,1,1,1,0,1,1,0,2,2,2,0,0,1,0
0,1,0,1,1,1,1,0,1,1,1,0,1,1,1,0,1,0,1,1,0,0,0,1,1,1,0,1,0,1,1,1,1,0,1,0,1,2,2,2,2,0,2,2,2,2,2,2,2
0,0,0,1,0,0,1,1,1,0,1,0,0,1,1,1,1,0,0,1,0,0,0,1,1,1,1,0,0,1,0,0,1,0,1,1,1,2,2,2,2,0,2,2,2,2,2,2,2
0,1,0,1,0,1,1,0,1,0,0,1,1,0,1,0,1,1,1,0,0,0,1,0,1,1,0,0,0,1,0,1,1,0,1,1,1,1,0,0,1,0,2,2,2,0,0,1,1
0,0,1,1,1,1,1,0,1,0,1,1,0,1,1,1,1,1,1,1,0,1,0,1,1,1,0,0,0,1,1,1,1,1,1,1,1,0,0,0,1,0,2,2,2,0,0,0,1
0,1,1,0,0,1,1,1,1,0,1,0,0,1,1,1,1,1,0,0,1,0,1,1,1,0,0,0,0,1,1,1,1,0,0,1,1,1,0,0,1,0,2,2,2,0,0,1,1
0,1,0,1,1,0,0,1,1,1,1,1,0,1,0,1,1,1,0,1,1,1,1,1,1,1,0,1,1,0,1,1,1,0,1,1,1,2,2,2,2,0,2,2,2,2,2,2,2
0,0,1,1,0,1,0,0,1,1,1,1,0,0,0,0,1,0,1,0,1,0,0,1,1,0,1,1,1,0,0,1,1,1,1,0,1,2,2,2,2,0,2,2,2,2,2,2,2
0,1,0,1,0,0,1,0,1,1,1,0,0,1,1,1,1,0,1,0,0,0,1,1,1,0,0,1,1,0,1,1,1,1,0,1,1,2,2,2,2,0,2,2,2,2,2,2,2
0,0,0,0,0,1,1,0,1,0,0,1,1,0,1,1,1,1,0,0,1,1,1,0,1,1,0,1,1,1,1,1,1,1,1,1,1,1,1,1,2,0,2,2,2,1,1,1,0
0,0,1,0,0,0,0,0,1,0,0,1,1,1,1,1,1,1,0,1,1,1,0,0,1,0,1,0,1,1,0,0,1,0,0,0,1,2,2,2,2,0,2,2,2,2,2,2,2
0,0,0,1,1,0,0,0,1,0,0,1,1,1,0,1,1,0,0,0,0,0,0,1,1,1,0,0,1,1,0,1,1,1,1,1,1,2,2,2,2,0,2,2,2,2,2,2,2
0,0,0,0,1,0,1,0,1,0,0,0,1,0,0,0,1,1,1,0,0,0,1,0,1,1,1,1,1,0,0,1,1,1,1,1,1,0,1,1,2,0,2,2,2,1,1,0,0
0,0,0,0,1,1,1,0,1,1,1,0,1,0,1,1,1,1,1,1,1,1,1,0,1,1,0,1,1,1,1,0,1,1,0,0,1,2,2,2,2,0,2,2,2,2,2,2,2
0,1,1,0,1,1,1,0,1,1,1,1,1,0,0,0,1,1,0,0,0,1,1,0,1,0,1,1,0,1,0,0,1,1,0,1,1,2,2,2,2,0,2,2,2,2,2,2,2
0,1,1,0,1,1,1,1,1,1,0,1,0,0,0,1,1,1,0,1,1,0,1,0,1,0,1,0,1,1,0,0,1,1,1,1,1,2,2,2,2,0,2,2,2,2,2,2,2
0,0,1,0,1,0,0,1,1,1,0,1,1,1,1,1,1,1,1,1,0,1,0,1,1,1,0,1,1,1,0,1,1,1,1,1,1,2,2,2,2,0,2,2,2,2,2,2,2
0,1,1,0,1,0,1,1,1,1,0,0,1,0,1,1,1,0,1,0,0,1,0,1,1,0,1,0,1,1,0,1,1,1,0,1,1,2,2,2,2,0,2,2,2,2,2,2,2
0,1,0,1,1,1,1,1,1,0,1,0,0,1,1,1,1,0,1,1,0,1,0,1,1,0,1,1,0,0,1,1,1,1,1,1,1,0,0,0,1,0,2,2,2,0,0,0,1
0,1,1,1,0,1,1,1,1,1,0,1,0,0,0,1,1,0,1,1,1,0,1,1,1,0,1,0,0,1,0,0,1,0,1,1,1,2,2,2,2,0,2,2,2,2,2,2,2
0,1,1,1,0,0,1,0,1,0,1,0,0,0,1,1,1,0,0,1,1,0,1,1,1,1,0,1,1,0,1,1,1,0,1,1,1,2,2,2,2,0,2,2,2,2,2,2,2
0,1,0,1,1,0,0,0,1,1,1,0,1,1,1,1,1,1,0,1,1,0,1,1,1,0,1,1,0,0,1,1,1,1,0,0,1,2,2,2,2,0,2,2,2,2,2,2,2
0,1,1,0,1,0,0,1,1,0,0,0,1,1,1,1,1,1,1,1,0,0,1,0,1,0,0,1,1,0,0,1,1,1,1,1,1,2,2,2,2,0,2,2,2,2,2,2,2
0,1,1,1,1,0,0,1,1,0,0,0,0,1,0,1,1,1,1,0,1,1,0,1,1,0,0,1,1,0,1,1,1,1,1,1,1,0,1,1,1,0,2,2,2,1,1,0,1
0,0,0,0,0,0,1,1,1,1,0,1,0,0,1,1,1,0,1,1,1,0,1,1,1,1,1,1,0,1,0,0,1,1,1,1,1,2,2,2,2,0,2,2,2,2,2,2,2
0,0,0,1,0,0,1,1,1,1,1,0,0,1,1,0,1,0,0,0,0,0,1,0,1,0,0,1,0,1,1,0,1,0,1,1,1,0,1,0,1,0,2,2,2,1,0,0,1
0,0,0,1,1,1,0,1,1,1,0,1,0,1,1,0,1,0,0,1,0,1,1,0,1,1,1,1,1,1,1,0,1,1,1,1,1,0,1,0,1,0,2,2,2,1,0,0,1
0,0,1,1,1,0,1,0,1,0,0,1,0,0,1,0,1,1,0,0,1,1,1,0,1,0,1,1,1,0,0,1,1,0,0,1,1,0,0,1,1,0,2,2,2,0,1,0,0
0,0,1,1,1,0,1,0,1,0,0,1,1,1,0,1,1,0,0,1,0,1,0,1,1,1,0,1,1,0,0,1,1,0,1,0,1,2,2,2,2,0,2,2,2,2,2,2,2
0,1,1,1,0,1,1,0,1,1,1,1,1,1,0,1,1,1,1,0,1,0,0,1,1,0,1,0,1,1,1,1,1,1,1,0,1,1,1,1,1,0,2,2,2,1,1,1,1
0,0,1,1,0,1,0,1,1,1,0,1,0,0,1,1,1,1,1,0,1,1,0,1,1,0,1,1,1,1,0,1,1,1,0,0,1,2,2,2,2,0,2,2,2,2,2,2,2
0,0,0,0,1,0,0,1,1,1,0,0,0,1,0,1,1,0,1,0,1,1,0,1,1,1,1,0,1,1,0,1,1,0,1,0,1,2,2,2,2,0,2,2,2,2,2,2,2
0,1,0,0,0,1,1,1,1,1,1,1,1,1,1,0,1,1,0,0,1,1,0,1,1,1,0,1,1,1,0,1,1,0,0,1,1,2,2,2,2,0,2,2,2,2,2,2,2
0,0,1,0,0,0,0,1,1,0,0,0,0,1,1,1,1,1,1,1,1,1,1,1,1,1,1,1,1,0,1,1,1,1,0,1,1,0,1,1,1,0,2,2,2,1,1,0,1
0,1,1,1,0,1,0,1,1,1,0,0,0,1,1,1,1,0,1,1,1,0,1,1,1,0,0,0,1,1,1,1,1,1,0,1,1,0,0,1,1,0,2,2,2,0,1,0,0
0,0,0,0,1,1,0,1,1,0,1,0,0,0,0,1,1,1,1,1,1,0,1,0,1,1,0,1,1,1,1,1,1,1,1,1,1,0,0,1,1,0,2,2,2,0,1,0,1
0,0,1,1,1,1,0,1,1,1,0,1,0,0,0,1,1,0,0,1,1,1,0,1,1,0,0,1,0,1,0,1,1,1,1,0,1,2,2,2,2,0,2,2,2,2,2,2,2
0,0,0,0,1,0,0,1,1,0,1,0,0,1,1,1,1,1,1,1,0,1,0,1,1,1,1,1,0,1,1,1,1,1,1,0,1,1,1,1,2,0,2,2,2,1,1,1,0
0,1,0,1,1,0,0,1,1,0,0,1,0,0,0,1,1,0,1,0,0,0,1,1,1,1,1,0,1,1,1,1,1,0,1,1,1,2,2,2,2,0,2,2,2,2,2,2,2
0,1,1,1,1,0,0,1,1,0,0,0,0,0,1,0,1,0,1,0,0,1,1,1,1,0,0,0,1,0,0,1,1,1,1,1,1,2,2,2,2,0,2,2,2,2,2,2,2
0,1,0,0,1,1,0,1,1,1,1,1,1,1,0,1,1,1,0,0,0,1,1,1,1,1,1,1,0,1,1,1,1,1,1,1,1,1,1,2,2,0,2,2,2,1,0,1,0
0,0,1,1,0,0,0,0,1,1,1,0,0,1,0,1,1,0,0,1,1,0,0,1,1,1,1,0,0,0,0,0,1,0,1,1,1,0,0,1,2,0,2,2,2,0,1,0,0
0,1,0,0,1,1,1,1,1,0,1,1,1,0,1,0,1,1,1,0,1,1,1,1,1,0,0,1,1,0,1,1,1,0,1,1,1,0,0,1,1,0,2,2,2,0,1,0,1
0,1,0,1,1,0,0,0,1,1,0,1,1,0,1,1,1,0,0,1,0,0,0,1,1,0,1,0,0,1,1,1,1,0,0,0,1,2,2,2,2,0,2,2,2,2,2,2,2
0,1,1,1,1,0,1,0,1,0,0,1,1,0,0,1,1,1,0,1,1,1,1,1,1,0,0,1,0,0,0,1,1,1,1,0,1,2,2,2,2,0,2,2,2,2,2,2,2
0,1,0,1,0,1,1,0,1,0,1,1,1,0,1,1,1,0,0,1,1,0,1,0,1,1,1,1,1,1,0,1,1,1,1,0,1,1,1,1,2,0,2,2,2,1,1,1,0
0,0,1,1,0,1,1,0,1,0,0,0,0,0,0,0,1,1,1,0,0,1,0,1,1,1,0,0,1,1,1,1,1,1,1,1,1,1,1,1,2,0,2,2,2,1,1,1,0
0,1,0,1,0,1,1,1,1,0,1,0,1,0,1,0,1,1,0,0,1,0,0,1,1,1,0,0,0,1,1,1,1,1,1,1,1,1,0,1,2,0,2,2,2,0,1,1,0
0,1,1,0,1,0,0,1,1,1,1,1,0,1,1,0,1,1,0,1,0,1,0,1,1,0,0,0,0,1,0,1,1,0,1,1,1,1,0,1,2,0,2,2,2,0,1,1,0
0,0,1,0,1,1,0,1,1,0,0,1,1,1,1,0,1,0,0,1,1,0,1,1,1,1,1,0,0,1,1,1,1,1,0,0,1,2,2,2,2,0,2,2,2,2,2,2,2
0,0,0,0,0,0,0,0,1,1,1,0,1,0,1,1,1,0,1,0,1,0,0,1,1,1,0,0,1,1,1,1,1,0,1,0,1,0,2,2,2,0,2,2,2,0,0,0,0
0,1,1,0,1,1,1,0,1,0,0,0,1,1,0,1,1,1,0,1,1,1,0,1,1,0,0,0,0,1,0,1,1,0,1,1,1,2,2,2,2,0,2,2,2,2,2,2,2
0,1,1,0,1,1,1,0,1,1,1,1,0,1,0,0,1,0,0,0,0,0,0,1,1,0,0,0,1,0,0,1,1,1,1,0,1,2,2,2,2,0,2,2,2,2,2,2,2
0,0,1,1,0,1,0,1,1,0,1,0,0,1,1,0,1,0,1,0,0,0,1,1,1,0,0,1,1,1,0,1,1,0,1,1,1,2,2,2,2,0,2,2,2,2,2,2,2
0,0,1,1,1,0,1,1,1,0,1,0,1,0,1,1,1,1,1,1,0,0,0,1,1,1,1,0,0,0,0,1,1,0,0,0,1,2,2,2,2,0,2,2,2,2,2,2,2
0,0,0,1,0,0,0,0,1,1,0,0,0,0,0,1,1,0,0,0,0,1,0,1,1,1,1,0,0,0,0,1,1,0,1,1,1,1,0,1,2,0,2,2,2,0,1,1,0
0,0,1,1,1,1,1,1,1,0,0,0,1,1,0,1,1,1,0,0,0,0,1,0,1,0,1,0,0,0,0,1,1,1,0,0,1,2,2,2,2,0,2,2,2,2,2,2,2
0,1,0,0,1,1,0,1,1,0,0,1,1,1,1,1,1,0,0,1,0,0,0,1,1,0,0,1,0,0,1,1,1,0,1,1,1,0,1,1,1,0,2,2,2,1,1,0,1
0,0,0,1,1,1,0,1,1,1,0,1,0,1,0,0,1,1,1,1,1,0,1,1,1,0,1,0,1,1,1,1,1,0,0,1,1,1,1,0,1,0,2,2,2,1,0,1,1
0,1,1,1,0,0,1,1,1,0,1,1,1,0,0,1,1,0,1,1,0,1,1,1,1,1,1,1,0,1,1,0,1,0,0,1,1,0,1,0,1,0,2,2,2,1,0,0,1
0,0,0,1,1,1,1,1,1,0,1,0,1,0,1,1,1,0,1,0,1,1,1,1,1,0,0,1,1,0,1,0,1,0,1,1,1,2,2,2,2,0,2,2,2,2,2,2,2
0,0,1,1,1,1,1,1,1,1,0,0,1,0,1,1,1,0,1,0,1,0,0,0,1,1,1,0,1,0,0,1,1,1,0,1,1,0,0,0,1,0,2,2,2,0,0,0,1
0,1,1,1,0,1,1,1,1,0,1,1,1,1,1,1,1,0,0,1,1,1,0,0,1,1,1,0,0,0,1,1,1,1,1,1,1,0,0,0,1,0,2,2,2,0,0,0,0
0,1,0,1,0,1,1,1,1,1,0,1,0,0,0,1,1,0,1,0,0,0,1,1,1,0,1,0,1,0,1,1,1,0,1,1,1,1,0,0,1,0,2,2,2,0,0,1,1
0,1,0,1,1,0,1,1,1,1,1,1,1,0,0,1,1,1,0,0,1,0,0,0,1,1,0,0,0,1,1,1,1,0,0,1,1,2,2,2,2,0,2,2,2,2,2,2,2
0,1,1,0,1,1,1,0,1,1,1,1,0,1,0,1,1,0,0,0,0,0,0,0,1,0,0,1,0,1,0,1,1,1,1,0,1,2,2,2,2,0,2,2,2,2,2,2,2
0,0,0,1,1,0,1,0,1,1,1,0,1,1,1,1,1,0,0,1,1,1,1,1,1,1,1,0,0,0,0,0,1,1,1,1,1,2,2,2,2,0,2,2,2,2,2,2,2
0,1,0,0,0,1,0,1,1,0,0,1,0,1,0,1,1,1,0,1,0,0,1,1,1,0,1,1,0,0,1,1,1,1,1,1,1,0,1,2,2,0,2,2,2,1,0,0,0
0,1,1,0,0,1,1,1,1,0,0,1,1,1,1,1,1,0,0,0,0,0,1,1,1,1,0,1,1,0,1,1,1,0,0,1,1,2,2,2,2,0,2,2,2,2,2,2,2
0,1,1,0,0,1,1,1,1,1,0,0,1,0,0,1,1,0,1,0,1,0,1,1,1,0,0,0,0,0,1,1,1,1,1,1,1,2,2,2,2,0,2,2,2,2,2,2,2
0,1,0,1,0,0,1,1,1,1,0,1,1,0,1,1,1,1,1,0,1,1,0,0,1,0,1,1,1,0,1,0,1,1,0,1,1,1,1,0,1,0,2,2,2,1,0,1,1
0,1,1,1,1,1,1,1,1,0,1,1,1,0,1,1,1,1,1,1,1,1,0,0,1,1,1,0,1,0,1,1,1,1,1,1,1,0,1,1,1,0,2,2,2,1,1,0,0
0,1,1,0,0,0,0,1,1,1,1,1,0,0,1,0,1,1,1,1,0,1,0,1,1,1,1,1,1,0,0,0,1,1,0,1,1,1,1,1,1,0,2,2,2,0,0,1,0
0,1,0,0,0,0,0,1,1,1,0,0,1,0,1,1,1,1,0,0,1,0,0,1,1,1,0,0,0,1,1,0,1,0,0,1,1,1,1,1,1,0,2,2,2,1,1,1,1
0,1,0,1,1,1,0,0,1,0,0,0,1,0,1,1,1,1,1,1,1,0,0,0,1,0,1,0,1,1,1,0,1,0,1,0,1,2,2,2,2,0,2,2,2,2,2,2,2
0,0,1,1,0,1,1,1,1,0,1,0,0,0,1,0,1,1,0,0,1,0,0,1,1,1,1,1,0,1,1,0,1,1,0,1,1,2,2,2,2,0,2,2,2,2,2,2,2
0,1,1,1,0,0,0,1,1,0,1,0,0,0,1,1,1,0,0,0,1,0,1,0,1,0,1,1,1,0,1,1,1,1,1,1,1,2,2,2,2,0,2,2,2,2,2,2,2
0,0,1,0,0,1,1,1,1,0,0,1,0,0,1,0,1,0,1,1,1,1,0,0,1,0,0,0,0,1,1,1,1,0,1,1,1,0,0,0,1,0,2,2,2,0,0,0,1
0,1,1,1,1,0,1,1,1,1,0,0,0,0,0,1,1,0,1,1,0,1,1,0,1,1,1,0,1,0,0,0,1,0,0,1,1,0,0,1,1,0,2,2,2,0,1,0,0
0,1,1,1,1,0,0,0,1,1,0,0,1,1,1,1,1,1,1,0,0,0,0,0,1,0,1,1,0,0,0,0,1,0,1,1,1,1,0,1,1,0,2,2,2,0,0,1,0
0,0,0,0,0,0,1,1,1,1,0,1,0,0,0,0,1,0,1,1,0,0,0,1,1,0,0,1,0,0,0,1,1,1,1,1,1,0,0,1,1,0,2,2,2,0,0,0,0
0,0,0,1,1,1,1,1,1,0,1,1,0,0,0,0,1,0,0,1,1,0,0,1,1,1,1,1,1,0,0,1,1,1,1,1,1,0,1,1,1,0,2,2,2,1,1,0,1
0,1,1,0,1,0,1,1,1,1,1,1,0,1,1,1,1,0,0,0,1,0,0,1,1,0,0,1,0,1,1,1,1,1,1,1,1,1,0,1,1,0,2,2,2,0,1,1,1
0,1,0,1,0,1,1,1,1,0,0,1,1,1,1,1,1,1,0,0,1,0,0,0,1,0,0,0,0,1,1,1,1,1,1,1,1,0,0,1,1,0,2,2,2,0,0,0,0
0,0,1,0,1,0,1,1,1,0,0,0,0,0,1,1,1,0,0,1,1,1,0,0,1,1,1,0,1,1,1,1,1,1,1,1,1,0,1,0,1,0,2,2,2,1,0,0,1
0,0,0,0,0,0,0,1,1,0,1,0,1,1,1,1,1,0,1,1,0,1,0,0,1,1,0,1,0,1,0,1,1,0,1,1,1,2,2,2,2,0,2,2,2,2,2,2,2
0,0,1,1,1,1,0,1,1,1,1,1,0,0,1,1,1,0,0,0,0,1,1,0,1,0,0,1,0,0,1,1,1,0,0,1,1,2,2,2,2,0,2,2,2,2,2,2,2
0,0,1,1,0,1,0,1,1,1,0,0,0,1,1,1,1,1,1,0,1,1,0,1,1,1,0,0,1,0,1,1,1,1,0,0,1,2,2,2,2,0,2,2,2,2,2,2,2
0,1,0,0,0,0,0,1,1,0,0,0,1,0,1,0,1,0,0,0,1,1,1,0,1,0,0,1,1,0,1,1,1,0,0,1,1,2,2,2,2,0,2,2,2,2,2,2,2
0,0,1,1,1,1,1,1,1,0,0,0,0,0,0,1,1,1,1,0,0,1,1,0,1,0,0,0,0,0,0,1,1,0,1,1,1,0,0,0,1,0,2,2,2,0,0,0,1
0,1,0,0,0,0,0,1,1,1,1,1,1,0,0,1,1,1,0,1,1,1,0,1,1,0,1,0,0,1,0,1,1,0,0,1,1,0,1,1,1,0,2,2,2,1,1,0,0
0,1,1,1,1,0,0,1,1,1,1,1,1,0,1,1,1,1,1,1,1,1,1,1,1,1,1,0,0,1,0,1,1,1,0,1,1,1,0,1,1,0,2,2,2,0,1,1,0
0,1,1,0,0,0,0,1,1,0,0,0,1,1,0,1,1,0,1,0,0,0,0,1,1,0,0,0,1,1,0,1,1,1,1,0,1,2,2,2,2,0,2,2,2,2,2,2,2
0,1,1,0,1,0,0,0,1,0,0,0,0,1,0,1,1,0,0,1,0,1,1,1,1,1,1,1,0,1,1,1,1,1,1,0,1,0,0,0,1,0,2,2,2,0,0,0,1
0,0,0,1,1,1,0,0,1,0,1,0,0,1,0,1,1,1,1,0,1,1,1,1,1,0,0,1,1,0,1,1,1,1,1,1,1,0,0,0,1,0,2,2,2,0,0,0,0
0,0,0,0,0,0,0,1,1,1,1,0,1,1,0,1,1,0,0,0,0,0,1,0,1,0,1,1,0,0,0,1,1,0,0,1,1,1,0,0,1,0,2,2,2,0,0,1,0
0,0,0,1,0,0,0,1,1,1,1,1,0,0,0,0,1,0,0,0,1,1,1,0,1,1,1,0,1,1,1,0,1,1,1,1,1,1,1,0,1,0,2,2,2,1,0,1,0
0,1,0,0,0,0,1,1,1,0,0,0,1,0,1,0,1,1,1,0,1,0,1,1,1,1,1,0,1,1,1,0,1,0,0,1,1,2,2,2,2,0,2,2,2,2,2,2,2
0,0,0,1,0,1,1,1,1,0,0,1,0,1,1,0,1,0,0,0,1,0,0,0,1,0,1,1,0,1,1,1,1,1,0,0,1,2,2,2,2,0,2,2,2,2,2,2,2
0,1,0,1,1,1,1,1,1,1,1,0,1,0,1,1,1,1,1,1,1,1,1,0,1,1,1,0,1,0,0,1,1,0,0,1,1,2,2,2,2,0,2,2,2,2,2,2,2
0,0,1,1,0,0,1,1,1,1,0,0,1,1,1,1,1,1,0,1,0,0,1,1,1,0,0,1,1,0,1,1,1,1,0,0,1,2,2,2,2,0,2,2,2,2,2,2,2
0,0,0,1,0,0,1,0,1,0,0,1,1,1,1,1,1,0,1,1,1,0,0,0,1,0,1,0,0,1,1,0,1,1,0,0,1,0,1,1,2,0,2,2,2,1,1,0,0
0,1,0,0,0,0,1,1,1,0,1,1,0,0,0,0,1,1,0,0,0,0,0,1,1,0,1,1,1,0,0,1,1,0,1,0,1,1,1,1,2,0,2,2,2,1,0,1,0
0,0,1,0,0,0,1,1,1,0,1,1,0,0,0,0,1,1,1,0,1,0,1,1,1,0,1,0,0,1,0,1,1,1,0,0,1,2,2,2,2,0,2,2,2,2,2,2,2
0,0,1,1,0,1,0,1,1,0,0,1,0,1,0,1,1,0,1,1,1,0,0,0,1,0,0,1,0,0,0,0,1,0,0,0,1,0,2,2,2,0,2,2,2,0,0,0,0
0,1,1,0,0,1,1,1,1,1,1,0,0,1,1,1,1,1,1,1,0,1,0,1,1,1,1,0,0,0,0,1,1,0,1,0,1,0,0,1,2,0,2,2,2,0,1,0,0
0,0,0,1,0,0,1,0,1,0,1,0,0,1,1,1,1,0,0,0,0,0,1,1,1,1,1,0,0,0,0,1,1,0,0,0,1,2,2,2,2,0,2,2,2,2,2,2,2
0,0,1,0,0,0,0,1,1,0,0,0,0,0,0,1,1,1,0,1,1,1,1,1,1,1,1,0,1,1,1,1,1,0,1,0,1,2,2,2,2,0,2,2,2,2,2,2,2
0,1,0,1,0,0,1,1,1,0,0,1,1,0,0,1,1,0,0,1,0,0,0,1,1,1,1,0,1,0,1,1,1,0,1,0,1,1,0,1,1,0,2,2,2,0,1,1,1
0,0,1,0,1,1,0,1,1,0,0,0,0,0,0,1,1,1,0,0,1,0,0,1,1,1,0,1,1,1,0,1,1,1,1,0,1,0,1,1,1,0,2,2,2,1,1,0,1
0,0,1,1,1,1,0,1,1,0,1,1,1,1,1,0,1,1,0,0,0,0,1,1,1,0,0,1,0,1,1,0,1,1,1,1,1,1,1,1,1,0,2,2,2,1,1,1,0
0,0,0,1,0,1,0,0,1,0,0,0,0,0,1,0,1,1,0,1,1,0,0,1,1,0,1,0,1,0,0,0,1,1,0,0,1,2,2,2,2,0,2,2,2,2,2,2,2
0,0,0,0,0,1,1,1,1,0,1,1,0,1,0,0,1,0,0,0,0,0,1,1,1,0,0,1,0,1,0,1,1,1,1,0,1,0,2,2,2,0,2,2,2,0,0,0,0
0,1,0,0,0,0,0,0,1,0,1,0,1,1,1,0,1,1,1,1,1,1,0,1,1,0,1,1,1,1,1,1,1,0,1,0,1,2,2,2,2,0,2,2,2,2,2,2,2
0,1,1,0,1,1,1,0,1,1,1,0,1,1,1,0,1,1,1,1,0,0,0,0,1,0,1,1,0,1,1,1,1,0,1,0,1,2,2,2,2,0,2,2,2,2,2,2,2
0,1,0,1,1,0,1,1,1,0,1,1,0,1,1,1,1,1,0,1,0,1,0,1,1,1,0,1,1,0,1,1,1,1,1,0,1,1,2,2,2,0,2,2,2,0,0,1,0
0,0,1,1,1,0,0,0,1,1,1,1,0,0,0,1,1,1,0,0,1,1,0,1,1,1,1,1,1,1,1,1,1,0,1,0,1,2,2,2,2,0,2,2,2,2,2,2,2
0,0,1,0,0,1,1,0,1,1,1,1,0,1,0,1,1,1,1,0,1,1,0,1,1,1,1,0,0,1,1,0,1,1,0,0,1,2,2,2,2,0,2,2,2,2,2,2,2
0,0,0,0,0,1,1,0,1,0,0,0,0,1,1,1,1,1,1,1,0,1,0,1,1,1,0,1,0,1,1,0,1,1,1,1,1,1,1,1,2,0,2,2,2,1,1,1,0
0,1,1,1,1,1,1,0,1,1,1,0,1,0,1,0,1,1,0,1,0,0,0,1,1,0,0,1,1,0,0,1,1,0,0,1,1,2,2,2,2,0,2,2,2,2,2,2,2
0,1,1,1,1,1,1,0,1,0,1,0,1,0,1,0,1,0,1,0,1,0,1,0,1,0,1,1,1,1,1,1,1,0,0,1,1,2,2,2,2,0,2,2,2,2,2,2,2
0,0,1,0,0,0,0,1,1,0,0,0,0,0,1,1,1,0,0,0,0,0,1,1,1,0,0,1,1,0,1,1,1,1,0,1,1,1,1,1,2,0,2,2,2,1,1,1,0
0,0,1,1,1,0,0,1,1,0,1,1,0,0,1,0,1,1,0,0,0,0,0,1,1,0,1,0,0,0,0,1,1,1,0,1,1,1,1,0,1,0,2,2,2,1,0,1,1
0,0,0,1,1,1,1,1,1,0,1,0,1,0,1,0,1,0,0,0,0,1,1,1,1,0,0,1,0,0,1,0,1,1,0,1,1,2,2,2,2,0,2,2,2,2,2,2,2
0,1,0,1,1,1,1,1,1,0,1,1,0,1,1,0,1,1,0,0,1,1,1,1,1,0,1,0,1,1,1,0,1,1,1,1,1,0,1,1,1,0,2,2,2,1,1,0,1
0,1,1,1,0,0,0,0,1,0,0,1,1,0,1,0,1,1,0,0,1,0,1,1,1,1,1,1,0,1,0,1,1,1,0,0,1,2,2,2,2,0,2,2,2,2,2,2,2
0,0,0,0,0,0,1,0,1,0,0,0,1,1,1,0,1,0,1,0,1,1,1,1,1,1,0,1,1,1,0,1,1,1,0,0,1,2,2,2,2,0,2,2,2,2,2,2,2
0,1,1,1,1,0,1,0,1,1,0,1,1,1,1,1,1,1,0,0,1,1,1,1,1,1,0,0,1,1,0,1,1,0,0,1,1,2,2,2,2,0,2,2,2,2,2,2,2
0,1,0,1,1,0,1,0,1,1,1,0,0,0,1,0,1,0,1,0,1,1,1,1,1,0,1,1,0,1,1,1,1,1,0,0,1,2,2,2,2,0,2,2,2,2,2,2,2
0,0,1,0,0,0,1,1,1,0,1,0,0,1,0,1,1,0,0,0,1,1,1,1,1,1,0,1,1,0,0,1,1,0,0,0,1,0,1,2,2,0,2,2,2,1,0,0,0
0,0,0,0,1,1,0,1,1,0,0,1,0,1,0,0,1,1,0,1,0,0,1,1,1,1,1,0,1,0,0,1,1,1,0,1,1,0,0,1,2,0,2,2,2,0,1,0,0
0,1,0,0,0,1,1,0,1,0,0,0,1,0,0,0,1,1,0,1,1,0,1,1,1,1,0,1,0,0,0,1,1,1,0,1,1,2,2,2,2,0,2,2,2,2,2,2,2
0,1,0,1,0,1,1,0,1,1,0,0,0,1,1,0,1,0,0,0,1,0,1,1,1,0,0,0,1,1,1,1,1,0,0,0,1,2,2,2,2,0,2,2,2,2,2,2,2
0,1,0,1,0,1,1,0,1,1,0,0,1,0,0,1,1,0,0,0,1,0,1,1,1,0,0,1,1,1,1,0,1,0,1,0,1,0,1,2,2,0,2,2,2,1,0,0,0
0,1,0,1,0,0,1,0,1,1,0,1,1,1,0,1,1,0,0,1,0,0,1,0,1,0,1,1,1,1,0,0,1,0,1,0,1,2,2,2,2,0,2,2,2,2,2,2,2
0,1,1,0,1,0,1,1,1,1,1,0,0,0,1,1,1,1,1,0,1,0,0,1,1,0,0,0,0,1,1,0,1,0,1,0,1,1,0,1,1,0,2,2,2,0,1,1,1
0,1,0,1,1,1,0,1,1,1,1,1,0,0,1,1,1,1,1,1,0,0,0,1,1,0,0,1,1,1,1,0,1,1,0,1,1,0,0,1,1,0,2,2,2,0,0,0,0
0,0,0,1,1,0,1,0,1,0,1,1,1,0,1,1,1,0,1,1,0,1,1,0,1,0,1,0,1,0,0,0,1,0,1,1,1,1,0,1,1,0,2,2,2,0,0,1,0
0,0,0,1,1,1,0,1,1,0,0,1,1,0,1,1,1,0,1,1,1,0,1,0,1,1,1,1,1,1,1,1,1,0,1,1,1,1,1,1,1,0,2,2,2,1,1,1,1
0,0,0,1,0,0,1,1,1,1,1,1,1,0,1,1,1,0,0,0,1,0,1,1,1,1,0,1,1,0,1,0,1,0,1,1,1,1,1,1,1,0,2,2,2,1,0,1,0
0,0,0,0,1,1,0,1,1,1,1,1,0,0,1,1,1,0,1,0,1,0,1,1,1,1,1,1,1,0,1,0,1,0,1,1,1,1,1,1,1,0,2,2,2,1,0,1,0
0,0,1,0,0,1,1,1,1,1,1,1,1,0,1,0,1,0,1,1,0,1,1,1,1,0,0,1,1,0,1,1,1,0,1,1,1,1,1,1,1,0,2,2,2,1,1,1,0
0,0,1,1,0,0,1,1,1,1,0,0,1,1,1,0,1,0,1,0,0,1,1,1,1,1,1,0,0,1,0,1,1,0,1,1,1,2,2,2,2,0,2,2,2,2,2,2,2
0,1,0,1,0,0,0,0,1,1,0,1,0,0,0,0,1,1,0,0,0,1,1,1,1,0,1,1,0,1,0,1,1,0,0,0,1,2,2,2,2,0,2,2,2,2,2,2,2
0,1,0,1,1,1,1,0,1,1,0,0,0,1,1,1,1,1,0,1,0,1,0,1,1,0,1,1,0,1,0,1,1,0,0,0,1,2,2,2,2,0,2,2,2,2,2,2,2
0,1,1,1,0,1,1,0,1,1,1,0,0,0,0,1,1,1,1,0,1,0,1,1,1,1,0,0,1,0,1,0,1,0,1,1,1,1,2,2,2,0,2,2,2,0,0,1,0
0,0,0,1,0,0,1,1,1,1,0,1,0,1,0,1,1,0,0,1,0,1,1,1,1,0,0,1,0,1,0,1,1,0,1,0,1,2,2,2,2,0,2,2,2,2,2,2,2
0,0,0,1,0,0,1,0,1,1,1,0,0,0,0,0,1,1,1,1,1,1,1,1,1,1,1,0,1,1,0,1,1,1,1,1,1,2,2,2,2,0,2,2,2,2,2,2,2
0,0,0,1,1,1,1,0,1,0,0,1,1,0,1,0,1,0,1,1,1,0,1,0,1,0,1,0,1,0,1,0,1,0,1,0,1,2,2,2,2,0,2,2,2,2,2,2,2
0,0,0,0,0,1,0,0,1,0,1,0,0,0,0,0,1,0,0,0,0,0,0,0,1,0,1,0,0,1,1,0,1,1,0,1,1,0,1,2,2,0,2,2,2,1,0,0,0
0,0,0,1,0,1,0,0,1,0,1,1,1,1,1,0,1,0,0,0,1,0,1,1,1,0,1,0,0,1,1,0,1,0,0,0,1,2,2,2,2,0,2,2,2,2,2,2,2
0,0,0,1,1,0,1,0,1,0,1,0,0,1,1,0,1,1,0,1,1,0,1,0,1,0,0,0,1,0,1,1,1,0,0,0,1,2,2,2,2,0,2,2,2,2,2,2,2
0,0,0,0,1,0,0,1,1,1,1,0,1,1,1,0,1,0,1,1,0,0,1,1,1,0,0,1,1,1,0,0,1,0,0,0,1,2,2,2,2,0,2,2,2,2,2,2,2
0,0,0,0,0,1,1,1,1,1,1,0,0,1,1,1,1,1,1,1,0,1,0,1,1,0,0,0,1,0,1,1,1,1,1,0,1,0,1,2,2,0,2,2,2,1,0,0,0
0,0,0,1,1,1,0,1,1,0,1,1,0,1,1,0,1,0,0,0,1,1,1,0,1,1,1,1,1,1,0,1,1,0,1,0,1,0,1,2,2,0,2,2,2,1,0,0,0
0,1,0,1,1,1,1,0,1,1,0,0,1,1,0,0,1,0,0,1,1,1,1,0,1,1,0,0,0,0,0,1,1,0,1,1,1,0,1,2,2,0,2,2,2,1,0,0,0
0,1,1,0,0,0,1,0,1,0,1,0,1,0,1,0,1,1,1,0,0,0,1,0,1,1,0,1,0,1,0,1,1,1,0,1,1,2,2,2,2,0,2,2,2,2,2,2,2
0,0,1,0,0,1,1,0,1,0,1,1,0,0,1,0,1,1,1,1,1,1,0,1,1,0,0,1,1,1,0,0,1,0,1,0,1,2,2,2,2,0,2,2,2,2,2,2,2
0,1,1,0,1,1,1,1,1,1,1,1,1,1,0,1,1,1,1,0,0,1,0,1,1,1,0,0,0,1,0,0,1,1,0,1,1,0,0,0,1,0,2,2,2,0,0,0,1
0,0,0,0,0,0,0,0,1,0,0,1,1,0,0,0,1,0,1,0,0,1,0,1,1,0,0,0,1,0,1,0,1,0,1,1,1,1,0,0,1,0,2,2,2,0,0,1,0
0,0,0,1,0,1,1,0,1,0,0,1,0,1,1,1,1,1,1,0,1,1,0,1,1,1,1,0,0,1,0,1,1,0,1,1,1,1,1,1,1,0,2,2,2,1,1,1,0
0,1,0,1,0,0,1,1,1,0,1,0,1,1,1,1,1,1,0,0,1,1,1,1,1,0,0,0,0,1,1,0,1,1,0,0,1,2,2,2,2,0,2,2,2,2,2,2,2
0,0,0,0,1,1,0,1,1,1,1,1,1,0,0,1,1,1,1,0,1,1,0,0,1,1,0,1,0,1,0,1,1,0,1,1,1,2,2,2,2,0,2,2,2,2,2,2,2
0,0,1,0,1,1,0,0,1,0,1,0,0,0,1,1,1,0,0,0,1,1,1,1,1,0,1,0,0,1,1,1,1,0,1,1,1,0,2,2,2,0,2,2,2,0,0,0,0
0,0,1,0,0,1,0,0,1,0,1,0,0,1,1,1,1,0,1,0,1,1,0,1,1,0,0,0,0,1,1,1,1,1,1,1,1,1,1,1,1,0,2,2,2,1,1,1,1
0,0,0,0,1,0,1,0,1,0,1,1,0,0,1,1,1,1,1,0,0,1,1,1,1,1,0,1,0,0,1,1,1,1,0,1,1,1,1,1,1,0,2,2,2,1,1,1,1
0,0,0,1,1,0,1,1,1,0,1,1,0,1,1,1,1,1,0,1,1,0,0,1,1,0,1,1,0,1,1,1,1,0,0,1,1,2,2,2,2,0,2,2,2,2,2,2,2
0,1,1,1,1,0,1,1,1,0,0,0,0,1,0,0,1,0,1,0,1,0,0,0,1,0,0,0,0,1,0,1,1,1,0,1,1,0,0,1,1,0,2,2,2,0,1,0,1
0,1,1,0,1,1,1,1,1,0,0,0,1,1,1,1,1,0,1,1,1,0,1,0,1,0,1,1,0,1,0,1,1,1,0,1,1,2,2,2,2,0,2,2,2,2,2,2,2
0,1,1,1,1,0,1,1,1,0,1,1,1,0,0,1,1,1,0,1,1,1,1,0,1,1,1,1,1,0,1,0,1,0,1,1,1,2,2,2,2,0,2,2,2,2,2,2,2
0,1,0,1,1,0,1,1,1,1,1,1,1,0,1,1,1,0,1,0,0,1,1,0,1,0,0,0,0,0,1,1,1,1,0,0,1,2,2,2,2,0,2,2,2,2,2,2,2
0,0,1,1,1,0,1,1,1,0,0,1,1,0,1,0,1,1,1,1,0,0,1,1,1,1,1,0,0,1,1,1,1,1,0,1,1,2,2,2,2,0,2,2,2,2,2,2,2
0,0,1,1,0,0,0,1,1,1,0,1,0,0,1,0,1,1,0,1,1,0,1,0,1,1,0,0,1,0,1,1,1,0,1,1,1,2,2,2,2,0,2,2,2,2,2,2,2
0,0,1,1,0,1,0,1,1,1,1,0,0,1,0,0,1,0,0,0,1,0,0,0,1,0,1,0,1,1,1,0,1,0,0,1,1,1,1,0,1,0,2,2,2,1,0,1,1
0,1,1,1,1,0,0,0,1,1,0,1,1,0,0,1,1,0,0,0,0,0,0,1,1,0,0,0,0,0,0,1,1,1,1,0,1,2,2,2,2,0,2,2,2,2,2,2,2
0,0,0,1,1,1,0,0,1,0,0,1,1,0,0,1,1,0,1,0,0,1,0,0,1,0,0,0,1,1,0,1,1,1,0,1,1,0,2,2,2,0,2,2,2,0,0,0,0
0,1,1,1,1,1,0,1,1,1,1,0,0,1,1,1,1,0,0,1,1,1,0,0,1,1,1,1,0,1,0,1,1,0,1,1,1,0,1,1,1,0,2,2,2,1,1,0,1
0,0,0,0,0,0,1,1,1,1,1,0,0,0,1,1,1,0,0,1,1,0,0,1,1,1,1,1,1,0,0,1,1,1,1,1,1,0,1,1,1,0,2,2,2,1,0,0,0
0,0,1,0,0,1,1,1,1,0,1,0,1,0,1,1,1,0,0,1,0,1,1,0,1,0,0,1,1,1,0,1,1,1,0,1,1,2,2,2,2,0,2,2,2,2,2,2,2
0,1,1,0,0,1,0,1,1,0,1,1,0,1,0,1,1,0,0,1,1,1,0,1,1,0,1,1,0,0,1,1,1,0,0,1,1,1,0,1,1,0,2,2,2,0,1,1,1
0,1,0,0,0,1,0,0,1,1,0,0,1,0,0,0,1,1,0,0,1,0,0,1,1,1,1,1,0,0,0,1,1,0,1,0,1,2,2,2,2,0,2,2,2,2,2,2,2
0,1,0,1,0,1,1,0,1,1,0,1,1,0,1,1,1,1,1,1,1,0,1,1,1,1,0,1,0,0,1,1,1,1,1,0,1,0,0,1,2,0,2,2,2,0,1,0,0
0,0,1,0,0,1,1,0,1,1,0,0,0,0,1,1,1,1,0,0,1,0,0,1,1,1,0,0,0,1,0,1,1,1,1,0,1,2,2,2,2,0,2,2,2,2,2,2,2
0,0,1,1,0,0,0,1,1,0,1,0,0,0,0,1,1,0,0,1,1,0,0,0,1,0,0,1,0,1,0,0,1,1,0,1,1,2,2,2,2,0,2,2,2,2,2,2,2
0,0,1,0,0,1,0,1,1,1,1,1,1,0,0,1,1,0,0,0,0,1,0,1,1,0,0,0,0,0,1,1,1,0,0,1,1,0,0,1,1,0,2,2,2,0,1,0,1
0,1,0,0,1,0,0,1,1,1,1,0,1,0,0,1,1,1,1,0,1,1,1,1,1,0,0,0,1,0,0,0,1,1,1,0,1,2,2,2,2,0,2,2,2,2,2,2,2
0,1,1,1,1,1,0,1,1,0,1,0,0,1,1,1,1,0,0,1,0,1,1,1,1,1,0,1,0,1,1,1,1,0,1,1,1,2,2,2,2,0,2,2,2,2,2,2,2
0,1,0,0,1,1,0,1,1,1,1,1,1,0,0,0,1,1,0,1,1,0,1,1,1,0,1,1,1,1,0,1,1,0,1,1,1,0,1,1,2,0,2,2,2,1,1,0,0
0,0,0,0,1,0,0,1,1,1,0,1,0,1,1,0,1,1,1,1,1,1,1,1,1,0,0,0,0,0,1,1,1,0,1,0,1,2,2,2,2,0,2,2,2,2,2,2,2
0,0,0,1,0,0,0,0,1,0,0,1,1,1,1,1,1,0,0,1,0,0,1,1,1,1,1,1,1,0,0,1,1,1,1,0,1,1,1,2,2,0,2,2,2,1,0,1,0
0,1,0,0,1,1,1,0,1,1,0,1,1,0,0,0,1,1,0,0,1,1,1,0,1,0,1,0,1,1,0,0,1,0,1,0,1,2,2,2,2,0,2,2,2,2,2,2,2
0,1,0,0,1,0,1,1,1,0,0,0,0,0,1,1,1,1,0,0,1,0,1,1,1,0,0,0,0,1,1,0,1,0,0,1,1,0,1,2,2,0,2,2,2,1,0,0,0
0,0,1,1,1,1,1,0,1,1,0,1,0,0,1,1,1,1,1,1,1,1,0,1,1,1,0,0,1,1,1,0,1,0,0,0,1,2,2,2,2,0,2,2,2,2,2,2,2
0,0,1,0,1,1,1,0,1,1,0,0,0,0,0,1,1,0,0,0,1,1,0,1,1,1,1,1,1,1,0,0,1,0,0,1,1,0,1,1,2,0,2,2,2,1,1,0,0
0,1,0,1,1,1,1,0,1,1,0,1,1,0,1,1,1,1,0,1,1,0,1,1,1,0,1,1,1,1,0,1,1,0,1,1,1,1,1,1,2,0,2,2,2,1,1,1,0
0,1,1,0,1,1,0,1,1,0,1,0,1,0,1,1,1,1,0,0,0,0,0,0,1,1,1,0,1,1,0,1,1,0,1,1,1,0,1,1,1,0,2,2,2,1,1,0,1
0,1,1,0,0,0,0,1,1,0,0,0,0,0,1,0,1,0,0,0,1,0,1,0,1,0,1,1,1,0,1,1,1,1,0,1,1,2,2,2,2,0,2,2,2,2,2,2,2
0,0,1,1,1,0,1,1,1,1,0,0,0,0,0,1,1,1,0,1,0,0,0,0,1,1,1,0,1,0,1,1,1,1,1,1,1,0,1,0,1,0,2,2,2,1,0,0,1
0,1,0,0,1,0,0,1,1,0,1,1,1,0,1,1,1,0,0,1,1,1,1,1,1,0,0,0,1,0,1,1,1,1,0,1,1,2,2,2,2,0,2,2,2,2,2,2,2
0,0,0,0,1,1,0,1,1,1,1,1,1,1,1,0,1,1,0,1,1,0,0,1,1,1,1,0,0,1,0,0,1,0,0,0,1,2,2,2,2,0,2,2,2,2,2,2,2
0,1,1,0,1,0,1,1,1,0,1,1,0,1,1,1,1,1,1,0,0,0,1,1,1,1,0,0,1,0,1,1,1,1,0,0,1,2,2,2,2,0,2,2,2,2,2,2,2
0,1,1,0,1,1,1,0,1,1,0,0,0,0,0,1,1,0,0,1,1,1,0,1,1,0,1,1,0,1,1,1,1,1,1,0,1,0,0,1,1,0,2,2,2,0,1,0,1
0,0,0,1,0,1,0,0,1,1,0,0,1,0,1,0,1,0,1,0,1,1,0,1,1,0,0,1,1,0,1,1,1,1,1,1,1,1,1,1,1,0,2,2,2,1,1,1,1
0,1,1,0,1,0,0,0,1,1,0,1,1,1,0,1,1,1,1,0,0,1,1,0,1,1,0,0,1,0,0,0,1,0,1,1,1,1,1,1,1,0,2,2,2,0,0,1,0
0,1,0,1,1,0,1,0,1,0,1,0,0,1,0,0,1,0,0,1,0,1,0,0,1,1,1,1,1,1,1,0,1,0,0,0,1,2,2,2,2,0,2,2,2,2,2,2,2
0,1,1,0,1,1,0,0,1,1,0,0,1,0,0,1,1,1,0,0,1,1,1,0,1,1,1,0,1,1,1,1,1,0,1,0,1,0,2,2,2,0,2,2,2,0,0,0,0
0,1,1,0,1,1,0,1,1,1,0,1,1,0,1,1,1,1,0,0,1,1,0,1,1,1,0,0,1,0,0,1,1,0,1,0,1,2,2,2,2,0,2,2,2,2,2,2,2
0,0,1,0,1,0,0,1,1,1,1,0,0,1,1,1,1,1,0,0,1,0,1,1,1,1,1,0,1,1,0,1,1,1,0,0,1,2,2,2,2,0,2,2,2,2,2,2,2
0,0,0,0,1,0,0,1,1,1,1,0,0,1,1,1,1,1,0,1,0,0,1,1,1,0,1,0,1,1,0,0,1,1,0,0,1,2,2,2,2,0,2,2,2,2,2,2,2
0,1,1,1,0,1,1,0,1,1,0,1,0,1,1,1,1,1,0,0,1,1,1,1,1,0,0,0,1,0,0,1,1,1,0,1,1,0,0,1,1,0,2,2,2,0,1,0,1
0,0,1,0,1,0,0,0,1,1,0,0,1,1,1,1,1,0,1,1,0,0,1,0,1,0,1,1,0,1,0,1,1,0,1,1,1,0,1,1,1,0,2,2,2,1,1,0,0
0,0,1,0,1,0,1,1,1,0,0,1,1,1,1,1,1,0,0,0,1,1,0,0,1,0,0,0,0,1,0,0,1,1,1,1,1,0,0,0,1,0,2,2,2,0,0,0,1
0,1,1,1,1,1,1,0,1,0,0,0,0,1,1,1,1,1,1,0,0,1,0,1,1,1,0,0,1,0,0,1,1,0,1,1,1,2,2,2,2,0,2,2,2,2,2,2,2
0,1,0,0,0,1,1,1,1,1,0,0,0,0,1,1,1,0,0,0,1,0,1,0,1,0,1,1,0,1,1,0,1,1,1,1,1,0,0,1,2,0,2,2,2,0,1,0,0
0,1,0,0,1,1,1,1,1,1,1,0,0,0,0,1,1,1,0,1,0,1,0,0,1,1,1,1,1,1,1,1,1,0,1,1,1,0,1,1,2,0,2,2,2,1,1,0,0
0,1,0,1,1,0,1,1,1,1,0,1,1,0,0,1,1,0,1,0,0,1,1,0,1,1,0,1,1,1,1,1,1,1,1,1,1,1,1,0,1,0,2,2,2,1,0,1,1
0,1,0,1,1,0,0,1,1,1,1,0,0,1,0,1,1,1,1,1,0,0,0,1,1,1,0,1,1,1,1,1,1,0,1,1,1,2,2,2,2,0,2,2,2,2,2,2,2
0,1,0,1,1,0,0,1,1,1,0,0,0,1,1,1,1,1,1,1,0,0,0,1,1,0,0,1,1,1,1,1,1,0,1,1,1,0,1,1,1,0,2,2,2,1,1,0,1
0,0,0,0,0,0,1,1,1,0,0,0,1,0,1,0,1,0,1,0,0,0,1,1,1,1,0,0,1,0,0,1,1,0,1,1,1,0,1,1,1,0,2,2,2,1,0,0,0
0,0,1,1,1,0,0,1,1,1,0,1,0,1,0,1,1,1,1,1,0,0,1,1,1,1,1,0,0,0,0,1,1,0,1,1,1,2,2,2,2,0,2,2,2,2,2,2,2
0,1,0,1,0,1,0,1,1,1,0,1,1,0,1,1,1,0,1,0,0,0,0,0,1,1,1,1,1,1,0,0,1,0,1,1,1,1,1,0,1,0,2,2,2,1,0,1,1
0,0,1,1,1,0,1,0,1,1,1,1,0,0,1,1,1,0,1,1,1,1,0,0,1,1,0,0,0,1,0,1,1,1,0,0,1,2,2,2,2,0,2,2,2,2,2,2,2
0,1,1,1,1,1,1,1,1,0,1,0,0,0,1,1,1,1,1,1,0,1,1,1,1,1,0,1,0,0,0,1,1,1,0,0,1,1,0,1,1,0,2,2,2,0,1,1,1
0,1,1,1,0,1,0,1,1,0,0,1,1,0,0,1,1,0,0,1,0,1,1,1,1,1,0,1,0,0,0,0,1,1,1,1,1,0,1,0,1,0,2,2,2,1,0,0,1
0,0,0,0,1,0,0,1,1,0,0,0,1,1,1,1,1,1,1,0,0,0,1,0,1,1,0,0,1,0,0,1,1,1,1,1,1,1,1,0,1,0,2,2,2,1,0,1,1
0,0,0,0,1,0,1,1,1,1,1,0,1,1,1,1,1,0,1,1,0,1,1,0,1,0,1,1,1,1,0,1,1,0,0,1,1,1,1,1,1,0,2,2,2,1,1,1,0
0,1,1,1,0,0,1,1,1,1,0,0,0,1,0,1,1,0,0,1,0,1,0,1,1,0,0,0,1,0,1,0,1,0,1,0,1,2,2,2,2,0,2,2,2,2,2,2,2
0,1,1,0,0,0,0,1,1,1,1,1,0,0,0,0,1,0,1,0,0,0,0,0,1,0,1,1,1,1,0,1,1,1,1,0,1,0,1,2,2,0,2,2,2,1,0,0,0
0,1,0,0,1,0,1,1,1,0,1,0,1,1,0,0,1,1,0,1,0,1,1,0,1,0,0,0,0,0,0,1,1,1,0,0,1,2,2,2,2,0,2,2,2,2,2,2,2
0,0,1,0,0,0,1,0,1,1,1,1,1,1,1,0,1,0,1,0,1,1,1,0,1,1,1,1,0,0,1,1,1,1,0,0,1,1,1,1,1,0,2,2,2,1,1,1,1
0,1,1,1,0,0,1,1,1,1,1,0,1,1,1,1,1,1,1,0,1,0,1,0,1,0,0,1,1,1,1,1,1,1,1,0,1,2,2,2,2,0,2,2,2,2,2,2,2
0,0,1,0,1,1,1,1,1,1,0,0,0,0,1,1,1,1,1,1,1,0,0,1,1,0,0,1,0,1,1,1,1,0,0,0,1,2,2,2,2,0,2,2,2,2,2,2,2
0,1,0,0,0,0,0,1,1,0,0,1,1,0,1,1,1,0,1,0,0,0,0,0,1,1,1,0,0,0,0,1,1,0,1,0,1,1,2,2,2,0,2,2,2,0,0,1,0
0,0,0,1,0,0,0,1,1,0,1,0,1,0,1,1,1,0,1,0,1,1,0,0,1,0,0,0,1,1,1,1,1,0,0,0,1,2,2,2,2,0,2,2,2,2,2,2,2
0,0,0,0,1,0,1,1,1,1,1,0,0,1,0,0,1,1,1,1,1,0,0,1,1,1,0,1,0,0,1,1,1,0,0,1,1,2,2,2,2,0,2,2,2,2,2,2,2
0,0,1,1,1,0,0,0,1,0,0,0,0,0,0,1,1,0,1,0,1,1,0,1,1,1,0,1,0,0,0,1,1,1,1,0,1,2,2,2,2,0,2,2,2,2,2,2,2
0,0,1,0,0,0,1,1,1,0,1,0,0,1,0,1,1,1,0,0,0,0,1,1,1,0,1,1,1,0,0,1,1,1,1,0,1,0,1,2,2,0,2,2,2,1,0,0,0
0,0,0,1,1,0,0,1,1,1,0,1,0,0,1,1,1,0,0,1,1,1,0,1,1,0,0,1,1,1,1,0,1,1,1,0,1,2,2,2,2,0,2,2,2,2,2,2,2
0,1,1,0,1,1,1,1,1,1,0,1,0,0,1,1,1,1,0,1,0,0,0,0,1,0,1,1,0,1,1,0,1,0,1,0,1,1,0,1,1,0,2,2,2,0,1,1,1
0,1,0,0,1,1,1,1,1,0,1,1,1,1,0,0,1,0,0,0,1,0,0,0,1,0,1,1,1,1,1,0,1,1,1,1,1,1,0,1,1,0,2,2,2,0,1,1,0
0,0,0,0,0,0,0,1,1,0,0,0,0,0,1,1,1,1,0,0,1,1,1,1,1,1,0,1,1,1,1,0,1,1,1,0,1,2,2,2,2,0,2,2,2,2,2,2,2
0,1,1,1,1,0,1,1,1,0,0,1,1,0,1,1,1,0,1,1,1,1,1,1,1,0,0,1,0,0,0,1,1,1,1,1,1,2,2,2,2,0,2,2,2,2,2,2,2
0,0,0,0,1,0,1,1,1,0,0,0,0,1,0,1,1,1,1,1,1,1,0,1,1,0,1,1,1,1,1,1,1,0,1,1,1,0,0,1,2,0,2,2,2,0,1,0,0
0,1,1,0,0,1,1,1,1,1,0,0,1,1,1,1,1,0,0,0,1,1,1,0,1,1,0,1,0,1,1,1,1,0,1,1,1,1,1,0,1,0,2,2,2,1,0,1,1
0,0,1,0,0,1,0,1,1,0,1,0,1,0,0,0,1,1,0,0,1,0,1,0,1,1,0,1,1,1,1,1,1,0,1,1,1,2,2,2,2,0,2,2,2,2,2,2,2
0,1,1,1,1,1,0,1,1,0,0,0,0,0,1,0,1,0,1,0,0,0,0,1,1,0,0,0,1,0,1,1,1,1,1,0,1,2,2,2,2,0,2,2,2,2,2,2,2
0,1,0,0,0,1,1,1,1,1,0,1,0,0,1,0,1,1,1,0,0,0,1,1,1,0,1,0,0,0,1,1,1,0,1,1,1,0,0,0,1,0,2,2,2,0,0,0,1
0,0,0,0,1,1,1,1,1,0,0,0,0,0,0,1,1,1,0,1,0,0,0,1,1,1,1,0,1,0,1,1,1,1,0,0,1,2,2,2,2,0,2,2,2,2,2,2,2
0,1,1,1,0,1,1,0,1,1,1,0,1,0,0,0,1,0,1,0,0,0,1,0,1,1,0,1,1,1,0,1,1,0,0,1,1,2,2,2,2,0,2,2,2,2,2,2,2
0,0,1,1,0,1,0,1,1,1,0,1,0,0,1,0,1,1,1,1,1,0,0,1,1,0,0,0,1,1,0,1,1,1,1,1,1,0,2,2,2,0,2,2,2,0,0,0,0
0,1,1,0,0,0,0,0,1,1,1,0,1,1,1,1,1,1,0,1,0,0,1,1,1,1,0,1,0,1,0,1,1,0,1,1,1,0,1,1,2,0,2,2,2,1,1,0,0
0,0,0,1,0,1,0,0,1,0,1,1,1,0,0,1,1,0,0,1,0,0,1,1,1,0,1,0,0,1,0,1,1,1,0,1,1,0,0,1,2,0,2,2,2,0,1,0,0
0,1,0,1,1,1,0,0,1,1,1,0,0,0,0,0,1,0,0,0,1,0,0,1,1,1,1,0,1,0,1,0,1,0,1,1,1,0,0,1,2,0,2,2,2,0,1,0,0
0,1,1,1,0,1,0,1,1,0,1,1,0,1,0,1,1,0,0,1,1,0,0,1,1,1,1,0,1,1,0,1,1,0,0,0,1,2,2,2,2,0,2,2,2,2,2,2,2
0,0,0,1,1,0,0,0,1,1,0,1,0,1,0,1,1,0,0,0,0,1,1,1,1,0,0,1,0,1,0,1,1,1,0,0,1,2,2,2,2,0,2,2,2,2,2,2,2
0,0,0,0,0,1,0,0,1,1,0,0,1,1,0,0,1,1,0,0,0,0,1,1,1,1,0,1,0,1,0,1,1,0,1,0,1,2,2,2,2,0,2,2,2,2,2,2,2
0,0,1,1,0,0,0,1,1,0,0,0,1,0,0,1,1,1,1,0,1,1,1,1,1,0,0,1,1,1,0,1,1,0,1,0,1,0,1,0,1,0,2,2,2,1,0,0,1
0,1,0,1,1,0,0,1,1,1,0,0,1,1,1,0,1,0,0,1,1,0,0,1,1,1,0,0,1,0,0,0,1,0,1,1,1,0,0,1,1,0,2,2,2,0,1,0,0
0,1,1,1,1,0,1,1,1,0,0,1,0,1,1,0,1,0,1,1,1,0,0,1,1,0,0,1,1,0,1,0,1,1,1,0,1,2,2,2,2,0,2,2,2,2,2,2,2
0,1,0,1,0,1,0,1,1,0,1,0,1,1,0,0,1,0,1,0,1,0,1,1,1,0,1,0,0,1,0,1,1,0,1,0,1,0,0,0,1,0,2,2,2,0,0,0,1
0,1,1,0,1,1,0,1,1,1,0,1,0,1,0,1,1,1,1,0,1,1,0,1,1,0,1,1,1,0,1,1,1,0,1,0,1,1,0,1,1,0,2,2,2,0,1,1,1
0,1,1,0,1,0,0,0,1,1,0,1,1,1,1,1,1,1,1,1,0,0,1,1,1,1,1,1,0,0,0,1,1,0,0,0,1,2,2,2,2,0,2,2,2,2,2,2,2
0,1,1,0,1,0,0,0,1,0,0,0,1,0,1,1,1,0,1,0,1,0,1,1,1,0,0,1,0,1,1,0,1,1,0,1,1,2,2,2,2,0,2,2,2,2,2,2,2
0,0,1,0,0,0,0,1,1,1,0,1,1,1,0,1,1,0,0,1,0,0,1,0,1,0,1,1,0,0,0,0,1,1,1,1,1,2,2,2,2,0,2,2,2,2,2,2,2
0,0,1,1,0,0,1,1,1,1,0,0,1,1,0,1,1,0,0,1,1,1,0,0,1,1,1,0,1,0,0,0,1,1,1,0,1,2,2,2,2,0,2,2,2,2,2,2,2
0,0,0,0,1,1,1,0,1,1,1,1,0,0,1,1,1,1,1,1,0,1,0,0,1,0,1,1,0,0,1,0,1,1,0,1,1,1,1,0,1,0,2,2,2,1,0,1,1
0,0,0,0,1,1,0,0,1,0,1,1,1,1,1,0,1,1,1,1,1,0,1,1,1,0,1,1,0,0,1,0,1,1,0,1,1,1,1,1,1,0,2,2,2,1,1,1,0
0,0,1,0,0,0,1,0,1,1,0,1,0,1,1,1,1,1,1,0,0,0,0,1,1,1,0,1,0,1,0,0,1,1,1,0,1,2,2,2,2,0,2,2,2,2,2,2,2
0,1,1,0,0,1,0,0,1,1,1,1,1,1,0,1,1,1,0,1,1,0,0,1,1,1,1,0,1,0,0,0,1,0,1,0,1,2,2,2,2,0,2,2,2,2,2,2,2
0,1,0,1,1,0,1,1,1,1,0,0,0,1,1,0,1,1,1,0,1,1,1,1,1,1,1,0,0,0,1,1,1,0,1,0,1,2,2,2,2,0,2,2,2,2,2,2,2
0,1,0,0,1,1,1,1,1,0,1,1,0,1,0,1,1,0,1,0,0,0,0,0,1,0,1,1,0,0,0,1,1,1,0,0,1,2,2,2,2,0,2,2,2,2,2,2,2
0,1,1,0,1,0,0,1,1,1,1,0,1,0,0,1,1,1,0,0,1,1,0,1,1,0,1,0,1,1,1,1,1,0,0,0,1,2,2,2,2,0,2,2,2,2,2,2,2
0,0,0,0,1,0,1,1,1,0,1,0,1,0,0,1,1,1,1,1,0,1,0,1,1,1,0,1,0,1,0,0,1,1,0,0,1,0,0,1,2,0,2,2,2,0,1,0,0
0,0,0,1,0,1,0,1,1,0,1,0,0,1,1,1,1,0,1,0,0,0,0,1,1,1,1,0,1,0,0,1,1,1,0,1,1,2,2,2,2,0,2,2,2,2,2,2,2
0,1,0,0,0,0,1,1,1,1,0,1,0,1,0,1,1,1,0,1,1,0,1,0,1,0,0,1,1,0,0,0,1,0,1,1,1,1,0,0,1,0,2,2,2,0,0,1,1
0,0,1,1,1,0,1,1,1,1,0,0,1,0,0,0,1,0,1,0,1,1,1,0,1,1,0,0,1,0,0,1,1,1,1,1,1,0,0,1,1,0,2,2,2,0,1,0,1
0,0,0,0,0,1,0,1,1,1,0,0,1,1,0,0,1,0,0,1,0,0,1,0,1,0,1,1,0,0,1,1,1,1,1,1,1,2,2,2,2,0,2,2,2,2,2,2,2
0,0,1,0,0,1,0,1,1,1,1,0,0,0,1,0,1,0,0,0,0,1,1,1,1,0,1,1,0,1,0,0,1,0,1,1,1,2,2,2,2,0,2,2,2,2,2,2,2
0,0,0,0,1,1,0,1,1,1,1,1,1,1,0,0,1,1,0,1,1,1,1,1,1,0,1,1,0,1,0,0,1,0,0,0,1,2,2,2,2,0,2,2,2,2,2,2,2
0,1,1,1,0,1,1,1,1,0,0,1,1,1,1,1,1,1,1,1,0,0,0,1,1,1,1,0,1,1,1,0,1,1,0,0,1,2,2,2,2,0,2,2,2,2,2,2,2
0,1,1,1,0,0,1,1,1,1,1,1,1,1,1,1,1,1,1,1,1,0,1,1,1,0,0,1,0,0,1,1,1,0,1,0,1,2,2,2,2,0,2,2,2,2,2,2,2
0,0,1,1,0,0,1,1,1,0,0,0,0,0,1,1,1,0,1,1,1,1,1,0,1,1,1,0,1,0,0,1,1,0,1,1,1,2,2,2,2,0,2,2,2,2,2,2,2
0,1,1,1,0,0,1,1,1,1,1,1,0,0,1,1,1,1,0,0,1,1,1,0,1,1,1,1,1,0,0,0,1,1,1,0,1,2,2,2,2,0,2,2,2,2,2,2,2
0,0,0,0,1,1,0,1,1,1,1,0,0,1,0,1,1,0,0,0,1,1,1,1,1,0,0,1,0,0,0,0,1,0,1,0,1,2,2,2,2,0,2,2,2,2,2,2,2
0,0,1,0,1,1,0,1,1,1,0,1,1,1,1,0,1,1,1,1,0,0,1,1,1,0,1,1,0,1,0,0,1,0,1,1,1,2,2,2,2,0,2,2,2,2,2,2,2
0,0,0,0,0,0,0,1,1,1,0,0,0,1,1,1,1,1,0,1,0,0,0,1,1,0,1,1,1,1,1,1,1,0,1,1,1,1,1,1,1,0,2,2,2,1,1,1,1
0,0,0,1,0,1,1,1,1,0,0,1,0,1,1,1,1,0,1,1,1,1,1,0,1,0,1,0,0,0,0,0,1,1,1,0,1,2,2,2,2,0,2,2,2,2,2,2,2
0,1,0,0,0,1,0,0,1,0,1,1,0,0,0,0,1,0,1,1,0,0,0,1,1,0,1,0,0,0,1,1,1,1,1,0,1,0,2,2,2,0,2,2,2,0,0,0,0
0,1,1,1,0,0,0,0,1,0,0,0,1,0,0,0,1,1,1,0,0,1,1,1,1,1,1,0,0,0,0,0,1,0,1,0,1,2,2,2,2,0,2,2,2,2,2,2,2
0,0,1,0,0,0,0,0,1,0,0,0,0,0,0,1,1,0,0,1,1,0,1,1,1,1,0,1,0,1,0,0,1,1,0,1,1,2,2,2,2,0,2,2,2,2,2,2,2
0,0,0,1,0,0,0,1,1,1,0,0,1,0,1,0,1,1,0,0,0,0,1,1,1,0,1,1,1,1,0,1,1,0,0,1,1,0,1,2,2,0,2,2,2,1,0,0,0
0,0,1,1,1,0,0,1,1,0,0,1,1,1,1,0,1,1,1,0,0,0,1,1,1,0,0,0,1,0,1,1,1,0,0,0,1,2,2,2,2,0,2,2,2,2,2,2,2
0,0,1,0,1,0,0,1,1,0,1,1,1,1,0,1,1,0,1,1,1,0,1,1,1,0,0,0,1,1,1,1,1,1,0,0,1,1,0,1,1,0,2,2,2,0,1,1,1
0,1,1,1,0,0,1,1,1,0,1,0,0,1,0,1,1,1,1,1,0,1,1,1,1,1,0,0,0,1,0,1,1,1,1,0,1,2,2,2,2,0,2,2,2,2,2,2,2
0,0,0,0,0,1,1,1,1,1,1,0,1,1,1,0,1,0,1,1,0,1,1,1,1,1,0,0,1,0,1,1,1,1,1,1,1,2,2,2,2,0,2,2,2,2,2,2,2
0,0,1,0,1,1,1,1,1,1,0,0,0,1,1,0,1,0,0,0,1,1,1,1,1,1,1,0,0,1,1,1,1,0,1,1,1,1,1,2,2,0,2,2,2,1,0,1,0
0,1,0,1,1,1,0,0,1,1,0,1,0,1,0,1,1,1,0,1,1,1,1,1,1,0,0,0,0,0,1,1,1,0,0,1,1,2,2,2,2,0,2,2,2,2,2,2,2
0,1,1,0,1,1,1,0,1,0,0,1,1,1,0,1,1,0,1,0,1,0,0,0,1,0,0,1,1,0,0,1,1,1,0,1,1,2,2,2,2,0,2,2,2,2,2,2,2
0,1,0,0,1,0,1,0,1,0,0,0,0,1,0,0,1,1,1,0,0,1,0,1,1,0,0,1,0,1,1,1,1,1,1,1,1,1,0,1,1,0,2,2,2,0,1,1,1
0,1,0,0,0,1,1,0,1,0,0,0,0,1,0,0,1,0,0,1,1,0,1,0,1,1,0,1,1,1,1,1,1,0,1,1,1,2,2,2,2,0,2,2,2,2,2,2,2
0,1,1,1,0,0,0,1,1,0,1,1,1,0,0,1,1,0,1,0,1,0,1,0,1,1,0,1,0,0,1,1,1,1,1,1,1,1,0,1,2,0,2,2,2,0,1,1,0
0,1,1,0,1,1,1,1,1,0,1,0,0,1,1,1,1,1,0,0,1,1,1,0,1,0,0,1,1,0,1,0,1,0,1,1,1,2,2,2,2,0,2,2,2,2,2,2,2
0,1,1,1,0,1,1,1,1,1,0,1,1,1,1,0,1,0,1,1,0,0,0,1,1,1,1,1,1,0,1,0,1,0,0,0,1,2,2,2,2,0,2,2,2,2,2,2,2
0,1,0,0,1,1,0,0,1,0,0,0,1,1,1,0,1,0,1,1,1,1,0,1,1,1,1,1,1,1,0,0,1,0,0,0,1,0,1,0,1,0,2,2,2,1,0,0,1
0,0,1,0,1,1,1,0,1,1,0,0,0,1,1,1,1,1,0,0,1,0,0,0,1,0,1,1,1,0,1,1,1,1,0,0,1,2,2,2,2,0,2,2,2,2,2,2,2
0,0,0,0,1,0,1,1,1,0,1,0,1,0,1,1,1,1,0,0,0,0,0,1,1,0,1,1,1,1,1,0,1,1,1,1,1,2,2,2,2,0,2,2,2,2,2,2,2
0,1,0,0,0,0,1,1,1,1,0,1,0,0,1,0,1,1,0,1,0,1,0,0,1,1,0,1,1,0,1,1,1,0,0,1,1,2,2,2,2,0,2,2,2,2,2,2,2
0,1,1,0,0,1,0,1,1,0,0,0,0,0,1,1,1,1,1,0,0,1,1,1,1,1,1,1,0,1,0,1,1,1,1,1,1,2,2,2,2,0,2,2,2,2,2,2,2
0,1,1,0,0,1,0,0,1,1,0,1,0,1,1,1,1,0,1,0,0,1,1,1,1,1,1,1,1,1,1,1,1,0,1,0,1,2,2,2,2,0,2,2,2,2,2,2,2
0,0,0,1,0,1,1,1,1,1,0,1,1,1,1,1,1,0,0,0,1,1,1,0,1,0,0,1,0,1,1,0,1,0,0,1,1,2,2,2,2,0,2,2,2,2,2,2,2
0,1,1,1,0,0,1,1,1,1,1,0,0,0,1,1,1,0,1,0,1,0,1,1,1,0,0,0,0,1,1,0,1,0,0,1,1,0,1,2,2,0,2,2,2,1,0,0,0
0,1,0,0,0,1,1,1,1,1,0,1,1,1,0,1,1,1,1,1,1,0,0,0,1,1,0,1,0,0,1,1,1,1,1,1,1,1,0,1,2,0,2,2,2,0,1,1,0
0,1,0,1,1,1,1,1,1,1,1,1,1,1,0,1,1,1,1,0,0,1,1,0,1,1,0,1,1,0,1,0,1,1,1,1,1,2,2,2,2,0,2,2,2,2,2,2,2
0,0,0,1,0,1,0,1,1,0,1,0,0,1,0,1,1,0,0,0,1,1,0,0,1,1,1,0,1,1,1,0,1,1,0,1,1,0,1,2,2,0,2,2,2,1,0,0,0
0,1,0,1,1,0,1,0,1,1,1,1,1,1,1,0,1,0,1,0,0,1,1,0,1,1,1,0,0,0,1,1,1,1,0,1,1,1,1,1,1,0,2,2,2,1,1,1,1
0,0,1,0,0,0,0,1,1,0,0,0,1,1,1,0,1,1,0,1,1,1,1,0,1,0,1,0,1,0,1,1,1,1,1,1,1,1,1,1,1,0,2,2,2,1,1,1,0
0,0,0,1,1,1,1,0,1,0,0,1,1,1,1,1,1,0,0,1,1,0,0,1,1,0,0,0,1,0,1,1,1,1,1,0,1,2,2,2,2,0,2,2,2,2,2,2,2
0,1,0,0,0,0,1,0,1,1,1,1,0,1,0,0,1,1,1,1,0,1,1,1,1,0,1,0,0,0,1,1,1,1,1,1,1,2,2,2,2,0,2,2,2,2,2,2,2
0,1,0,1,0,0,1,1,1,0,1,1,0,0,1,0,1,0,0,1,0,1,1,1,1,1,1,0,0,0,0,0,1,0,1,1,1,0,0,0,1,0,2,2,2,0,0,0,1
0,1,0,0,0,1,0,0,1,1,1,1,1,0,0,1,1,1,0,0,0,1,1,1,1,1,0,0,1,0,0,0,1,0,1,1,1,1,1,1,1,0,2,2,2,1,1,1,1
0,0,1,1,1,0,1,0,1,1,0,0,0,0,0,1,1,0,1,1,1,0,0,0,1,1,1,1,0,0,0,0,1,1,0,1,1,0,0,0,1,0,2,2,2,0,0,0,1
0,1,0,1,0,0,0,1,1,0,0,0,0,1,0,1,1,0,1,1,1,0,0,0,1,0,0,1,1,0,0,1,1,0,0,1,1,1,0,0,1,0,2,2,2,0,0,1,0
0,0,0,0,0,0,1,1,1,0,1,0,1,1,0,1,1,0,1,0,0,1,0,0,1,0,0,0,1,0,1,0,1,1,0,0,1,2,2,2,2,0,2,2,2,2,2,2,2
0,0,0,1,0,0,1,1,1,0,0,1,1,1,1,0,1,0,1,1,1,0,1,1,1,1,1,1,0,1,1,0,1,1,0,1,1,2,2,2,2,0,2,2,2,2,2,2,2
0,0,1,1,1,1,1,0,1,0,1,0,1,1,0,1,1,1,0,0,1,1,1,0,1,0,1,1,0,1,1,0,1,0,1,1,1,0,1,0,1,0,2,2,2,1,0,0,1
0,1,1,0,1,0,1,0,1,0,0,1,1,0,0,1,1,1,1,1,1,0,1,0,1,1,0,1,0,0,1,0,1,0,1,1,1,1,1,0,1,0,2,2,2,0,0,1,0
0,1,0,0,1,0,1,1,1,0,1,0,0,1,0,0,1,1,1,0,0,1,1,0,1,0,0,1,1,0,1,0,1,1,0,0,1,2,2,2,2,0,2,2,2,2,2,2,2
0,1,1,1,0,0,1,0,1,0,0,1,0,1,0,1,1,0,0,0,0,1,0,1,1,1,0,1,1,1,1,1,1,0,0,0,1,2,2,2,2,0,2,2,2,2,2,2,2
0,1,1,0,0,0,0,1,1,0,1,0,0,1,0,0,1,1,0,1,0,0,1,1,1,0,0,0,1,1,1,1,1,0,0,0,1,2,2,2,2,0,2,2,2,2,2,2,2
0,1,1,0,1,0,1,1,1,0,1,1,0,0,1,1,1,0,1,0,0,0,0,1,1,0,1,0,1,0,0,1,1,1,0,0,1,2,2,2,2,0,2,2,2,2,2,2,2
0,0,1,0,1,1,1,1,1,0,1,0,1,0,0,1,1,1,1,0,1,0,0,1,1,1,1,0,0,0,1,1,1,0,0,0,1,2,2,2,2,0,2,2,2,2,2,2,2
0,1,0,1,1,1,0,1,1,1,0,0,0,0,1,0,1,0,1,1,1,0,1,1,1,0,0,1,1,1,0,0,1,0,1,1,1,0,0,0,1,0,2,2,2,0,0,0,1
0,1,1,0,1,1,0,1,1,0,1,0,1,0,0,1,1,1,0,0,0,0,0,1,1,1,0,0,0,0,0,0,1,0,1,0,1,2,2,2,2,0,2,2,2,2,2,2,2
0,1,1,0,1,0,1,1,1,0,0,1,0,0,1,0,1,0,0,0,0,1,0,1,1,1,1,0,1,0,1,0,1,1,1,0,1,0,1,0,1,0,2,2,2,1,0,0,1
0,1,0,1,1,0,1,0,1,1,1,0,1,0,1,1,1,0,0,0,0,1,0,1,1,0,1,0,0,0,1,0,1,1,0,0,1,2,2,2,2,0,2,2,2,2,2,2,2
0,0,1,1,0,1,1,1,1,1,0,0,1,1,0,0,1,1,0,0,0,1,1,1,1,0,1,1,0,1,0,0,1,1,0,0,1,2,2,2,2,0,2,2,2,2,2,2,2
0,0,1,1,0,1,1,1,1,1,1,0,1,0,0,1,1,0,1,1,1,1,1,1,1,0,0,1,1,0,0,1,1,0,0,1,1,2,2,2,2,0,2,2,2,2,2,2,2
0,0,0,0,1,0,1,0,1,1,1,1,1,0,0,1,1,1,0,0,0,1,1,1,1,1,1,0,0,1,0,1,1,0,0,1,1,2,2,2,2,0,2,2,2,2,2,2,2
0,0,0,1,1,0,1,1,1,0,1,1,0,1,0,0,1,1,0,1,0,1,0,1,1,1,1,1,0,0,0,0,1,1,1,1,1,2,2,2,2,0,2,2,2,2,2,2,2
0,0,0,1,0,1,0,1,1,1,1,0,1,0,0,0,1,1,1,1,1,0,0,1,1,1,1,0,0,0,0,0,1,1,0,0,1,2,2,2,2,0,2,2,2,2,2,2,2
0,1,1,1,1,0,0,1,1,1,0,0,0,1,0,0,1,1,1,0,1,1,1,0,1,1,0,1,1,1,1,1,1,0,1,0,1,0,1,0,1,0,2,2,2,1,0,0,1
0,0,1,1,0,0,1,0,1,1,1,1,0,1,1,0,1,1,1,0,1,1,1,0,1,0,0,1,1,0,0,0,1,1,1,0,1,2,2,2,2,0,2,2,2,2,2,2,2
0,1,0,1,1,1,0,1,1,1,0,0,1,1,1,1,1,0,1,1,0,0,1,1,1,0,1,1,1,1,1,0,1,0,0,1,1,2,2,2,2,0,2,2,2,2,2,2,2
0,1,1,1,0,0,1,1,1,1,1,1,0,1,1,1,1,1,0,1,1,0,0,1,1,0,1,1,0,1,1,0,1,0,1,1,1,2,2,2,2,0,2,2,2,2,2,2,2
0,1,1,1,1,0,1,1,1,0,1,1,1,1,0,0,1,1,0,1,1,0,1,1,1,0,0,0,1,0,1,1,1,1,1,1,1,1,2,2,2,0,2,2,2,0,0,1,0
0,1,1,0,1,1,1,1,1,1,0,1,0,0,1,1,1,0,0,0,1,1,1,1,1,0,1,1,0,0,1,0,1,0,1,1,1,1,1,2,2,0,2,2,2,1,0,1,0
0,1,0,0,0,1,1,1,1,0,0,0,0,1,1,0,1,0,1,0,1,1,1,1,1,0,0,1,0,1,1,0,1,1,1,1,1,1,1,2,2,0,2,2,2,1,0,1,0
0,0,0,0,0,1,1,1,1,0,1,1,0,0,0,1,1,1,1,1,0,0,1,1,1,1,1,1,1,0,1,0,1,1,1,1,1,1,1,1,2,0,2,2,2,1,1,1,0
0,1,1,1,1,0,1,1,1,0,1,1,0,1,1,0,1,0,0,1,1,1,0,1,1,1,0,1,0,0,1,1,1,0,1,1,1,0,1,1,1,0,2,2,2,1,1,0,1
0,0,1,0,1,0,1,1,1,1,0,0,0,0,1,0,1,0,0,0,1,0,1,1,1,1,0,0,1,0,1,1,1,0,0,0,1,2,2,2,2,0,2,2,2,2,2,2,2
0,1,0,1,0,0,1,1,1,1,1,0,1,0,1,0,1,1,0,1,1,1,0,1,1,0,1,0,1,0,1,1,1,1,1,0,1,1,0,1,2,0,2,2,2,0,1,1,0
0,0,0,1,1,1,1,1,1,1,1,0,0,0,1,0,1,1,0,0,1,0,0,1,1,0,0,0,0,0,0,1,1,0,0,0,1,2,2,2,2,0,2,2,2,2,2,2,2
0,1,0,0,1,1,1,0,1,0,1,1,0,1,1,0,1,1,1,0,1,0,0,1,1,0,0,0,1,0,1,1,1,0,1,1,1,0,1,1,2,0,2,2,2,1,1,0,0
0,0,1,1,1,0,0,1,1,1,1,1,1,1,0,1,1,0,0,0,1,0,1,0,1,1,1,0,0,1,0,1,1,1,1,1,1,2,2,2,2,0,2,2,2,2,2,2,2
0,0,1,0,0,1,0,0,1,0,0,0,1,0,0,1,1,1,1,1,1,0,1,1,1,1,1,0,1,0,1,1,1,1,0,1,1,0,1,1,2,0,2,2,2,1,1,0,0
0,0,1,0,0,0,0,0,1,0,1,0,0,0,1,1,1,0,0,1,0,0,1,1,1,0,1,1,1,0,1,1,1,0,0,1,1,2,2,2,2,0,2,2,2,2,2,2,2
0,1,1,1,0,1,0,0,1,0,0,0,1,0,1,1,1,1,1,1,1,1,1,1,1,0,1,1,0,1,1,0,1,1,1,1,1,1,0,1,2,0,2,2,2,0,1,1,0
0,0,1,1,0,0,0,1,1,1,1,1,1,0,1,0,1,0,0,1,1,1,0,1,1,1,0,0,1,1,1,0,1,1,0,0,1,2,2,2,2,0,2,2,2,2,2,2,2
0,0,1,0,0,0,1,0,1,0,0,0,0,0,1,1,1,0,1,1,0,1,1,1,1,1,1,1,0,0,0,1,1,0,0,0,1,2,2,2,2,0,2,2,2,2,2,2,2
0,1,1,0,0,0,1,1,1,1,1,1,0,1,1,1,1,1,1,1,0,0,0,0,1,0,1,1,1,1,1,1,1,0,1,0,1,2,2,2,2,0,2,2,2,2,2,2,2
0,1,0,0,1,0,0,0,1,1,1,1,0,1,0,1,1,1,1,1,1,0,0,0,1,0,1,0,0,0,0,1,1,1,1,1,1,0,0,1,1,0,2,2,2,0,1,0,1
0,0,1,1,1,1,0,1,1,1,0,0,1,1,1,1,1,1,1,1,0,0,1,0,1,0,1,0,1,1,0,1,1,1,1,0,1,2,2,2,2,0,2,2,2,2,2,2,2
0,1,1,0,0,0,0,1,1,1,1,0,1,1,1,1,1,0,1,1,1,1,0,1,1,0,1,1,1,0,1,1,1,1,1,0,1,0,1,1,2,0,2,2,2,1,1,0,0
0,0,1,0,0,0,0,1,1,0,0,1,1,0,1,1,1,0,1,1,0,1,1,1,1,1,1,1,0,0,1,1,1,0,1,1,1,2,2,2,2,0,2,2,2,2,2,2,2
0,1,0,1,0,0,0,1,1,0,1,1,0,1,1,1,1,0,1,0,0,1,0,1,1,1,0,1,1,1,1,0,1,0,0,1,1,1,1,1,2,0,2,2,2,1,1,1,0
0,1,1,1,0,0,1,1,1,1,0,0,1,1,1,1,1,0,1,0,0,1,0,0,1,1,1,1,1,0,0,1,1,1,1,1,1,1,1,1,2,0,2,2,2,1,0,1,0
0,1,0,1,1,0,1,1,1,0,0,1,1,0,0,0,1,0,0,0,1,1,0,0,1,0,1,1,0,0,0,1,1,1,1,1,1,0,1,1,2,0,2,2,2,1,0,0,0
0,0,1,0,1,0,1,1,1,1,1,0,1,1,0,0,1,1,1,0,0,0,0,1,1,0,0,0,0,0,1,1,1,0,0,1,1,1,1,1,2,0,2,2,2,0,0,1,0
0,1,0,1,0,1,1,1,1,0,1,0,1,1,1,0,1,0,1,1,1,1,0,1,1,1,0,1,1,0,0,0,1,0,0,0,1,2,2,2,2,0,2,2,2,2,2,2,2
0,0,1,1,0,0,0,0,1,0,0,1,0,1,1,0,1,0,0,0,0,0,1,1,1,1,1,0,1,1,0,0,1,1,0,1,1,1,0,1,2,0,2,2,2,0,1,1,0
0,0,0,0,0,0,1,0,1,1,1,1,0,1,0,1,1,1,1,0,0,0,1,1,1,0,1,0,1,1,1,1,1,0,0,0,1,2,2,2,2,0,2,2,2,2,2,2,2
0,0,0,0,1,1,1,0,1,1,0,1,1,1,0,1,1,1,1,0,0,1,0,0,1,1,1,1,0,0,0,1,1,0,1,0,1,2,2,2,2,0,2,2,2,2,2,2,2
0,1,0,0,0,1,0,0,1,0,1,1,0,1,1,1,1,0,1,1,1,1,0,1,1,0,1,0,1,0,1,0,1,1,1,0,1,1,1,1,2,0,2,2,2,1,1,1,0
0,1,1,0,0,1,0,0,1,1,1,0,0,1,0,1,1,1,1,0,0,1,1,1,1,1,0,0,0,0,0,1,1,0,1,0,1,2,2,2,2,0,2,2,2,2,2,2,2
0,1,0,0,0,1,0,0,1,1,1,0,0,0,0,1,1,1,0,1,0,0,1,0,1,1,0,1,0,0,0,1,1,0,0,0,1,2,2,2,2,0,2,2,2,2,2,2,2
0,0,0,0,0,1,0,1,1,1,0,1,0,1,0,1,1,1,0,0,1,0,1,0,1,1,0,1,0,1,0,1,1,1,1,0,1,2,2,2,2,0,2,2,2,2,2,2,2
0,1,0,1,1,0,1,0,1,1,0,0,0,1,0,1,1,0,0,1,0,1,1,0,1,1,1,1,0,1,0,1,1,1,0,0,1,2,2,2,2,0,2,2,2,2,2,2,2
0,0,0,1,1,0,1,0,1,0,0,0,1,1,1,1,1,0,1,0,0,1,0,0,1,1,0,0,0,1,1,1,1,1,1,0,1,1,0,0,1,0,2,2,2,0,0,1,1
0,1,0,0,0,1,0,1,1,0,1,1,1,1,1,0,1,1,1,1,0,1,1,1,1,0,0,0,0,0,1,1,1,0,1,1,1,2,2,2,2,0,2,2,2,2,2,2,2
0,1,0,0,1,1,1,1,1,1,1,1,1,1,1,0,1,1,1,1,1,1,1,1,1,1,1,0,0,1,1,1,1,1,0,0,1,2,2,2,2,0,2,2,2,2,2,2,2
0,0,0,1,0,0,0,1,1,0,1,0,1,1,1,1,1,1,0,1,0,1,1,1,1,0,1,1,0,0,0,0,1,1,0,1,1,2,2,2,2,0,2,2,2,2,2,2,2
0,1,1,0,0,0,0,0,1,1,0,1,1,1,0,0,1,0,1,1,0,1,1,0,1,1,1,0,1,0,0,1,1,1,0,1,1,2,2,2,2,0,2,2,2,2,2,2,2
0,0,0,0,0,1,0,0,1,0,1,0,1,1,0,0,1,1,1,0,1,1,1,1,1,0,1,0,0,0,1,1,1,1,0,1,1,1,1,1,2,0,2,2,2,1,1,1,0
0,0,1,0,1,1,1,1,1,1,0,1,1,0,1,0,1,1,0,0,1,0,0,0,1,0,1,0,0,1,0,0,1,1,0,0,1,2,2,2,2,0,2,2,2,2,2,2,2
0,1,0,1,1,1,1,1,1,0,1,0,0,0,0,1,1,1,1,0,1,1,0,0,1,0,1,1,1,1,0,1,1,1,1,0,1,2,2,2,2,0,2,2,2,2,2,2,2
0,0,0,1,1,0,0,0,1,0,0,1,1,1,0,1,1,1,1,1,1,1,0,0,1,0,1,1,0,0,1,1,1,0,1,0,1,2,2,2,2,0,2,2,2,2,2,2,2
0,0,0,1,0,0,0,1,1,1,0,1,1,0,0,1,1,1,0,0,1,1,0,0,1,0,1,0,0,0,0,0,1,0,1,0,1,2,2,2,2,0,2,2,2,2,2,2,2
0,1,0,1,1,0,0,1,1,1,1,1,1,0,1,1,1,0,1,1,0,1,1,0,1,1,0,1,0,1,0,1,1,1,1,0,1,2,2,2,2,0,2,2,2,2,2,2,2
0,1,1,0,1,0,0,1,1,0,0,1,1,1,1,0,1,0,0,1,1,1,1,1,1,0,1,0,0,0,0,0,1,1,0,0,1,2,2,2,2,0,2,2,2,2,2,2,2
0,0,1,1,1,1,0,0,1,0,1,0,1,1,1,1,1,0,1,0,0,0,1,1,1,1,0,1,1,1,0,1,1,0,1,0,1,0,1,0,1,0,2,2,2,1,0,0,1
0,1,0,1,1,1,0,1,1,1,1,0,0,1,1,1,1,0,0,1,1,1,0,1,1,0,1,0,1,1,1,1,1,0,1,0,1,0,0,1,1,0,2,2,2,0,1,0,1
0,0,0,1,1,1,0,1,1,0,0,0,0,0,0,1,1,0,0,0,0,1,0,1,1,1,1,0,1,0,1,1,1,0,0,1,1,0,0,1,1,0,2,2,2,0,1,0,0
0,1,1,0,1,1,1,1,1,0,0,1,0,0,0,0,1,1,0,1,1,0,1,0,1,1,0,1,0,0,1,1,1,1,1,0,1,2,2,2,2,0,2,2,2,2,2,2,2
0,1,1,1,1,1,1,1,1,1,1,0,0,0,0,1,1,0,0,0,1,1,1,0,1,1,1,1,1,0,1,1,1,1,0,1,1,2,2,2,2,0,2,2,2,2,2,2,2
0,0,0,0,0,1,0,1,1,0,0,1,1,0,1,0,1,0,0,1,1,0,0,1,1,1,1,1,1,0,1,0,1,0,1,1,1,1,1,1,2,0,2,2,2,1,1,1,0
0,1,1,0,0,1,1,1,1,0,1,0,0,1,1,0,1,0,0,1,1,0,0,0,1,1,1,0,1,0,1,1,1,1,1,0,1,2,2,2,2,0,2,2,2,2,2,2,2
0,1,1,0,0,1,0,1,1,1,0,1,1,0,0,0,1,1,1,1,0,1,0,0,1,1,1,1,1,0,1,1,1,0,0,1,1,2,2,2,2,0,2,2,2,2,2,2,2
0,1,0,1,0,1,0,0,1,1,1,1,1,1,0,1,1,1,1,0,1,0,1,0,1,0,0,1,1,1,0,1,1,0,0,1,1,2,2,2,2,0,2,2,2,2,2,2,2
0,1,0,0,0,0,1,1,1,0,0,1,0,0,1,0,1,1,1,0,1,0,1,0,1,1,0,0,1,1,1,0,1,1,1,0,1,2,2,2,2,0,2,2,2,2,2,2,2
0,0,0,0,1,1,1,1,1,1,0,1,0,0,1,1,1,0,0,0,0,0,1,1,1,0,0,1,0,1,0,0,1,1,1,0,1,2,2,2,2,0,2,2,2,2,2,2,2
0,1,0,0,1,1,1,1,1,1,1,1,0,0,1,1,1,0,1,0,1,0,1,1,1,0,1,1,0,0,0,1,1,1,0,1,1,0,0,1,2,0,2,2,2,0,1,0,0
0,1,0,1,1,0,1,1,1,1,1,0,0,0,1,1,1,1,1,0,0,1,1,1,1,0,1,1,1,1,1,1,1,0,0,1,1,1,0,1,1,0,2,2,2,0,1,1,1
0,0,0,0,0,1,1,0,1,0,1,1,1,0,1,1,1,0,0,1,1,0,1,1,1,0,1,0,1,1,0,1,1,0,0,1,1,0,1,0,1,0,2,2,2,1,0,0,1
0,1,0,0,0,0,0,1,1,1,1,0,0,0,1,1,1,0,0,1,1,1,1,1,1,0,0,0,1,1,1,1,1,0,1,1,1,0,0,1,1,0,2,2,2,0,1,0,0
0,1,0,1,1,1,1,0,1,1,0,1,0,0,0,1,1,0,1,0,0,1,1,1,1,1,1,0,1,0,0,0,1,1,0,0,1,2,2,2,2,0,2,2,2,2,2,2,2
0,0,1,1,1,1,0,1,1,0,1,0,1,0,0,0,1,1,1,1,1,0,1,1,1,1,0,1,1,0,0,1,1,0,0,0,1,0,1,1,2,0,2,2,2,1,1,0,0
0,0,1,0,0,1,1,1,1,1,0,0,1,1,1,1,1,0,0,1,0,1,1,1,1,1,1,0,0,0,0,1,1,1,1,0,1,2,2,2,2,0,2,2,2,2,2,2,2
0,1,1,0,1,1,0,1,1,1,0,0,1,1,1,1,1,0,0,1,0,0,1,1,1,1,0,0,0,0,0,0,1,0,1,0,1,0,0,1,2,0,2,2,2,0,1,0,0
0,0,0,1,1,1,1,1,1,1,1,1,0,0,1,1,1,1,0,1,0,1,0,1,1,0,1,1,1,1,0,0,1,1,1,0,1,1,1,1,2,0,2,2,2,1,0,1,0
0,0,0,0,0,1,1,0,1,1,0,1,0,0,1,0,1,1,0,0,0,1,1,0,1,0,1,0,1,1,0,1,1,1,0,1,1,2,2,2,2,0,2,2,2,2,2,2,2
0,1,0,1,0,0,1,1,1,1,0,1,0,0,0,1,1,0,0,1,0,0,1,0,1,0,1,0,1,1,1,0,1,0,1,1,1,2,2,2,2,0,2,2,2,2,2,2,2
0,1,1,0,1,0,1,0,1,0,1,1,1,1,0,1,1,0,1,0,1,0,1,0,1,0,0,0,0,1,1,1,1,1,0,1,1,2,2,2,2,0,2,2,2,2,2,2,2
0,1,0,1,0,1,1,0,1,0,1,0,0,1,1,1,1,1,1,0,1,0,1,1,1,1,1,0,1,1,1,1,1,1,1,0,1,2,2,2,2,0,2,2,2,2,2,2,2
0,1,0,1,1,0,0,1,1,0,0,1,0,1,0,1,1,1,0,0,1,1,1,1,1,0,1,0,1,1,0,1,1,1,1,0,1,0,1,1,1,0,2,2,2,1,1,0,1
0,1,0,1,1,1,0,1,1,0,0,0,0,0,1,1,1,1,0,0,1,0,0,0,1,0,1,1,1,1,1,1,1,0,0,0,1,2,2,2,2,0,2,2,2,2,2,2,2
0,0,1,1,0,0,1,1,1,1,0,1,1,0,0,0,1,0,1,0,1,0,0,1,1,0,0,1,0,0,1,0,1,0,0,0,1,2,2,2,2,0,2,2,2,2,2,2,2
0,0,1,1,0,0,1,1,1,0,1,1,0,1,0,0,1,1,0,1,1,0,1,1,1,1,1,0,1,1,0,1,1,0,0,1,1,1,1,2,2,0,2,2,2,1,0,1,0
0,1,0,1,0,0,1,1,1,1,0,1,1,0,1,1,1,1,0,1,0,1,1,1,1,1,0,0,1,1,0,1,1,1,0,0,1,2,2,2,2,0,2,2,2,2,2,2,2
0,0,1,1,0,1,1,1,1,0,0,1,1,1,1,1,1,1,1,0,1,0,1,0,1,1,1,1,1,1,1,0,1,0,0,1,1,1,1,0,1,0,2,2,2,1,0,1,1
0,0,1,0,0,0,1,1,1,1,1,0,1,1,0,0,1,0,0,1,1,0,1,0,1,1,1,0,1,0,0,1,1,0,1,1,1,0,1,0,1,0,2,2,2,1,0,0,0
0,0,0,1,1,0,1,1,1,1,0,1,0,0,1,1,1,1,1,0,0,0,1,1,1,0,0,0,1,1,0,1,1,1,1,1,1,0,1,0,1,0,2,2,2,1,0,0,1
0,1,0,0,0,1,1,1,1,0,1,0,0,0,1,1,1,0,1,1,1,1,1,1,1,1,1,1,0,1,1,0,1,1,1,1,1,1,1,1,1,0,2,2,2,1,1,1,0
0,1,1,1,0,1,0,1,1,0,0,0,0,1,1,1,1,1,0,1,1,0,1,1,1,1,1,1,1,1,1,1,1,1,0,1,1,1,1,1,1,0,2,2,2,1,1,1,0
0,0,0,1,0,1,0,0,1,0,1,1,1,0,1,1,1,1,0,0,1,1,1,1,1,1,1,0,1,0,0,1,1,0,0,0,1,2,2,2,2,0,2,2,2,2,2,2,2
0,0,0,1,1,1,1,1,1,0,0,1,0,1,0,0,1,0,1,0,1,0,1,1,1,1,1,1,1,1,1,1,1,1,0,1,1,2,2,2,2,0,2,2,2,2,2,2,2
0,0,1,1,0,1,1,0,1,0,0,0,1,1,1,1,1,1,0,1,1,0,1,1,1,1,1,0,0,1,0,1,1,1,1,1,1,2,2,2,2,0,2,2,2,2,2,2,2
0,1,0,0,1,1,1,0,1,1,0,1,1,1,1,1,1,0,0,1,1,0,0,0,1,1,0,1,0,1,1,1,1,0,1,1,1,0,2,2,2,0,2,2,2,0,0,0,0
0,1,0,0,1,1,0,1,1,1,1,1,0,0,1,1,1,0,1,1,1,0,0,1,1,0,1,1,1,0,0,0,1,1,1,1,1,0,1,2,2,0,2,2,2,1,0,0,0
0,0,0,1,1,0,1,0,1,0,0,1,0,0,1,0,1,0,1,0,0,0,1,1,1,1,1,0,0,0,1,1,1,1,1,1,1,1,0,0,1,0,2,2,2,0,0,1,1
0,0,0,0,0,1,0,0,1,0,0,0,1,1,1,0,1,1,1,0,1,1,0,1,1,1,1,1,1,0,1,1,1,0,1,1,1,2,2,2,2,0,2,2,2,2,2,2,2
0,0,1,0,1,0,0,1,1,0,0,1,1,0,0,0,1,1,0,0,0,1,0,1,1,1,1,0,0,1,1,1,1,1,1,0,1,2,2,2,2,0,2,2,2,2,2,2,2
0,1,0,0,1,1,0,1,1,0,1,0,0,1,0,0,1,0,0,0,1,0,1,1,1,1,1,0,0,0,1,1,1,0,1,0,1,0,2,2,2,0,2,2,2,0,0,0,0
0,1,0,0,1,1,0,0,1,1,1,1,1,1,0,0,1,0,1,0,1,1,0,0,1,0,1,0,0,0,0,1,1,0,1,0,1,1,2,2,2,0,2,2,2,0,0,1,0
0,1,0,0,0,0,0,1,1,0,1,1,1,1,0,0,1,1,1,1,0,0,1,0,1,0,0,1,1,1,1,0,1,1,0,1,1,2,2,2,2,0,2,2,2,2,2,2,2
0,1,0,0,1,0,1,1,1,1,1,1,0,1,1,0,1,1,1,1,0,1,0,1,1,1,1,1,0,1,1,0,1,0,0,1,1,2,2,2,2,0,2,2,2,2,2,2,2
0,0,0,0,1,0,1,1,1,1,0,0,0,0,0,0,1,0,0,0,0,0,1,0,1,1,0,0,0,0,0,0,1,1,1,0,1,2,2,2,2,0,2,2,2,2,2,2,2
0,0,1,1,1,0,1,1,1,0,0,0,1,1,1,0,1,0,1,1,0,0,1,1,1,0,0,1,1,1,0,1,1,0,1,1,1,0,1,1,2,0,2,2,2,1,1,0,0
0,1,1,1,1,1,0,0,1,1,1,1,1,0,1,0,1,1,1,1,0,1,0,1,1,1,0,1,0,0,0,0,1,1,1,0,1,2,2,2,2,0,2,2,2,2,2,2,2
0,1,0,0,1,1,0,0,1,0,0,1,1,0,1,1,1,1,1,1,0,1,0,1,1,0,0,1,1,0,1,0,1,1,1,1,1,2,2,2,2,0,2,2,2,2,2,2,2
0,1,0,0,0,1,1,0,1,1,1,1,1,1,0,1,1,0,0,1,0,1,0,1,1,1,1,1,1,0,0,0,1,1,1,1,1,1,1,2,2,0,2,2,2,1,0,1,0
0,0,0,1,1,0,1,1,1,0,0,1,0,0,1,1,1,0,1,1,0,1,0,1,1,1,0,1,0,1,0,0,1,0,1,1,1,0,0,1,1,0,2,2,2,0,1,0,1
0,0,0,0,1,0,0,1,1,1,0,1,1,1,1,1,1,0,0,0,1,1,1,1,1,1,0,0,1,1,1,1,1,1,1,1,1,2,2,2,2,0,2,2,2,2,2,2,2
0,0,1,0,0,0,1,1,1,0,0,0,1,1,1,1,1,1,1,0,0,1,1,0,1,0,1,1,1,0,0,0,1,1,0,1,1,1,0,1,1,0,2,2,2,0,1,1,1
0,0,1,1,1,0,1,1,1,1,0,1,0,1,0,1,1,0,1,0,0,1,0,1,1,0,0,0,1,1,1,0,1,0,1,1,1,1,0,0,1,0,2,2,2,0,0,1,1
0,1,0,1,0,1,1,1,1,1,1,0,1,1,0,1,1,0,0,1,1,0,0,0,1,0,0,0,0,1,1,1,1,1,1,1,1,2,2,2,2,0,2,2,2,2,2,2,2
0,1,1,1,1,1,0,0,1,0,1,1,0,0,0,1,1,0,1,1,1,1,0,1,1,0,1,1,1,1,1,1,1,1,1,1,1,1,1,0,1,0,2,2,2,1,0,1,1
0,1,0,0,1,1,0,1,1,0,1,1,0,0,0,1,1,0,1,0,1,1,1,1,1,1,0,0,1,0,1,0,1,0,0,0,1,2,2,2,2,0,2,2,2,2,2,2,2
0,0,0,0,1,1,0,1,1,1,0,1,1,1,0,1,1,0,0,0,1,1,0,1,1,0,1,0,0,1,1,0,1,0,0,1,1,1,1,1,1,0,2,2,2,1,1,1,1
0,0,1,0,1,1,1,0,1,1,1,1,1,1,1,1,1,1,1,0,0,0,1,1,1,0,0,0,1,1,1,0,1,0,0,1,1,1,0,1,1,0,2,2,2,0,1,1,0
0,0,1,0,1,1,1,0,1,0,1,0,0,1,1,1,1,0,0,1,0,1,0,1,1,0,0,0,1,1,0,1,1,1,1,1,1,0,1,1,1,0,2,2,2,1,0,0,0
0,1,1,1,1,1,1,1,1,0,1,1,1,1,1,1,1,1,0,1,0,1,0,1,1,1,0,1,1,0,1,1,1,1,0,1,1,1,1,0,1,0,2,2,2,1,0,1,1
0,0,1,1,0,1,0,1,1,0,1,1,0,1,1,1,1,0,0,0,1,0,1,1,1,1,1,1,0,0,0,1,1,0,0,1,1,1,0,0,1,0,2,2,2,0,0,1,1
0,0,1,0,0,0,1,1,1,0,1,1,0,1,1,1,1,0,1,1,1,1,0,1,1,0,0,0,0,1,0,1,1,1,1,1,1,0,0,1,1,0,2,2,2,0,1,0,0
0,0,1,1,0,1,1,1,1,1,0,1,0,1,0,1,1,0,0,1,1,1,0,1,1,1,1,1,0,0,0,1,1,1,1,1,1,0,1,0,1,0,2,2,2,1,0,0,1
0,1,1,0,0,0,1,1,1,0,0,1,0,1,0,1,1,1,1,0,1,0,1,1,1,1,1,1,0,0,0,1,1,0,1,1,1,1,0,1,1,0,2,2,2,0,1,1,1
0,0,0,0,1,1,0,1,1,1,0,0,1,1,1,1,1,1,0,1,0,0,1,1,1,1,1,0,0,0,0,1,1,0,0,1,1,1,0,0,1,0,2,2,2,0,0,1,1
0,0,1,1,0,0,0,1,1,1,0,1,0,1,1,1,1,0,0,0,1,0,1,1,1,0,0,0,1,0,0,1,1,1,1,1,1,2,2,2,2,0,2,2,2,2,2,2,2
0,1,0,1,1,1,0,0,1,0,0,1,0,0,0,0,1,0,1,1,0,1,0,1,1,1,1,1,0,0,1,1,1,1,0,1,1,2,2,2,2,0,2,2,2,2,2,2,2
0,1,1,0,1,0,1,0,1,1,0,1,0,0,0,1,1,0,1,1,1,0,0,1,1,1,0,0,1,0,1,1,1,0,0,0,1,2,2,2,2,0,2,2,2,2,2,2,2
0,0,0,0,1,1,1,0,1,0,1,0,1,1,1,1,1,1,0,1,0,1,1,1,1,1,0,1,1,0,0,1,1,1,0,1,1,1,0,1,2,0,2,2,2,0,1,1,0
0,0,0,1,1,0,0,1,1,1,0,1,0,0,1,1,1,1,1,0,1,1,1,1,1,1,0,0,0,0,1,1,1,0,1,1,1,1,0,0,1,0,2,2,2,0,0,1,1
0,0,1,1,1,0,1,1,1,0,0,0,0,0,1,1,1,1,1,1,1,1,1,1,1,1,0,1,1,1,1,1,1,1,1,1,1,0,0,1,1,0,2,2,2,0,1,0,1
0,0,1,0,0,0,0,0,1,1,1,1,0,1,1,1,1,0,0,0,1,1,0,1,1,1,1,0,0,0,1,1,1,1,0,1,1,2,2,2,2,0,2,2,2,2,2,2,2
0,1,1,1,1,1,1,1,1,0,0,0,1,1,1,0,1,0,1,1,0,1,0,1,1,1,0,1,0,1,1,1,1,0,1,1,1,0,1,1,1,0,2,2,2,1,1,0,1
0,1,1,1,0,1,0,1,1,0,0,0,1,0,0,1,1,0,1,1,1,0,0,1,1,1,1,1,0,0,0,0,1,0,0,0,1,2,2,2,2,0,2,2,2,2,2,2,2
0,0,0,1,1,1,0,1,1,1,0,0,0,0,1,1,1,0,1,0,0,1,1,1,1,0,0,1,1,0,1,1,1,0,0,1,1,0,0,1,1,0,2,2,2,0,1,0,1
0,1,1,1,1,0,1,0,1,0,1,0,1,0,1,1,1,0,0,0,0,0,0,1,1,1,0,1,0,1,0,0,1,1,0,1,1,2,2,2,2,0,2,2,2,2,2,2,2
0,0,0,1,1,1,0,1,1,1,1,0,0,1,0,1,1,0,1,0,1,0,1,1,1,0,0,1,0,0,1,1,1,0,1,1,1,1,1,1,1,0,2,2,2,1,1,1,1
0,0,0,0,1,1,0,1,1,0,0,0,0,0,1,1,1,1,0,0,0,0,1,1,1,0,0,0,0,1,1,1,1,1,0,0,1,2,2,2,2,0,2,2,2,2,2,2,2
0,1,1,0,1,0,1,1,1,0,1,0,1,0,0,1,1,1,0,1,1,0,1,1,1,1,1,0,0,1,1,1,1,0,1,0,1,0,0,1,2,0,2,2,2,0,1,0,0
0,1,0,1,0,1,1,1,1,1,0,1,0,0,0,1,1,1,0,1,1,0,0,1,1,1,0,1,1,0,1,1,1,0,1,1,1,1,1,1,1,0,2,2,2,1,1,1,1
0,1,0,0,0,1,1,1,1,0,1,0,1,1,1,1,1,0,1,0,1,0,1,0,1,1,1,1,1,0,1,1,1,1,1,1,1,0,1,1,1,0,2,2,2,1,1,0,0
0,1,0,1,0,0,1,1,1,0,0,1,0,0,1,1,1,1,1,1,0,1,1,0,1,1,1,0,1,1,1,1,1,0,0,1,1,0,1,1,1,0,2,2,2,1,1,0,0
0,1,0,1,1,0,1,1,1,1,1,1,0,0,0,1,1,0,0,1,0,0,1,0,1,1,0,0,1,1,1,0,1,1,0,1,1,2,2,2,2,0,2,2,2,2,2,2,2
0,1,0,0,0,1,1,1,1,1,1,0,0,0,1,1,1,0,1,0,0,1,1,1,1,1,0,0,0,0,1,0,1,0,1,1,1,1,0,1,2,0,2,2,2,0,1,1,0
0,0,0,0,0,0,1,0,1,0,1,1,1,0,0,1,1,0,1,0,1,1,1,0,1,1,1,0,0,1,1,1,1,0,0,0,1,2,2,2,2,0,2,2,2,2,2,2,2
0,0,0,1,1,0,0,0,1,1,0,1,1,0,0,0,1,1,0,1,1,1,1,0,1,0,1,1,0,0,0,1,1,0,1,0,1,1,1,1,1,0,2,2,2,1,1,1,1
0,0,1,0,1,0,0,0,1,1,0,0,1,0,1,0,1,1,0,1,1,0,1,1,1,1,0,0,1,1,0,1,1,1,0,1,1,2,2,2,2,0,2,2,2,2,2,2,2
0,1,0,0,1,0,1,1,1,0,1,0,1,0,1,1,1,0,0,0,1,1,1,1,1,1,1,1,1,0,1,1,1,1,0,0,1,2,2,2,2,0,2,2,2,2,2,2,2
0,0,0,1,1,1,0,0,1,1,0,1,1,0,1,0,1,0,1,0,1,1,0,1,1,1,0,0,0,1,0,0,1,0,0,1,1,0,1,1,1,0,2,2,2,1,1,0,1
0,1,0,1,0,1,0,0,1,1,0,1,1,1,1,1,1,0,1,0,1,1,0,0,1,0,0,1,0,0,0,1,1,1,1,1,1,2,2,2,2,0,2,2,2,2,2,2,2
0,1,0,0,0,0,1,1,1,0,0,0,0,0,0,0,1,0,1,1,1,1,1,1,1,0,1,1,0,0,1,1,1,0,0,0,1,2,2,2,2,0,2,2,2,2,2,2,2
0,1,0,0,0,1,0,1,1,1,0,1,0,1,0,0,1,1,1,0,0,0,0,1,1,0,0,1,1,0,0,1,1,0,0,0,1,2,2,2,2,0,2,2,2,2,2,2,2
0,1,0,1,0,1,1,1,1,1,0,0,1,1,0,0,1,0,1,0,0,0,1,1,1,1,0,0,1,1,0,1,1,0,1,0,1,0,0,0,1,0,2,2,2,0,0,0,1
0,0,0,1,1,0,1,1,1,1,1,1,1,1,1,0,1,0,1,0,0,1,1,1,1,0,1,0,1,1,1,1,1,1,1,0,1,1,1,0,1,0,2,2,2,1,0,1,1
0,1,1,0,1,1,1,1,1,0,0,0,1,1,1,1,1,0,0,0,0,0,1,1,1,1,1,0,0,0,1,1,1,1,1,1,1,0,1,0,1,0,2,2,2,0,0,0,0
0,0,0,1,1,0,1,1,1,1,1,0,0,1,1,1,1,1,0,1,1,0,0,1,1,1,1,0,1,1,1,1,1,1,0,1,1,1,1,0,1,0,2,2,2,1,0,1,1
0,0,1,0,1,0,0,1,1,0,0,0,0,1,1,1,1,1,1,1,1,0,0,1,1,1,0,1,1,0,0,0,1,0,0,1,1,2,2,2,2,0,2,2,2,2,2,2,2
0,0,0,1,1,0,1,1,1,0,0,0,0,1,1,0,1,1,0,0,0,0,0,1,1,1,0,1,1,0,1,0,1,0,1,0,1,2,2,2,2,0,2,2,2,2,2,2,2
0,0,0,1,1,0,0,1,1,0,0,1,1,0,0,1,1,1,0,0,1,1,0,1,1,0,1,1,0,0,1,1,1,1,1,1,1,1,1,1,2,0,2,2,2,1,1,1,0
0,1,1,1,1,0,0,0,1,1,0,1,1,0,0,1,1,0,1,0,1,1,1,1,1,0,1,0,1,0,1,1,1,1,0,0,1,2,2,2,2,0,2,2,2,2,2,2,2
0,0,1,0,1,0,0,0,1,1,0,0,0,1,0,1,1,1,0,1,1,0,0,1,1,1,0,1,1,1,1,1,1,0,0,0,1,1,1,1,2,0,2,2,2,1,1,1,0
0,1,1,0,1,0,0,1,1,1,0,1,0,1,1,1,1,1,1,0,0,0,1,1,1,1,0,1,0,0,1,1,1,1,0,0,1,0,0,1,1,0,2,2,2,0,1,0,1
0,1,0,0,1,1,1,1,1,0,1,0,1,0,1,1,1,0,0,0,1,0,1,1,1,1,1,0,0,1,0,1,1,0,1,1,1,1,1,0,1,0,2,2,2,1,0,1,1
0,1,0,0,1,1,1,1,1,1,0,0,0,1,1,1,1,0,1,1,0,0,0,1,1,0,0,0,0,1,1,0,1,1,0,1,1,1,1,0,1,0,2,2,2,1,0,1,1
0,1,1,0,0,1,0,0,1,0,0,1,0,0,1,1,1,1,1,0,1,1,1,1,1,1,1,0,1,1,1,0,1,1,0,1,1,2,2,2,2,0,2,2,2,2,2,2,2
0,1,0,1,1,0,0,1,1,1,0,0,0,0,0,1,1,0,1,1,1,1,0,1,1,0,0,0,0,1,0,1,1,0,0,1,1,0,1,1,2,0,2,2,2,1,1,0,0
0,0,1,0,0,1,0,1,1,1,1,1,1,1,0,1,1,1,0,0,0,0,1,1,1,1,1,1,1,1,1,1,1,0,1,1,1,1,1,1,2,0,2,2,2,1,1,1,0
0,1,1,1,1,1,1,1,1,0,0,1,0,1,0,0,1,0,1,1,1,1,1,1,1,1,0,1,0,1,1,1,1,0,1,1,1,2,2,2,2,0,2,2,2,2,2,2,2
0,1,1,1,1,1,1,1,1,0,1,1,1,1,1,0,1,1,0,0,0,0,1,0,1,1,1,1,1,1,1,1,1,1,1,0,1,2,2,2,2,0,2,2,2,2,2,2,2
0,1,1,1,0,0,0,1,1,1,1,1,0,0,1,1,1,1,1,0,0,0,1,0,1,0,1,0,0,1,0,1,1,1,0,1,1,2,2,2,2,0,2,2,2,2,2,2,2
0,0,1,0,1,0,0,1,1,0,1,1,1,1,0,0,1,0,0,0,1,0,0,1,1,1,0,0,1,1,1,1,1,0,0,1,1,1,1,2,2,0,2,2,2,1,0,1,0
0,0,0,1,1,0,1,1,1,1,0,1,1,1,0,0,1,0,0,0,1,0,0,0,1,0,0,1,1,0,1,0,1,1,0,0,1,2,2,2,2,0,2,2,2,2,2,2,2
0,1,1,0,0,1,1,1,1,0,1,1,0,1,1,0,1,0,1,1,1,0,0,0,1,1,1,1,0,0,1,1,1,1,0,1,1,2,2,2,2,0,2,2,2,2,2,2,2
0,0,0,1,0,0,1,0,1,1,1,0,1,1,1,0,1,0,0,1,1,0,0,0,1,0,1,0,1,1,0,0,1,0,0,1,1,1,2,2,2,0,2,2,2,0,0,1,0
0,0,0,0,0,1,0,0,1,1,0,1,0,0,0,1,1,0,1,1,1,0,0,0,1,0,1,0,0,0,1,0,1,0,1,1,1,1,2,2,2,0,2,2,2,0,0,1,0
0,0,0,1,0,1,0,1,1,1,1,0,1,0,1,1,1,0,0,1,0,0,1,1,1,0,1,1,1,0,1,1,1,0,1,1,1,1,2,2,2,0,2,2,2,0,0,1,0
0,1,1,1,0,1,0,1,1,1,1,0,1,0,1,1,1,0,1,1,1,1,0,1,1,0,0,1,0,0,0,1,1,1,0,1,1,1,2,2,2,0,2,2,2,0,0,1,0
0,1,0,1,1,1,0,1,1,0,0,0,1,1,1,1,1,1,1,0,1,1,0,1,1,0,1,1,0,1,0,1,1,0,0,1,1,1,1,1,1,0,2,2,2,1,1,1,1
0,0,1,1,0,1,0,0,1,0,1,1,1,0,1,1,1,1,1,0,0,0,0,1,1,1,1,0,0,0,1,1,1,0,1,1,1,1,0,0,1,0,2,2,2,0,0,1,1
0,0,1,0,1,0,0,0,1,1,1,0,0,0,0,1,1,1,1,1,0,0,1,1,1,1,1,0,0,1,0,0,1,1,1,0,1,2,2,2,2,0,2,2,2,2,2,2,2
0,1,0,0,1,1,1,0,1,1,1,1,0,0,0,0,1,1,0,1,1,0,0,1,1,1,0,1,1,0,1,0,1,1,0,1,1,0,1,0,1,0,2,2,2,1,0,0,1
0,1,0,1,1,0,1,1,1,1,1,0,1,0,1,0,1,1,1,1,0,0,1,0,1,1,0,0,1,0,1,0,1,1,1,1,1,2,2,2,2,0,2,2,2,2,2,2,2
0,1,0,0,1,0,1,1,1,1,1,1,0,0,1,0,1,0,0,1,1,0,0,1,1,0,0,0,0,0,1,0,1,1,1,1,1,0,1,2,2,0,2,2,2,1,0,0,0
0,1,0,1,0,1,1,1,1,0,0,1,1,1,0,1,1,0,0,1,0,0,1,1,1,1,0,0,1,1,0,0,1,0,1,1,1,0,1,0,1,0,2,2,2,1,0,0,1
0,0,0,1,0,0,0,1,1,0,1,0,0,1,0,0,1,0,0,1,1,0,1,1,1,1,0,0,1,0,1,0,1,0,0,1,1,1,1,0,1,0,2,2,2,0,0,1,0
0,0,1,0,0,0,1,1,1,0,0,1,0,0,0,1,1,0,0,0,1,1,1,1,1,0,1,1,1,1,1,0,1,1,1,1,1,2,2,2,2,0,2,2,2,2,2,2,2
0,1,0,1,0,0,0,1,1,0,1,0,1,0,1,0,1,0,1,1,0,1,1,1,1,1,1,0,1,1,1,0,1,1,1,0,1,2,2,2,2,0,2,2,2,2,2,2,2
0,1,0,1,0,1,1,1,1,1,1,0,1,1,1,1,1,1,0,1,0,0,0,1,1,0,0,1,1,1,1,0,1,0,1,1,1,1,0,1,1,0,2,2,2,0,1,1,1
0,1,1,1,1,1,0,0,1,1,0,0,1,1,0,1,1,1,0,1,1,0,0,1,1,0,1,0,1,1,1,1,1,1,1,0,1,2,2,2,2,0,2,2,2,2,2,2,2
0,0,1,0,1,1,0,1,1,0,1,1,0,0,1,1,1,0,1,1,1,0,0,1,1,0,1,1,0,1,0,0,1,0,1,0,1,0,2,2,2,0,2,2,2,0,0,0,0
0,1,1,1,1,0,1,1,1,0,1,1,1,0,1,1,1,0,1,1,0,1,1,1,1,1,0,0,0,0,0,1,1,0,0,0,1,2,2,2,2,0,2,2,2,2,2,2,2
0,1,0,0,0,0,1,0,1,0,0,1,0,1,1,1,1,0,0,0,0,1,1,0,1,1,0,0,0,1,0,1,1,1,0,0,1,0,2,2,2,0,2,2,2,0,0,0,0
0,0,1,0,0,0,0,0,1,0,1,0,1,0,0,1,1,0,0,0,0,0,0,0,1,1,0,1,1,1,0,1,1,0,0,1,1,2,2,2,2,0,2,2,2,2,2,2,2
0,1,0,1,0,1,0,0,1,1,0,1,1,0,0,1,1,0,0,1,0,1,0,0,1,0,1,1,0,0,1,1,1,1,0,1,1,0,1,2,2,0,2,2,2,1,0,0,0
0,0,1,1,0,1,1,1,1,0,0,1,0,0,1,0,1,0,0,0,0,0,0,0,1,1,0,1,0,1,1,1,1,1,0,1,1,1,0,0,1,0,2,2,2,0,0,1,1
0,0,1,0,1,1,1,0,1,1,0,1,1,1,0,1,1,1,1,0,1,1,0,1,1,1,0,0,1,1,1,1,1,0,0,1,1,1,1,1,1,0,2,2,2,1,1,1,0
0,0,0,0,1,1,1,0,1,0,0,1,1,1,0,1,1,0,1,0,1,1,0,1,1,0,1,1,1,1,1,0,1,1,0,1,1,2,2,2,2,0,2,2,2,2,2,2,2
0,0,1,0,1,1,0,1,1,1,0,0,0,0,1,0,1,0,1,0,1,1,0,1,1,0,0,1,0,1,0,0,1,0,0,1,1,1,2,2,2,0,2,2,2,0,0,1,0
0,0,1,1,1,0,1,1,1,1,0,0,0,0,0,1,1,0,1,0,1,1,0,1,1,1,0,1,1,1,1,0,1,0,0,0,1,2,2,2,2,0,2,2,2,2,2,2,2
0,0,1,1,1,0,1,1,1,0,0,1,1,1,0,1,1,0,1,1,1,1,0,0,1,1,1,0,1,0,0,1,1,0,0,0,1,0,1,2,2,0,2,2,2,1,0,0,0
0,0,1,0,1,0,0,0,1,1,0,1,1,1,0,1,1,0,0,0,0,0,1,1,1,1,1,0,1,0,0,1,1,1,0,1,1,2,2,2,2,0,2,2,2,2,2,2,2
0,0,0,0,0,0,1,1,1,1,0,1,1,1,0,1,1,1,1,0,0,0,1,0,1,1,1,1,1,0,0,1,1,1,0,1,1,0,0,1,1,0,2,2,2,0,1,0,1
0,1,1,1,1,1,1,1,1,1,1,0,0,0,1,1,1,0,1,0,1,1,1,0,1,1,1,0,0,1,0,0,1,1,1,1,1,0,1,1,1,0,2,2,2,1,0,0,0
0,1,1,1,1,1,1,1,1,0,1,1,0,0,1,1,1,1,1,1,0,1,0,1,1,0,1,1,0,1,0,0,1,0,0,1,1,2,2,2,2,0,2,2,2,2,2,2,2
0,0,1,1,0,0,0,1,1,1,0,1,0,1,1,1,1,0,0,0,0,0,0,1,1,1,0,1,0,1,0,1,1,0,1,1,1,2,2,2,2,0,2,2,2,2,2,2,2
0,1,0,0,0,0,0,0,1,0,1,1,0,1,0,0,1,0,0,1,0,0,1,1,1,0,0,1,0,1,1,1,1,0,1,0,1,2,2,2,2,0,2,2,2,2,2,2,2
0,0,0,1,1,1,0,0,1,1,1,1,1,0,1,1,1,0,0,1,1,0,1,1,1,0,1,0,0,1,0,0,1,1,1,1,1,2,2,2,2,0,2,2,2,2,2,2,2
0,0,1,1,0,0,1,0,1,1,1,0,1,0,0,1,1,1,1,0,0,0,0,1,1,1,1,0,1,0,1,1,1,1,1,1,1,0,1,1,2,0,2,2,2,1,1,0,0
0,0,1,0,0,0,1,1,1,0,1,1,0,0,0,1,1,1,1,1,1,0,0,1,1,0,0,1,0,0,1,1,1,1,1,0,1,2,2,2,2,0,2,2,2,2,2,2,2
0,1,1,0,0,0,1,1,1,1,1,0,0,0,1,1,1,0,0,1,1,1,1,1,1,0,1,0,0,1,1,0,1,0,1,1,1,2,2,2,2,0,2,2,2,2,2,2,2
0,0,0,1,0,0,0,1,1,1,0,1,1,1,1,1,1,0,1,1,0,1,1,1,1,1,0,1,1,0,1,1,1,1,1,0,1,2,2,2,2,0,2,2,2,2,2,2,2
0,1,1,0,0,1,0,1,1,1,0,0,0,0,1,1,1,0,0,0,0,0,1,1,1,0,0,0,0,1,0,1,1,0,1,1,1,1,1,1,1,0,2,2,2,1,1,1,1
0,0,0,1,1,0,1,1,1,0,0,1,1,0,1,1,1,0,0,0,1,0,0,0,1,0,1,0,1,0,0,0,1,1,0,1,1,2,2,2,2,0,2,2,2,2,2,2,2
0,0,1,1,1,0,0,1,1,1,0,1,1,1,1,1,1,1,0,1,0,1,0,1,1,1,1,1,0,0,0,0,1,0,1,1,1,1,1,1,1,0,2,2,2,1,1,1,1
0,0,1,0,1,1,0,1,1,0,1,1,1,0,1,1,1,1,1,1,1,0,1,1,1,1,0,0,1,1,1,0,1,1,0,0,1,2,2,2,2,0,2,2,2,2,2,2,2
0,1,0,0,1,0,0,0,1,1,1,0,0,0,1,0,1,0,0,1,0,0,1,1,1,0,0,1,1,1,1,0,1,0,0,0,1,2,2,2,2,0,2,2,2,2,2,2,2
0,1,0,0,0,0,0,1,1,0,0,1,1,0,0,1,1,0,1,1,1,0,0,1,1,1,0,1,0,1,1,1,1,0,0,0,1,2,2,2,2,0,2,2,2,2,2,2,2
0,0,0,1,0,1,1,1,1,1,1,0,0,0,1,1,1,1,0,1,0,0,0,0,1,1,1,0,1,1,1,1,1,1,0,0,1,2,2,2,2,0,2,2,2,2,2,2,2
0,1,1,0,0,1,1,0,1,0,1,0,0,0,1,1,1,1,0,1,0,0,1,0,1,0,0,1,0,1,0,1,1,1,0,0,1,0,0,0,1,0,2,2,2,0,0,0,1
0,1,1,0,1,1,0,0,1,0,0,0,0,1,1,1,1,1,1,0,1,1,1,1,1,0,0,1,0,0,1,0,1,0,0,0,1,2,2,2,2,0,2,2,2,2,2,2,2
0,0,1,0,0,0,0,1,1,1,0,1,0,1,1,1,1,1,0,0,1,0,0,1,1,0,1,1,0,1,1,1,1,0,1,1,1,1,1,1,1,0,2,2,2,1,1,1,1
0,0,1,0,0,1,0,1,1,1,1,1,1,0,0,1,1,1,1,0,0,0,0,0,1,1,0,0,0,0,1,1,1,0,1,0,1,2,2,2,2,0,2,2,2,2,2,2,2
0,1,1,0,1,0,1,0,1,1,0,1,1,1,1,0,1,1,0,1,0,0,1,0,1,0,1,0,0,0,0,1,1,0,1,0,1,1,0,1,1,0,2,2,2,0,1,1,1
0,0,0,0,1,0,1,1,1,0,1,0,0,0,1,1,1,1,1,1,0,0,0,1,1,0,1,1,1,0,1,1,1,0,1,0,1,0,1,1,1,0,2,2,2,1,1,0,0
0,1,1,0,1,0,0,0,1,0,0,1,1,1,1,1,1,0,1,0,1,0,0,1,1,0,0,0,0,0,0,0,1,0,0,1,1,1,1,1,1,0,2,2,2,0,0,1,0
0,0,1,0,0,1,1,1,1,1,1,1,1,1,1,1,1,0,1,0,1,0,0,1,1,0,0,0,0,1,0,0,1,0,1,1,1,0,0,0,1,0,2,2,2,0,0,0,1
0,0,1,0,0,0,1,0,1,1,1,1,1,0,0,0,1,1,1,0,1,0,0,0,1,1,0,0,0,0,0,1,1,1,1,1,1,2,2,2,2,0,2,2,2,2,2,2,2
0,0,1,1,0,0,1,1,1,1,0,1,0,1,1,1,1,1,0,1,1,0,0,1,1,0,1,1,0,1,1,1,1,0,1,1,1,1,0,1,2,0,2,2,2,0,1,1,0
0,0,1,1,0,0,0,1,1,1,0,1,1,1,0,1,1,1,0,1,1,0,1,1,1,0,1,1,1,1,1,1,1,1,0,1,1,0,1,1,2,0,2,2,2,1,1,0,0
0,0,0,0,1,1,1,0,1,0,1,1,0,0,1,1,1,1,1,0,1,0,0,1,1,1,1,1,1,1,1,1,1,0,1,0,1,2,2,2,2,0,2,2,2,2,2,2,2
0,0,0,1,0,1,1,1,1,1,1,0,1,0,1,1,1,0,1,0,1,1,0,1,1,1,0,1,0,0,0,1,1,0,0,1,1,2,2,2,2,0,2,2,2,2,2,2,2
0,1,1,1,0,0,1,0,1,0,1,1,1,1,1,1,1,0,1,1,0,0,1,1,1,0,1,1,0,0,0,0,1,0,0,0,1,2,2,2,2,0,2,2,2,2,2,2,2
0,1,0,1,1,1,1,0,1,1,0,1,0,0,0,1,1,1,0,1,1,1,1,1,1,0,1,1,1,1,1,0,1,1,0,1,1,0,1,0,1,0,2,2,2,1,0,0,1
0,1,0,1,1,1,1,1,1,0,1,1,1,0,1,0,1,0,0,0,0,1,0,0,1,1,1,0,1,0,0,1,1,0,1,0,1,2,2,2,2,0,2,2,2,2,2,2,2
0,0,0,1,0,0,0,1,1,1,0,1,1,0,1,0,1,0,1,0,1,0,1,0,1,0,0,1,0,1,0,0,1,0,1,0,1,2,2,2,2,0,2,2,2,2,2,2,2
0,1,0,1,0,1,0,1,1,1,1,1,0,1,1,1,1,1,0,1,1,1,1,0,1,0,0,0,0,1,0,0,1,1,1,1,1,1,1,0,1,0,2,2,2,1,0,1,1
0,0,1,0,0,1,1,1,1,1,1,0,0,1,0,0,1,1,1,1,0,1,0,1,1,0,0,0,0,1,1,0,1,0,1,0,1,2,2,2,2,0,2,2,2,2,2,2,2
0,1,1,0,1,0,1,1,1,1,0,0,1,1,1,0,1,0,1,1,0,0,0,1,1,1,0,1,0,0,0,1,1,1,0,1,1,1,0,0,1,0,2,2,2,0,0,1,1
0,0,0,0,0,1,1,1,1,0,1,1,0,1,1,1,1,1,1,1,0,1,1,1,1,1,0,1,1,1,1,0,1,0,1,1,1,1,0,1,1,0,2,2,2,0,1,1,1
0,0,1,0,1,1,1,1,1,0,0,0,1,1,0,0,1,1,0,1,0,1,1,1,1,1,1,0,0,0,0,0,1,0,0,0,1,2,2,2,2,0,2,2,2,2,2,2,2
0,1,0,0,1,0,1,0,1,0,1,0,0,1,1,1,1,1,0,0,1,1,1,1,1,1,1,0,0,0,1,0,1,0,1,1,1,2,2,2,2,0,2,2,2,2,2,2,2
0,0,1,1,1,0,0,1,1,0,1,1,1,0,1,1,1,0,0,1,1,0,1,0,1,1,0,1,0,0,1,0,1,1,1,1,1,1,0,0,1,0,2,2,2,0,0,1,1
0,0,1,0,1,0,0,0,1,0,0,1,0,1,1,1,1,1,1,1,0,1,1,0,1,0,0,0,0,0,1,0,1,1,0,1,1,1,1,1,1,0,2,2,2,1,1,1,0
0,0,0,0,0,1,1,1,1,1,0,0,1,0,1,1,1,1,1,1,0,1,1,1,1,1,0,0,1,1,0,1,1,0,1,0,1,2,2,2,2,0,2,2,2,2,2,2,2
0,1,1,0,1,0,1,0,1,0,1,1,0,1,0,1,1,1,0,0,1,1,1,0,1,0,1,1,0,0,0,1,1,0,0,1,1,2,2,2,2,0,2,2,2,2,2,2,2
0,1,0,1,1,1,0,0,1,1,1,0,1,1,1,1,1,0,0,0,1,0,1,0,1,1,1,1,0,0,1,1,1,0,0,1,1,1,0,0,1,0,2,2,2,0,0,1,1
0,1,1,0,0,1,1,0,1,0,1,0,0,1,0,1,1,1,0,0,0,1,1,0,1,0,1,1,1,1,1,0,1,1,0,0,1,2,2,2,2,0,2,2,2,2,2,2,2
0,0,0,0,1,0,0,1,1,0,1,1,0,1,0,1,1,0,0,1,0,0,1,0,1,0,0,0,1,1,1,0,1,0,0,1,1,1,1,2,2,0,2,2,2,1,0,1,0
0,0,1,1,1,1,0,0,1,1,0,1,0,0,0,1,1,0,1,0,1,0,1,0,1,0,1,1,0,1,1,0,1,1,1,1,1,0,0,1,1,0,2,2,2,0,1,0,1
0,0,1,0,1,0,1,0,1,1,0,0,0,0,0,0,1,0,0,1,0,0,1,1,1,1,0,0,1,1,1,0,1,1,1,1,1,1,0,1,1,0,2,2,2,0,1,1,0
0,0,0,1,1,1,1,0,1,0,0,0,1,0,0,1,1,0,1,1,1,1,0,0,1,1,1,1,1,0,0,0,1,1,1,1,1,1,1,1,1,0,2,2,2,1,1,1,1
0,1,0,0,0,1,1,0,1,0,0,0,0,1,1,0,1,0,0,0,0,1,0,1,1,1,1,1,1,0,0,0,1,1,1,1,1,0,1,1,1,0,2,2,2,1,0,0,0
0,1,1,1,0,1,0,1,1,0,1,0,1,1,1,0,1,1,1,1,0,0,0,1,1,1,1,0,0,0,0,0,1,1,0,0,1,2,2,2,2,0,2,2,2,2,2,2,2
0,1,1,1,1,0,1,1,1,0,0,1,1,1,1,0,1,1,0,0,1,1,1,1,1,1,0,1,0,0,1,0,1,1,0,0,1,2,2,2,2,0,2,2,2,2,2,2,2
0,1,0,1,1,1,1,1,1,0,1,1,0,0,0,1,1,0,0,1,0,1,1,1,1,0,0,1,1,0,0,0,1,1,1,0,1,2,2,2,2,0,2,2,2,2,2,2,2
0,1,1,1,1,1,1,1,1,0,0,0,1,1,0,1,1,1,1,1,1,0,0,1,1,0,1,0,1,0,1,1,1,1,0,1,1,0,1,2,2,0,2,2,2,1,0,0,0
0,1,1,1,0,0,1,1,1,0,0,1,0,1,1,1,1,0,0,1,0,0,0,1,1,0,1,1,0,1,1,1,1,1,1,0,1,2,2,2,2,0,2,2,2,2,2,2,2
0,0,1,1,1,1,1,1,1,1,0,0,0,0,0,1,1,0,1,1,1,0,0,1,1,0,1,0,1,0,0,0,1,0,0,1,1,2,2,2,2,0,2,2,2,2,2,2,2
0,0,0,0,0,1,1,0,1,1,0,0,1,0,1,1,1,0,1,0,0,0,1,1,1,0,0,1,1,0,1,0,1,1,0,1,1,2,2,2,2,0,2,2,2,2,2,2,2
0,0,1,1,0,1,1,0,1,1,0,1,1,0,0,1,1,1,1,0,1,0,0,0,1,0,1,1,0,1,0,1,1,0,1,1,1,1,1,0,1,0,2,2,2,1,0,1,1
0,0,0,0,0,1,0,1,1,0,0,1,1,1,0,0,1,0,0,1,0,1,0,1,1,0,1,0,0,1,1,0,1,1,1,1,1,2,2,2,2,0,2,2,2,2,2,2,2
0,0,0,0,1,1,1,1,1,1,1,1,0,0,1,0,1,0,0,0,0,1,1,0,1,1,0,1,0,1,1,1,1,1,0,0,1,2,2,2,2,0,2,2,2,2,2,2,2
0,0,1,1,1,1,1,1,1,1,1,1,0,1,1,1,1,0,1,1,0,1,1,1,1,0,0,0,0,1,1,1,1,1,0,0,1,2,2,2,2,0,2,2,2,2,2,2,2
0,1,1,1,1,0,1,1,1,1,0,0,0,1,0,0,1,1,1,0,0,1,0,1,1,0,0,1,1,1,1,1,1,1,0,1,1,0,0,0,1,0,2,2,2,0,0,0,1
0,0,0,0,0,1,1,1,1,0,1,0,0,1,0,0,1,0,1,1,0,0,1,0,1,1,0,0,0,1,0,0,1,0,1,1,1,0,0,1,1,0,2,2,2,0,1,0,0
0,0,0,1,0,1,0,0,1,1,0,0,1,1,1,1,1,1,0,0,0,1,0,1,1,0,0,0,0,1,1,1,1,0,1,1,1,1,0,1,1,0,2,2,2,0,1,1,0
0,1,1,0,1,0,0,1,1,0,0,1,0,0,0,1,1,1,0,0,1,1,0,1,1,1,1,1,0,1,1,1,1,0,0,1,1,0,0,1,1,0,2,2,2,0,1,0,0
0,1,0,1,1,0,1,0,1,1,1,0,0,0,1,1,1,1,1,1,0,1,1,1,1,1,1,1,0,1,0,1,1,0,0,1,1,2,2,2,2,0,2,2,2,2,2,2,2
0,1,1,1,0,1,1,1,1,1,1,0,0,0,1,1,1,0,0,1,0,0,0,1,1,1,0,1,0,0,0,0,1,1,0,0,1,2,2,2,2,0,2,2,2,2,2,2,2
0,0,0,0,1,0,1,1,1,1,0,0,0,0,0,0,1,0,0,0,0,1,1,0,1,0,0,0,0,0,0,0,1,1,1,1,1,2,2,2,2,0,2,2,2,2,2,2,2
0,0,1,1,0,0,1,1,1,1,1,0,0,0,0,1,1,1,0,1,0,0,1,0,1,1,1,0,0,1,1,0,1,0,1,1,1,1,1,1,2,0,2,2,2,1,1,1,0
0,0,1,0,1,1,0,1,1,1,0,1,1,1,1,0,1,1,0,1,0,1,0,1,1,0,1,0,1,1,0,0,1,0,0,0,1,2,2,2,2,0,2,2,2,2,2,2,2
0,1,0,0,1,0,0,1,1,0,0,0,1,1,1,1,1,0,1,1,1,1,0,0,1,1,0,1,1,0,1,1,1,1,1,1,1,2,2,2,2,0,2,2,2,2,2,2,2
0,0,0,0,1,0,1,1,1,0,0,0,0,1,0,1,1,1,0,0,0,1,0,0,1,0,1,1,1,0,1,1,1,0,0,1,1,1,0,1,2,0,2,2,2,0,1,1,0
0,1,1,0,1,1,0,1,1,1,0,1,1,0,1,0,1,0,1,0,1,0,0,1,1,0,1,1,1,1,1,1,1,0,0,1,1,0,1,0,1,0,2,2,2,1,0,0,1
0,1,1,1,0,0,1,0,1,1,1,0,1,1,0,1,1,1,0,1,0,1,1,1,1,1,0,0,1,1,0,0,1,1,1,1,1,2,2,2,2,0,2,2,2,2,2,2,2
0,1,1,0,0,0,1,0,1,0,0,1,0,1,1,1,1,0,0,1,0,0,1,1,1,0,0,1,0,1,0,0,1,0,1,1,1,0,0,1,2,0,2,2,2,0,1,0,0
0,1,1,1,0,1,1,0,1,1,0,0,1,0,0,1,1,0,1,1,1,1,1,1,1,1,0,0,1,1,0,0,1,1,0,0,1,2,2,2,2,0,2,2,2,2,2,2,2
0,1,1,0,1,0,1,1,1,1,1,0,1,0,0,1,1,1,1,0,0,1,1,1,1,1,1,0,0,1,0,0,1,1,1,0,1,2,2,2,2,0,2,2,2,2,2,2,2
0,0,1,0,1,0,1,1,1,1,0,1,0,1,1,1,1,1,0,1,1,1,1,1,1,0,0,0,1,1,0,1,1,1,0,1,1,2,2,2,2,0,2,2,2,2,2,2,2
0,0,1,0,1,0,0,1,1,1,1,1,0,1,1,1,1,0,0,0,1,1,1,1,1,0,1,0,1,1,1,1,1,0,1,1,1,1,2,2,2,0,2,2,2,0,0,1,0
0,0,0,1,0,0,1,1,1,1,1,0,1,1,1,1,1,1,1,1,0,1,1,0,1,0,0,0,1,1,1,0,1,1,1,1,1,0,1,1,1,0,2,2,2,1,1,0,1
0,1,0,1,1,0,1,0,1,1,1,1,0,0,0,0,1,0,0,0,0,1,1,1,1,0,1,0,0,0,1,0,1,0,0,1,1,0,0,1,1,0,2,2,2,0,1,0,0
0,1,0,0,0,0,1,0,1,1,1,1,1,0,1,1,1,1,0,1,1,1,0,1,1,0,0,1,0,0,1,1,1,0,1,1,1,2,2,2,2,0,2,2,2,2,2,2,2
0,0,1,0,1,1,1,0,1,0,0,0,1,1,1,1,1,1,0,1,0,0,1,1,1,1,1,0,1,1,1,0,1,0,0,0,1,2,2,2,2,0,2,2,2,2,2,2,2
0,1,0,1,0,0,1,0,1,1,0,1,0,1,0,0,1,1,1,0,0,0,1,1,1,1,0,0,0,1,1,0,1,0,0,0,1,2,2,2,2,0,2,2,2,2,2,2,2
0,1,1,0,1,1,0,1,1,1,1,1,1,0,0,1,1,0,0,1,1,0,0,0,1,1,1,1,0,1,0,0,1,0,0,0,1,2,2,2,2,0,2,2,2,2,2,2,2
0,0,0,0,1,0,1,0,1,1,0,1,1,0,1,1,1,1,1,1,1,0,0,0,1,0,0,1,0,0,1,1,1,1,0,0,1,2,2,2,2,0,2,2,2,2,2,2,2
0,1,0,0,0,1,1,0,1,0,1,0,1,1,1,1,1,1,0,1,1,1,0,1,1,1,1,0,0,0,1,0,1,1,0,1,1,2,2,2,2,0,2,2,2,2,2,2,2
0,0,0,0,0,1,1,0,1,0,1,0,1,0,0,1,1,1,0,0,0,0,1,1,1,1,0,0,0,1,1,0,1,1,1,1,1,0,2,2,2,0,2,2,2,0,0,0,0
0,1,0,1,1,0,0,1,1,0,0,1,0,0,1,1,1,1,0,0,1,1,0,1,1,0,1,0,0,0,0,0,1,0,1,1,1,0,0,1,1,0,2,2,2,0,1,0,1
0,1,1,0,1,1,1,0,1,1,1,1,1,0,0,1,1,1,1,0,1,1,1,0,1,1,1,1,1,1,1,0,1,1,0,0,1,2,2,2,2,0,2,2,2,2,2,2,2
0,0,0,0,0,0,1,0,1,1,0,1,0,0,0,1,1,1,1,0,1,0,1,0,1,1,0,1,1,1,0,1,1,1,0,1,1,2,2,2,2,0,2,2,2,2,2,2,2
0,0,1,0,0,0,0,0,1,1,0,0,0,1,0,0,1,1,1,0,1,0,1,0,1,0,1,0,0,1,0,1,1,0,1,1,1,2,2,2,2,0,2,2,2,2,2,2,2
0,0,0,0,0,0,1,1,1,0,0,0,1,1,1,0,1,1,0,1,1,1,0,1,1,1,0,1,1,0,1,1,1,0,1,1,1,2,2,2,2,0,2,2,2,2,2,2,2
0,0,1,0,0,0,1,0,1,1,1,0,0,0,0,0,1,0,0,1,1,1,0,0,1,1,1,0,1,1,1,0,1,1,1,1,1,2,2,2,2,0,2,2,2,2,2,2,2
0,1,0,1,1,0,1,0,1,0,0,0,1,1,0,0,1,0,1,1,1,1,0,0,1,0,0,0,1,1,1,0,1,0,1,1,1,0,0,0,1,0,2,2,2,0,0,0,1
0,1,1,1,1,0,1,1,1,0,0,0,1,1,1,0,1,0,1,1,0,0,1,1,1,0,1,0,0,0,0,0,1,0,1,1,1,0,0,0,1,0,2,2,2,0,0,0,1
0,1,1,1,1,1,1,0,1,1,1,0,1,0,1,1,1,1,1,1,1,1,0,0,1,0,1,1,1,0,0,1,1,0,0,1,1,0,0,1,1,0,2,2,2,0,1,0,1
0,1,1,1,1,1,0,1,1,1,0,0,1,0,1,1,1,0,1,0,1,1,1,1,1,1,0,0,0,0,1,1,1,0,1,1,1,0,1,1,1,0,2,2,2,1,1,0,1
0,0,0,1,1,1,0,1,1,0,0,0,0,1,1,1,1,1,1,1,1,0,0,1,1,1,0,1,1,1,1,1,1,1,1,0,1,2,2,2,2,0,2,2,2,2,2,2,2
0,1,0,0,1,1,0,1,1,1,1,0,0,1,1,1,1,1,1,1,0,1,0,0,1,0,1,1,1,0,0,1,1,0,1,1,1,2,2,2,2,0,2,2,2,2,2,2,2
0,1,1,1,1,0,0,1,1,1,1,1,0,1,1,1,1,1,1,1,0,0,0,0,1,1,0,0,1,1,0,1,1,1,1,0,1,2,2,2,2,0,2,2,2,2,2,2,2
0,0,0,0,1,0,1,1,1,1,0,1,1,1,1,1,1,0,1,1,0,1,0,0,1,1,0,1,1,1,0,1,1,0,0,1,1,1,0,1,2,0,2,2,2,0,1,1,0
0,0,1,0,1,1,1,1,1,0,0,1,1,1,0,1,1,1,1,0,1,1,0,1,1,1,0,0,0,0,0,1,1,1,0,1,1,0,0,1,2,0,2,2,2,0,0,0,0
0,1,0,1,0,1,1,1,1,0,0,0,1,1,0,1,1,0,0,0,1,0,0,1,1,1,0,0,1,0,0,1,1,0,0,0,1,2,2,2,2,0,2,2,2,2,2,2,2
0,1,0,1,1,1,1,1,1,1,0,1,0,1,1,1,1,0,1,1,1,0,0,0,1,0,1,1,1,1,0,1,1,0,0,1,1,1,1,0,1,0,2,2,2,1,0,1,1
0,1,0,1,0,1,0,1,1,0,1,1,1,0,0,0,1,1,1,1,1,1,0,1,1,0,0,1,0,1,1,1,1,1,0,1,1,0,1,0,1,0,2,2,2,1,0,0,0
0,0,1,0,1,1,1,1,1,0,1,0,0,1,1,1,1,1,0,0,1,0,1,1,1,1,0,0,0,0,0,1,1,0,1,0,1,2,2,2,2,0,2,2,2,2,2,2,2
0,0,1,0,0,1,0,1,1,1,0,0,0,0,1,0,1,1,0,0,1,0,1,0,1,1,1,1,0,0,1,1,1,1,1,0,1,2,2,2,2,0,2,2,2,2,2,2,2
0,1,0,0,0,1,1,0,1,1,1,1,0,0,0,0,1,0,0,0,0,1,1,0,1,0,1,0,0,1,1,1,1,0,1,0,1,2,2,2,2,0,2,2,2,2,2,2,2
0,0,0,1,1,1,0,0,1,0,0,1,1,1,0,1,1,1,0,0,0,1,1,0,1,0,0,1,1,1,1,1,1,1,1,1,1,1,1,0,1,0,2,2,2,1,0,1,1
0,0,0,0,1,0,1,1,1,0,0,0,0,1,0,0,1,1,0,0,1,1,1,0,1,0,1,0,1,0,1,0,1,0,1,0,1,2,2,2,2,0,2,2,2,2,2,2,2
0,0,1,0,1,1,1,1,1,0,0,0,1,0,0,1,1,1,1,0,1,1,1,1,1,1,1,1,1,0,1,0,1,0,1,0,1,0,1,1,2,0,2,2,2,1,1,0,0
0,0,0,1,1,0,0,0,1,0,0,1,1,1,1,1,1,1,1,1,1,1,0,0,1,0,0,1,1,1,1,0,1,1,1,1,1,2,2,2,2,0,2,2,2,2,2,2,2
0,0,0,0,0,1,1,0,1,0,1,0,1,1,1,0,1,0,1,0,0,1,1,1,1,0,1,1,0,0,0,1,1,1,0,1,1,1,0,1,1,0,2,2,2,0,1,1,1
0,0,1,1,1,1,1,1,1,1,0,1,0,1,1,1,1,1,0,1,0,1,1,1,1,1,0,0,0,1,0,1,1,0,0,1,1,1,1,1,1,0,2,2,2,1,1,1,0
0,1,0,1,1,1,1,0,1,0,1,0,1,1,0,1,1,1,1,0,0,1,1,1,1,0,1,0,1,0,0,0,1,0,1,1,1,1,1,1,1,0,2,2,2,0,0,1,0
0,0,1,0,0,1,1,0,1,1,1,0,0,1,0,1,1,0,0,1,1,0,1,1,1,1,1,1,0,1,1,0,1,1,1,1,1,0,0,1,1,0,2,2,2,0,1,0,0
0,0,1,1,0,0,1,0,1,1,0,0,0,1,0,0,1,0,0,0,1,0,1,1,1,1,0,1,0,1,1,0,1,0,1,0,1,2,2,2,2,0,2,2,2,2,2,2,2
0,0,0,1,1,1,1,0,1,0,1,0,1,0,0,1,1,0,1,0,1,1,0,1,1,1,0,1,0,1,0,1,1,1,1,0,1,2,2,2,2,0,2,2,2,2,2,2,2
0,0,1,1,0,1,0,1,1,1,1,0,1,1,1,1,1,1,0,0,0,1,0,0,1,0,0,1,1,1,0,0,1,0,1,1,1,0,0,0,1,0,2,2,2,0,0,0,1
0,0,0,1,1,1,0,0,1,0,0,1,1,0,1,1,1,0,0,0,1,1,0,1,1,1,0,0,1,0,0,1,1,0,1,1,1,0,1,0,1,0,2,2,2,1,0,0,0
0,0,0,0,0,0,1,0,1,1,1,1,1,1,1,0,1,1,0,1,1,1,1,1,1,0,1,0,0,1,0,1,1,1,1,1,1,1,0,1,1,0,2,2,2,0,1,1,0
0,0,1,1,0,1,1,0,1,1,1,1,1,1,1,0,1,0,0,1,1,1,1,1,1,0,1,1,0,1,0,0,1,1,0,0,1,2,2,2,2,0,2,2,2,2,2,2,2
0,0,0,0,1,1,0,0,1,0,0,1,1,0,1,1,1,0,1,0,0,1,1,1,1,1,0,1,1,0,1,0,1,1,1,1,1,2,2,2,2,0,2,2,2,2,2,2,2
0,1,0,1,0,0,1,1,1,1,0,0,1,1,1,1,1,1,1,0,0,1,0,0,1,0,0,1,0,0,0,0,1,0,0,1,1,1,0,1,2,0,2,2,2,0,1,1,0
0,0,1,1,0,1,1,0,1,0,1,0,1,1,0,1,1,0,1,1,1,0,1,0,1,0,1,0,1,0,1,1,1,1,0,1,1,0,1,1,1,0,2,2,2,1,1,0,1
0,0,0,1,0,1,1,0,1,1,1,0,0,0,0,1,1,0,1,1,1,0,1,0,1,0,0,0,1,0,1,1,1,1,1,1,1,2,2,2,2,0,2,2,2,2,2,2,2
0,0,0,1,0,1,1,0,1,1,0,1,1,0,0,1,1,1,0,1,0,0,0,1,1,0,1,1,0,0,0,1,1,1,0,1,1,2,2,2,2,0,2,2,2,2,2,2,2
0,0,1,0,0,0,0,0,1,0,1,0,1,1,0,1,1,1,0,1,1,0,0,1,1,0,0,1,0,0,1,1,1,1,1,1,1,2,2,2,2,0,2,2,2,2,2,2,2
0,0,1,0,1,1,0,0,1,1,1,0,0,0,0,0,1,1,1,0,0,1,1,1,1,0,1,0,1,0,1,0,1,1,1,1,1,1,1,2,2,0,2,2,2,1,0,1,0
0,0,1,0,0,0,1,0,1,1,0,1,1,1,1,0,1,1,1,1,0,1,0,0,1,0,0,1,0,1,0,1,1,1,0,0,1,2,2,2,2,0,2,2,2,2,2,2,2
0,0,1,0,0,1,1,1,1,0,1,0,1,0,1,1,1,1,0,0,1,0,1,1,1,1,1,0,0,1,0,1,1,1,1,1,1,2,2,2,2,0,2,2,2,2,2,2,2
0,0,0,1,0,1,1,1,1,1,0,0,1,0,1,1,1,0,1,0,1,0,1,0,1,1,0,1,1,0,1,1,1,0,1,1,1,2,2,2,2,0,2,2,2,2,2,2,2
0,1,1,1,1,1,0,1,1,1,1,1,0,1,1,1,1,0,0,1,0,0,1,1,1,0,0,0,0,1,1,1,1,1,1,1,1,1,0,0,1,0,2,2,2,0,0,1,1
0,0,1,0,1,0,1,1,1,0,1,1,0,1,0,0,1,1,0,0,0,0,1,1,1,0,1,0,1,1,1,0,1,1,1,1,1,2,2,2,2,0,2,2,2,2,2,2,2
0,1,0,1,1,0,0,1,1,0,1,1,1,0,1,0,1,0,1,1,0,0,1,1,1,0,1,1,0,0,1,0,1,1,0,1,1,1,1,1,2,0,2,2,2,1,1,1,0
0,1,0,0,0,1,1,1,1,0,1,1,0,1,0,0,1,0,1,0,1,1,1,1,1,0,1,0,0,1,1,1,1,0,0,1,1,2,2,2,2,0,2,2,2,2,2,2,2
0,0,0,0,0,1,1,1,1,0,0,0,0,1,1,0,1,0,1,1,1,0,1,1,1,1,0,1,0,0,0,1,1,1,1,1,1,0,0,1,2,0,2,2,2,0,1,0,0
0,0,1,1,1,1,1,1,1,1,1,1,1,0,1,1,1,0,1,1,1,1,1,1,1,1,0,0,0,1,1,1,1,1,1,1,1,2,2,2,2,0,2,2,2,2,2,2,2
0,0,1,0,1,1,1,1,1,0,1,1,0,1,0,0,1,1,1,1,0,1,1,1,1,0,1,0,0,1,1,1,1,1,1,1,1,2,2,2,2,0,2,2,2,2,2,2,2
0,1,0,1,1,0,1,0,1,1,0,1,1,0,1,0,1,1,1,1,0,1,1,1,1,1,0,0,0,1,1,1,1,0,1,0,1,2,2,2,2,0,2,2,2,2,2,2,2
0,1,1,0,1,1,1,0,1,1,1,0,1,1,1,0,1,0,1,0,1,1,1,1,1,1,0,0,1,1,1,1,1,0,1,1,1,2,2,2,2,0,2,2,2,2,2,2,2
0,0,1,1,0,1,0,1,1,0,1,0,1,1,0,1,1,0,1,1,1,1,1,1,1,0,0,1,0,0,0,1,1,1,0,0,1,2,2,2,2,0,2,2,2,2,2,2,2
0,0,0,1,1,1,0,1,1,0,0,1,0,1,1,0,1,1,0,0,0,0,1,0,1,0,1,1,1,0,0,1,1,0,0,0,1,0,0,1,2,0,2,2,2,0,1,0,0
0,0,0,0,1,1,0,1,1,1,1,0,1,1,1,0,1,1,1,1,0,0,0,1,1,0,0,1,0,0,1,1,1,1,1,1,1,0,1,1,2,0,2,2,2,1,1,0,0
0,1,0,0,1,1,1,1,1,1,1,1,0,1,1,1,1,1,1,1,0,1,0,1,1,0,0,1,0,0,1,1,1,1,0,1,1,1,1,0,1,0,2,2,2,1,0,1,1
0,1,1,1,1,0,1,1,1,1,0,0,0,1,1,1,1,1,1,0,0,0,1,0,1,0,0,0,0,1,0,0,1,0,0,1,1,1,1,0,1,0,2,2,2,1,0,1,0
0,0,0,1,1,1,0,1,1,0,0,1,0,0,1,1,1,1,1,0,0,1,0,1,1,1,0,0,0,1,1,1,1,1,1,1,1,2,2,2,2,0,2,2,2,2,2,2,2
0,1,1,1,0,0,1,1,1,0,0,0,1,0,0,0,1,1,1,0,1,0,1,1,1,1,0,1,0,1,0,0,1,1,0,1,1,2,2,2,2,0,2,2,2,2,2,2,2
0,1,1,0,0,0,1,1,1,0,0,1,1,0,0,0,1,0,0,0,0,1,1,1,1,0,0,1,1,0,1,1,1,1,1,1,1,0,0,0,1,0,2,2,2,0,0,0,1
0,0,1,0,0,1,0,1,1,1,1,0,1,1,0,0,1,0,0,1,1,1,0,0,1,1,0,0,0,1,1,1,1,1,1,1,1,1,0,1,1,0,2,2,2,0,1,1,0
0,1,0,1,0,1,0,1,1,1,1,1,0,0,0,1,1,0,0,0,0,1,1,0,1,1,1,1,0,1,1,1,1,0,1,0,1,2,2,2,2,0,2,2,2,2,2,2,2
0,1,1,0,1,1,1,1,1,1,0,1,0,0,1,1,1,0,0,1,0,0,1,1,1,0,1,1,1,1,0,1,1,1,0,1,1,2,2,2,2,0,2,2,2,2,2,2,2
0,1,0,1,0,0,1,1,1,0,1,1,0,1,1,1,1,0,1,1,0,0,1,0,1,1,0,1,0,0,1,1,1,0,1,1,1,1,1,1,1,0,2,2,2,1,1,1,1
0,0,1,1,1,0,0,1,1,0,1,1,0,0,1,1,1,0,0,0,1,0,1,0,1,1,0,1,1,0,0,1,1,0,1,1,1,1,1,0,1,0,2,2,2,1,0,1,1
0,0,1,0,0,1,0,1,1,1,0,1,0,1,0,1,1,1,1,1,0,0,1,0,1,1,0,0,0,1,0,1,1,0,0,1,1,2,2,2,2,0,2,2,2,2,2,2,2
0,1,1,1,1,0,0,1,1,0,0,1,1,1,1,1,1,0,1,1,0,1,1,0,1,0,1,1,0,1,0,1,1,0,1,0,1,2,2,2,2,0,2,2,2,2,2,2,2
0,0,1,1,0,1,1,1,1,0,0,1,0,1,1,1,1,1,1,1,1,0,1,0,1,0,1,1,0,0,1,1,1,1,0,1,1,2,2,2,2,0,2,2,2,2,2,2,2
0,0,1,1,1,1,1,1,1,0,0,0,1,1,1,0,1,1,0,0,1,0,1,0,1,1,1,0,1,0,1,1,1,1,1,1,1,1,2,2,2,0,2,2,2,0,0,1,0
0,1,0,1,1,1,0,1,1,0,1,0,0,1,1,0,1,0,1,1,1,1,0,1,1,0,1,1,0,1,1,1,1,0,1,1,1,0,1,1,1,0,2,2,2,1,1,0,1
0,1,0,1,1,0,1,1,1,0,0,1,0,0,1,0,1,1,1,0,1,0,0,1,1,0,1,1,1,1,0,0,1,0,1,1,1,0,0,1,1,0,2,2,2,0,1,0,1
0,0,1,1,0,0,1,0,1,0,1,1,0,0,1,0,1,0,1,1,0,0,0,1,1,1,0,0,1,0,1,0,1,0,0,0,1,2,2,2,2,0,2,2,2,2,2,2,2
0,1,1,1,1,1,1,0,1,0,1,1,0,0,0,1,1,0,0,1,0,1,0,1,1,0,1,0,0,0,1,1,1,1,1,0,1,0,0,0,1,0,2,2,2,0,0,0,1
0,1,0,1,0,0,0,0,1,1,1,0,1,1,1,1,1,0,1,1,1,0,0,0,1,1,0,0,1,0,1,1,1,0,0,0,1,2,2,2,2,0,2,2,2,2,2,2,2
0,0,0,0,1,1,0,0,1,1,1,0,1,0,1,1,1,1,0,0,0,1,1,0,1,1,0,1,0,0,0,0,1,1,0,1,1,1,0,1,2,0,2,2,2,0,1,1,0
0,0,1,0,0,1,1,1,1,0,0,1,1,1,1,1,1,0,0,1,0,1,0,0,1,1,1,1,1,0,0,1,1,0,0,1,1,2,2,2,2,0,2,2,2,2,2,2,2
0,1,1,1,1,1,1,1,1,0,1,0,1,1,1,1,1,0,0,1,1,1,1,0,1,0,0,0,1,0,0,0,1,1,0,1,1,0,0,1,1,0,2,2,2,0,1,0,1
0,1,1,0,0,0,1,1,1,0,1,0,0,1,0,1,1,0,0,0,1,1,1,1,1,1,0,0,0,1,1,0,1,0,0,1,1,2,2,2,2,0,2,2,2,2,2,2,2
0,0,0,0,0,1,1,1,1,1,1,1,1,0,0,0,1,0,0,1,1,1,1,1,1,0,0,1,0,0,0,1,1,0,1,1,1,0,1,0,1,0,2,2,2,1,0,0,1
0,1,0,1,0,0,0,0,1,0,1,0,1,0,0,0,1,0,1,1,0,1,0,0,1,0,1,1,1,1,0,1,1,0,1,0,1,2,2,2,2,0,2,2,2,2,2,2,2
0,1,0,1,0,1,1,1,1,0,1,1,0,0,0,0,1,1,1,1,1,0,1,0,1,1,0,0,0,0,1,1,1,0,1,0,1,1,0,1,1,0,2,2,2,0,1,1,1
0,1,1,0,0,1,1,1,1,1,0,0,0,1,0,1,1,1,1,0,1,0,1,0,1,0,0,0,0,1,0,1,1,1,1,1,1,2,2,2,2,0,2,2,2,2,2,2,2
0,1,0,1,1,1,1,1,1,0,0,1,1,1,0,1,1,1,1,0,0,1,1,1,1,1,1,0,1,1,1,1,1,0,1,1,1,0,1,1,1,0,2,2,2,1,1,0,1
0,1,0,1,0,1,0,0,1,1,0,1,1,1,0,1,1,1,0,0,1,0,1,1,1,1,1,1,0,1,1,1,1,1,1,1,1,1,0,1,1,0,2,2,2,0,1,1,0
0,0,0,0,1,0,1,0,1,1,0,1,0,1,0,1,1,1,0,0,0,1,1,1,1,0,0,0,0,0,0,0,1,0,0,1,1,1,0,1,1,0,2,2,2,0,1,1,0
0,0,1,0,0,1,1,0,1,1,0,1,0,0,1,0,1,0,1,1,0,1,0,0,1,1,0,1,1,0,1,0,1,1,1,1,1,2,2,2,2,0,2,2,2,2,2,2,2
0,0,0,0,1,0,1,0,1,0,1,0,0,1,0,0,1,0,0,1,1,1,0,0,1,1,0,0,1,1,1,0,1,0,1,1,1,0,2,2,2,0,2,2,2,0,0,0,0
0,0,0,0,0,1,0,1,1,0,1,0,0,0,1,1,1,1,1,1,1,1,0,0,1,0,1,1,1,0,1,1,1,0,0,1,1,0,0,0,1,0,2,2,2,0,0,0,1
0,0,0,0,0,1,0,0,1,1,1,0,0,0,1,1,1,0,0,1,0,1,1,0,1,0,0,0,1,1,0,1,1,1,0,1,1,1,0,0,1,0,2,2,2,0,0,1,0
0,0,0,1,1,1,1,1,1,1,1,0,0,0,0,1,1,0,0,1,0,0,1,0,1,1,1,0,1,1,0,1,1,1,1,1,1,0,1,0,1,0,2,2,2,1,0,0,1
0,0,1,1,0,1,1,0,1,0,1,0,1,1,0,1,1,1,0,0,1,1,1,1,1,0,1,0,0,1,1,0,1,1,1,1,1,2,2,2,2,0,2,2,2,2,2,2,2
0,0,1,1,1,1,0,1,1,0,1,1,1,1,1,1,1,1,0,0,1,1,1,0,1,1,1,0,0,1,1,0,1,1,0,0,1,2,2,2,2,0,2,2,2,2,2,2,2
0,1,1,1,0,1,1,1,1,0,0,1,1,1,1,1,1,0,0,0,1,1,0,1,1,1,0,1,0,1,1,1,1,0,1,1,1,0,1,1,1,0,2,2,2,1,1,0,1
