DEFAULT_CLOCK,data_a[0],data_a[1],data_a[2],data_a[3],data_a[4],data_a[5],data_a[6],data_a[7],data_b[0],data_b[1],data_b[2],data_b[3],data_b[4],data_b[5],data_b[6],data_b[7],data_lo[0],data_lo[1],data_lo[2],data_lo[3],data_lo[4],data_lo[5],data_lo[6],data_lo[7],data_hi[0],data_hi[1],data_hi[2],data_hi[3],data_hi[4],data_hi[5],data_hi[6],data_hi[7],sel0
0,1,0,0,0,0,0,0,1,0,0,1,0,0,1,2,2,0,0,1,0,0,1,2,2,1,0,0,0,0,0,0,1,1
0,1,1,0,0,0,1,1,1,1,0,0,1,0,1,2,2,1,0,0,1,0,1,2,2,1,1,0,0,0,1,1,1,1
0,1,0,1,1,0,0,0,1,1,0,1,1,0,1,2,2,1,0,1,1,0,1,2,2,1,0,1,1,0,0,0,1,1
0,0,1,0,0,1,0,0,1,1,0,1,0,0,1,1,2,0,1,0,0,1,1,2,2,1,0,1,0,0,1,1,1,0
0,1,0,1,1,1,0,0,1,1,0,1,0,0,1,1,2,1,1,0,0,1,1,2,2,1,0,1,1,0,1,1,1,1
0,1,0,1,1,1,1,0,1,0,1,1,0,1,1,1,2,1,0,1,1,1,1,2,2,0,1,1,0,1,1,1,1,0
0,0,0,1,1,0,0,0,1,1,0,1,1,0,1,1,1,0,0,1,1,0,0,0,1,1,0,1,1,0,1,1,1,0
0,0,1,1,0,0,0,1,1,1,0,0,1,1,1,1,1,0,1,1,0,0,0,1,1,1,0,0,1,1,1,1,1,0
0,0,1,0,1,0,1,0,1,1,0,1,0,0,0,1,1,0,1,0,1,0,1,0,1,1,0,1,0,0,0,1,1,0
0,1,1,1,0,1,1,1,1,1,0,1,0,0,1,1,1,1,1,1,0,1,1,1,1,1,0,1,0,0,1,1,1,0
0,1,1,1,1,0,0,0,1,0,1,0,0,1,1,1,1,0,1,0,0,1,1,1,1,1,1,1,1,0,0,0,1,1
0,0,1,1,1,0,0,1,1,0,1,0,0,1,1,1,1,0,1,1,1,0,0,1,1,0,1,0,0,1,1,1,1,0
0,1,0,1,0,0,0,1,1,0,0,0,1,0,1,1,1,1,0,1,0,0,0,1,1,0,0,0,1,0,1,1,1,0
0,1,0,1,1,1,1,0,1,0,0,1,1,1,0,1,1,0,0,1,1,1,0,1,1,1,0,1,1,1,1,0,1,1
0,1,0,1,0,0,1,1,1,1,0,1,1,0,1,1,1,1,0,1,1,0,1,1,1,1,0,1,0,0,1,1,1,1
0,0,1,0,1,0,1,1,1,1,1,0,0,0,1,1,1,0,1,0,1,0,1,1,1,1,1,0,0,0,1,1,1,0
0,0,0,0,0,0,1,1,1,0,0,0,0,0,0,0,1,0,0,0,0,0,1,1,1,0,0,0,0,0,0,0,1,0
0,1,0,1,1,1,0,0,1,0,1,0,1,0,1,0,1,1,0,1,1,1,0,0,1,0,1,0,1,0,1,0,1,0
0,1,1,0,0,1,0,0,1,0,1,1,0,1,0,0,1,1,1,0,0,1,0,0,1,0,1,1,0,1,0,0,1,0
0,1,1,0,0,1,0,1,1,1,0,1,1,1,0,0,1,1,0,1,1,1,0,0,1,1,1,0,0,1,0,1,1,1
0,1,0,1,0,1,0,1,1,1,1,0,1,0,1,1,1,1,1,0,1,0,1,1,1,1,0,1,0,1,0,1,1,1
0,0,1,1,1,0,1,0,1,0,1,0,1,0,1,1,1,0,1,0,1,0,1,1,1,0,1,1,1,0,1,0,1,1
0,1,1,1,1,0,0,1,1,1,0,1,1,1,1,1,1,1,0,1,1,1,1,1,1,1,1,1,1,0,0,1,1,1
0,0,1,0,1,0,0,1,1,1,1,0,0,0,1,1,1,0,1,0,1,1,1,1,1,1,1,0,0,0,1,1,1,0
0,0,0,1,1,1,1,1,1,0,1,0,1,0,0,1,1,0,0,1,1,1,1,1,1,0,1,0,1,0,0,1,1,0
0,0,1,0,1,0,0,0,1,0,1,0,0,1,1,1,1,0,1,0,1,0,0,0,1,0,1,0,0,1,1,1,1,0
0,0,0,0,1,1,0,1,1,1,0,0,0,0,0,1,1,1,0,0,0,0,0,1,1,0,0,0,1,1,0,1,1,1
0,1,0,0,1,0,0,0,1,0,0,0,1,1,1,1,1,0,0,0,1,1,1,1,1,1,0,0,1,0,0,0,1,1
0,0,1,1,0,1,1,0,1,1,1,0,1,0,1,1,1,0,1,1,0,1,1,0,1,1,1,0,1,0,1,1,1,0
0,0,1,1,1,0,1,0,1,0,1,1,0,0,0,1,1,0,1,1,1,0,1,0,1,0,1,1,0,0,0,1,1,0
0,0,1,0,1,0,1,0,1,0,0,1,1,1,1,0,1,0,1,0,1,0,1,0,1,0,0,1,1,1,1,0,1,0
0,1,0,0,0,1,1,1,1,1,1,0,1,1,1,0,1,1,1,0,1,0,1,0,1,1,0,0,0,1,1,1,1,1
0,1,1,1,1,0,0,1,1,1,0,1,0,0,0,0,1,1,1,1,1,0,0,1,1,1,0,1,0,0,0,0,1,0
0,0,1,0,1,1,1,1,1,1,1,0,1,1,1,0,1,0,1,0,1,1,1,1,1,1,1,0,1,1,1,0,1,0
0,1,0,1,0,1,1,1,1,0,1,1,1,1,1,1,1,1,0,1,0,1,1,1,1,0,1,1,1,1,1,1,1,0
0,1,0,0,1,1,0,1,1,1,0,0,0,1,1,1,1,1,0,0,1,1,0,1,1,1,0,0,0,1,1,1,1,0
0,0,0,1,1,0,0,1,1,0,1,0,0,0,1,1,1,0,0,1,1,0,0,1,1,0,1,0,0,0,1,1,1,0
0,1,1,1,1,0,0,0,1,1,1,1,1,1,0,0,1,1,1,1,1,0,0,0,1,1,1,1,1,1,0,0,1,0
0,1,1,1,0,1,1,0,1,0,0,0,1,1,1,1,1,1,1,1,0,1,1,0,1,0,0,0,1,1,1,1,1,0
0,0,0,1,1,1,0,1,1,1,1,1,1,1,0,0,1,0,0,1,1,1,0,1,1,1,1,1,1,1,0,0,1,0
0,1,0,0,1,0,0,0,1,1,1,0,1,1,0,1,1,1,1,0,1,1,0,1,1,1,0,0,1,0,0,0,1,1
0,0,0,0,0,1,0,1,1,1,0,0,1,0,0,1,1,1,0,0,1,0,0,1,1,0,0,0,0,1,0,1,1,1
0,1,0,0,0,1,0,1,1,1,1,1,0,1,0,1,1,1,0,0,0,1,0,1,1,1,1,1,0,1,0,1,1,0
0,0,0,1,1,1,0,1,1,0,1,1,0,1,0,0,1,0,0,1,1,1,0,1,1,0,1,1,0,1,0,0,1,0
0,0,0,0,1,0,0,1,1,0,1,0,0,0,0,1,1,0,1,0,0,0,0,1,1,0,0,0,1,0,0,1,1,1
0,1,0,1,1,1,1,1,1,1,1,1,0,1,1,1,1,1,0,1,1,1,1,1,1,1,1,1,0,1,1,1,1,0
0,0,1,1,1,1,1,1,1,0,1,0,0,1,1,1,1,0,1,0,0,1,1,1,1,0,1,1,1,1,1,1,1,1
0,1,0,0,1,1,1,1,1,1,0,1,1,0,1,1,1,1,0,0,1,1,1,1,1,1,0,1,1,0,1,1,1,0
0,1,1,0,0,1,0,1,1,1,1,1,1,1,1,1,1,1,1,1,1,1,1,1,1,1,1,0,0,1,0,1,1,1
0,0,0,0,1,1,1,1,1,1,0,1,0,0,0,0,1,0,0,0,1,1,1,1,1,1,0,1,0,0,0,0,1,0
0,1,0,0,1,0,0,1,1,1,1,0,1,1,0,1,1,1,0,0,1,0,0,1,1,1,1,0,1,1,0,1,1,0
0,0,1,0,1,0,1,1,1,1,1,1,1,1,1,1,1,0,1,0,1,0,1,1,1,1,1,1,1,1,1,1,1,0
0,0,1,1,0,0,0,0,1,0,0,0,1,1,0,1,1,0,0,0,1,1,0,1,1,0,1,1,0,0,0,0,1,1
0,0,0,1,1,1,0,0,1,0,1,1,1,0,0,0,1,0,1,1,1,0,0,0,1,0,0,1,1,1,0,0,1,1
0,0,1,1,0,0,1,0,1,0,1,0,1,1,1,1,1,0,1,1,0,0,1,0,1,0,1,0,1,1,1,1,1,0
0,1,1,0,0,0,1,0,1,1,1,0,0,1,1,1,1,1,1,0,0,1,1,1,1,1,1,0,0,0,1,0,1,1
0,1,1,0,0,1,1,0,1,1,1,1,1,0,1,1,1,1,1,1,1,0,1,1,1,1,1,0,0,1,1,0,1,1
0,0,0,1,0,0,0,1,1,1,1,1,1,1,0,1,1,0,0,1,0,0,0,1,1,1,1,1,1,1,0,1,1,0
0,1,1,0,1,0,0,1,1,1,1,1,0,1,1,1,1,1,1,0,1,0,0,1,1,1,1,1,0,1,1,1,1,0
0,0,1,0,1,1,0,1,1,0,1,1,0,0,1,1,1,0,1,0,1,1,0,1,1,0,1,1,0,0,1,1,1,0
0,1,0,1,1,0,1,1,1,1,0,0,1,0,1,1,1,1,0,0,1,0,1,1,1,1,0,1,1,0,1,1,1,1
0,1,0,1,0,0,1,1,1,0,1,0,1,1,0,1,1,1,0,1,0,0,1,1,1,0,1,0,1,1,0,1,1,0
0,1,1,1,1,1,0,1,1,1,0,1,0,1,1,0,1,1,0,1,0,1,1,0,1,1,1,1,1,1,0,1,1,1
0,0,0,1,0,0,0,1,1,1,0,0,1,1,1,1,1,0,0,1,0,0,0,1,1,1,0,0,1,1,1,1,1,0
0,0,1,0,1,0,1,1,1,0,0,0,0,1,0,1,1,0,1,0,1,0,1,1,1,0,0,0,0,1,0,1,1,0
0,0,1,1,1,0,1,1,1,1,1,0,1,0,1,0,1,0,1,1,1,0,1,1,1,1,1,0,1,0,1,0,1,0
0,0,1,0,1,1,0,0,1,0,0,1,1,1,0,1,1,0,1,0,1,1,0,0,1,0,0,1,1,1,0,1,1,0
0,1,1,0,0,0,0,1,1,1,0,1,1,1,1,1,1,1,1,0,0,0,0,1,1,1,0,1,1,1,1,1,1,0
0,0,1,1,1,0,0,1,1,0,1,1,0,1,0,1,1,0,1,1,1,0,0,1,1,0,1,1,0,1,0,1,1,0
0,0,1,0,1,0,0,1,1,1,1,1,0,0,1,1,1,0,1,0,1,0,0,1,1,1,1,1,0,0,1,1,1,0
0,0,0,0,1,1,1,1,1,0,1,1,0,1,1,0,1,0,0,0,1,1,1,1,1,0,1,1,0,1,1,0,1,0
0,0,0,0,1,1,1,0,1,1,0,0,1,1,1,1,1,1,0,0,1,1,1,1,1,0,0,0,1,1,1,0,1,1
0,1,1,0,0,1,0,0,1,0,0,1,0,1,0,0,1,1,1,0,0,1,0,0,1,0,0,1,0,1,0,0,1,0
0,1,0,0,1,1,0,1,1,0,0,1,0,1,0,0,1,0,0,1,0,1,0,0,1,1,0,0,1,1,0,1,1,1
0,1,0,1,1,0,0,1,1,1,1,0,1,1,0,1,1,1,0,1,1,0,0,1,1,1,1,0,1,1,0,1,1,0
0,1,0,1,1,0,1,1,1,1,0,0,1,1,0,1,1,1,0,1,1,0,1,1,1,1,0,0,1,1,0,1,1,0
0,0,1,0,1,0,0,1,1,0,1,1,0,1,1,1,1,0,1,1,0,1,1,1,1,0,1,0,1,0,0,1,1,1
0,1,0,1,0,1,0,0,1,0,1,1,0,1,1,0,1,1,0,1,0,1,0,0,1,0,1,1,0,1,1,0,1,0
0,0,0,1,0,1,0,0,1,0,1,1,0,0,0,1,1,0,0,1,0,1,0,0,1,0,1,1,0,0,0,1,1,0
0,1,0,0,1,0,1,1,1,1,1,1,0,1,1,1,1,1,0,0,1,0,1,1,1,1,1,1,0,1,1,1,1,0
0,0,0,0,1,0,0,0,1,0,0,1,0,1,1,0,1,0,0,0,1,0,0,0,1,0,0,1,0,1,1,0,1,0
0,1,0,1,1,0,1,0,1,0,0,0,1,0,1,0,1,0,0,0,1,0,1,0,1,1,0,1,1,0,1,0,1,1
0,0,1,1,1,0,1,0,1,1,1,1,0,0,0,1,1,0,1,1,1,0,1,0,1,1,1,1,0,0,0,1,1,0
0,0,0,1,1,1,1,0,1,0,0,0,1,0,0,1,1,0,0,0,1,0,1,0,1,0,0,1,1,1,0,1,1,1
0,1,0,0,1,0,1,0,1,1,0,1,1,1,1,1,1,1,0,0,1,0,1,0,1,1,0,1,1,1,1,1,1,0
0,0,1,1,0,0,0,0,1,0,0,1,1,1,1,1,1,0,0,1,1,1,1,0,1,0,1,1,0,0,0,0,1,1
0,1,0,1,1,1,1,0,1,0,1,0,1,1,0,1,1,1,0,1,1,1,1,0,1,0,1,0,1,1,0,1,1,0
0,0,0,0,0,1,1,1,1,0,1,1,0,0,1,1,1,0,1,1,0,0,1,1,1,0,0,0,0,1,1,1,1,1
0,0,1,0,1,1,1,0,1,1,1,0,0,1,1,1,1,1,1,0,0,1,1,1,1,0,1,0,1,1,1,0,1,1
0,0,1,0,1,1,1,1,1,0,1,1,1,1,0,1,1,0,1,1,1,1,0,1,1,0,1,0,1,1,1,1,1,1
0,0,1,0,1,1,1,1,1,1,0,1,0,1,0,1,1,0,1,0,1,1,0,1,1,1,0,1,0,1,0,1,1,0
0,1,1,1,0,1,1,1,1,1,0,0,1,1,1,0,1,1,1,1,0,1,1,1,1,1,0,0,1,1,1,0,1,0
0,0,0,0,0,0,0,1,1,0,1,1,0,1,0,0,1,0,1,1,0,1,0,0,1,0,0,0,0,0,0,1,1,1
0,0,1,1,0,1,1,0,1,0,1,1,0,0,1,0,1,0,1,1,0,0,1,0,1,0,1,1,0,1,1,0,1,1
0,0,0,1,1,1,0,1,1,1,0,1,1,1,1,1,1,1,0,1,1,1,1,1,1,0,0,1,1,1,0,1,1,1
0,0,0,0,1,1,1,1,1,0,1,1,0,0,0,0,1,0,0,0,1,1,1,1,1,0,1,1,0,0,0,0,1,0
0,1,1,0,1,1,0,1,1,0,1,1,1,1,1,1,1,0,1,1,1,1,1,1,1,1,1,0,1,1,0,1,1,1
0,1,0,0,1,1,1,1,1,1,1,1,1,0,0,1,1,1,0,0,1,1,1,1,1,1,1,1,1,0,0,1,1,0
0,1,0,0,0,0,1,1,1,0,1,0,1,1,1,1,1,1,0,0,0,0,1,1,1,0,1,0,1,1,1,1,1,0
0,1,0,0,0,0,1,0,1,1,1,1,0,1,1,1,1,1,1,1,0,1,1,1,1,1,0,0,0,0,1,0,1,1
0,0,0,0,0,1,0,1,1,0,1,1,0,0,0,0,1,0,0,0,0,1,0,1,1,0,1,1,0,0,0,0,1,0
0,1,0,1,0,1,1,1,1,1,0,1,0,1,1,1,1,1,0,1,0,1,1,1,1,1,0,1,0,1,1,1,1,0
0,1,0,0,0,0,0,1,1,1,0,0,1,0,1,1,1,1,0,0,1,0,1,1,1,1,0,0,0,0,0,1,1,1
0,0,0,0,1,1,0,0,1,1,0,1,0,0,0,1,1,0,0,0,1,1,0,0,1,1,0,1,0,0,0,1,1,0
0,1,1,0,0,1,1,1,1,1,1,0,1,0,0,1,1,1,1,0,1,0,0,1,1,1,1,0,0,1,1,1,1,1
0,0,1,0,1,0,0,0,1,0,0,1,1,0,1,1,1,0,1,0,1,0,0,0,1,0,0,1,1,0,1,1,1,0
0,0,0,0,1,0,1,0,1,0,1,1,1,0,0,1,1,0,1,1,1,0,0,1,1,0,0,0,1,0,1,0,1,1
0,1,0,0,0,0,1,0,1,1,0,0,1,0,1,0,1,1,0,0,0,0,1,0,1,1,0,0,1,0,1,0,1,0
0,0,1,1,0,0,1,1,1,0,1,1,1,0,1,0,1,0,1,1,1,0,1,0,1,0,1,1,0,0,1,1,1,1
0,0,1,0,1,0,1,1,1,1,1,1,1,1,0,0,1,0,1,0,1,0,1,0,1,1,1,1,1,1,0,0,1,0
0,1,0,1,1,0,0,0,1,0,1,0,1,0,1,0,1,0,1,0,1,0,1,0,1,1,0,1,1,0,0,0,1,1
0,0,0,0,1,1,1,0,1,0,1,1,1,1,0,0,1,0,0,0,1,1,1,0,1,0,1,1,1,1,0,0,1,0
0,0,0,0,1,0,0,1,1,1,0,0,1,1,1,1,1,1,0,0,1,1,1,1,1,0,0,0,1,0,0,1,1,1
0,1,1,0,0,1,0,1,1,0,1,0,1,0,0,1,1,1,1,0,0,1,1,1,1,0,1,0,1,0,0,1,1,0
0,1,1,1,0,0,0,1,1,1,1,0,1,0,1,1,1,1,1,0,1,0,1,1,1,1,1,1,0,0,0,1,1,1
0,0,1,0,1,1,1,0,1,0,1,1,0,1,1,0,1,0,1,1,0,1,1,0,1,0,1,0,1,1,1,0,1,1
0,1,0,0,1,1,1,0,1,0,0,1,0,0,0,1,1,1,0,0,1,1,1,0,1,0,0,1,0,0,0,1,1,0
0,0,0,1,0,1,1,0,1,0,1,0,0,1,0,0,1,0,1,0,0,1,0,0,1,0,0,1,0,1,1,0,1,1
0,0,1,1,0,0,0,0,1,1,1,1,1,1,1,1,1,1,1,1,1,1,1,1,1,0,1,1,0,0,0,0,1,1
0,0,1,0,0,1,1,1,1,0,1,0,1,1,1,1,1,0,1,0,0,1,1,1,1,0,1,0,1,1,1,1,1,0
0,1,0,1,1,1,1,0,1,0,1,0,0,1,1,1,1,0,1,0,0,1,1,1,1,1,0,1,1,1,1,0,1,1
0,0,0,1,0,0,1,1,1,0,0,1,0,0,0,0,1,0,0,1,0,0,0,0,1,0,0,1,0,0,1,1,1,1
0,1,0,0,1,0,1,0,1,0,1,0,1,0,0,1,1,1,0,0,1,0,1,0,1,0,1,0,1,0,0,1,1,0
0,0,1,1,1,0,0,0,1,1,0,0,0,0,1,0,1,0,1,1,1,0,0,0,1,1,0,0,0,0,1,0,1,0
0,1,1,0,1,0,0,0,1,1,1,0,1,1,1,1,1,1,1,0,1,0,0,0,1,1,1,0,1,1,1,1,1,0
0,1,0,0,1,0,0,1,1,1,1,1,1,0,1,1,1,1,0,0,1,0,0,1,1,1,1,1,1,0,1,1,1,0
0,1,0,1,0,1,1,1,1,0,1,1,0,1,1,1,1,0,1,1,0,1,1,1,1,1,0,1,0,1,1,1,1,1
0,1,1,0,1,0,1,1,1,1,1,1,1,0,0,0,1,1,1,0,1,0,1,1,1,1,1,1,1,0,0,0,1,0
0,0,1,1,1,0,1,0,1,0,0,0,1,0,0,0,1,0,0,0,1,0,0,0,1,0,1,1,1,0,1,0,1,1
0,0,1,0,0,1,0,0,1,1,1,0,1,1,0,0,1,0,1,0,0,1,0,0,1,1,1,0,1,1,0,0,1,0
0,0,1,0,0,0,0,1,1,1,1,0,1,0,0,1,1,1,1,0,1,0,0,1,1,0,1,0,0,0,0,1,1,1
0,1,0,1,1,0,0,1,1,0,1,1,1,1,0,1,1,1,0,1,1,0,0,1,1,0,1,1,1,1,0,1,1,0
0,0,0,0,1,1,0,1,1,0,0,1,1,0,1,1,1,0,0,0,1,1,0,1,1,0,0,1,1,0,1,1,1,0
0,0,1,1,0,0,0,0,1,1,0,0,0,1,0,1,1,0,1,1,0,0,0,0,1,1,0,0,0,1,0,1,1,0
0,1,1,0,1,1,1,0,1,1,0,0,0,0,0,1,1,1,1,0,1,1,1,0,1,1,0,0,0,0,0,1,1,0
0,1,1,0,0,1,0,1,1,0,0,0,1,1,0,1,1,1,1,0,0,1,0,1,1,0,0,0,1,1,0,1,1,0
0,1,1,0,1,1,0,1,1,0,1,1,0,1,0,1,1,0,1,1,0,1,0,1,1,1,1,0,1,1,0,1,1,1
0,0,0,1,1,1,0,1,1,0,1,0,0,0,1,1,1,0,0,1,0,1,0,1,1,0,1,0,0,0,1,1,1,0
0,0,0,0,1,1,0,1,1,1,1,0,0,1,1,1,1,1,1,0,0,1,1,1,1,0,0,0,1,1,0,1,1,1
0,0,0,0,1,1,1,0,1,0,1,0,0,1,1,1,1,0,1,0,0,1,1,1,1,0,0,0,1,1,1,0,1,1
0,1,0,1,0,0,1,1,1,1,0,0,1,1,1,1,1,1,0,0,1,1,1,1,1,1,0,1,0,0,1,1,1,1
0,1,1,0,1,0,1,1,1,1,0,0,0,0,1,0,1,1,1,0,1,0,1,1,1,1,0,0,0,0,1,0,1,0
0,0,0,0,1,0,0,1,1,1,0,0,0,0,0,0,1,1,0,0,0,0,0,0,1,0,0,0,1,0,0,1,1,1
0,1,0,0,0,0,1,0,1,1,1,1,0,0,1,0,1,1,1,1,0,0,1,0,1,1,0,0,0,0,1,0,1,1
0,0,0,1,0,0,1,0,1,1,1,1,1,1,1,0,1,0,0,1,0,0,1,0,1,1,1,1,1,1,1,0,1,0
0,0,1,1,0,1,0,0,1,0,0,0,1,1,0,1,1,0,0,0,1,1,0,1,1,0,1,1,0,1,0,0,1,1
0,0,1,0,0,1,0,0,1,0,0,1,0,1,0,1,1,0,1,0,0,1,0,1,1,0,0,1,0,1,0,0,1,0
0,1,0,0,0,1,1,0,1,0,1,1,0,1,0,0,1,0,1,1,0,1,0,0,1,1,0,0,0,1,1,0,1,1
0,1,0,1,1,0,1,1,1,1,0,1,0,1,0,1,1,1,0,1,0,1,0,1,1,1,0,1,1,0,1,1,1,1
0,1,0,1,0,1,1,1,1,1,1,0,1,0,1,1,1,1,1,0,1,0,1,1,1,1,0,1,0,1,1,1,1,1
0,1,1,1,0,0,1,1,1,1,0,1,1,0,1,0,1,1,1,1,0,0,1,1,1,1,0,1,1,0,1,0,1,0
0,1,1,1,0,0,1,0,1,0,0,1,0,0,0,0,1,0,0,1,0,0,0,0,1,1,1,1,0,0,1,0,1,1
0,1,0,0,1,1,1,0,1,1,1,1,0,0,1,1,1,1,0,0,1,1,1,0,1,1,1,1,0,0,1,1,1,0
0,1,1,0,1,1,0,1,1,1,0,0,1,0,0,1,1,1,0,0,1,0,0,1,1,1,1,0,1,1,0,1,1,1
0,1,0,0,0,1,0,1,1,1,0,0,1,0,0,1,1,1,0,0,0,1,0,1,1,1,0,0,1,0,0,1,1,0
0,0,1,0,1,0,1,1,1,1,0,0,0,0,1,0,1,0,1,0,1,0,1,1,1,1,0,0,0,0,1,0,1,0
0,1,0,1,0,0,0,1,1,0,1,0,1,1,1,1,1,1,0,1,0,0,0,1,1,0,1,0,1,1,1,1,1,0
0,0,0,1,1,1,1,1,1,1,1,0,0,0,0,0,1,0,0,1,1,1,1,1,1,1,1,0,0,0,0,0,1,0
0,1,1,1,1,0,1,1,1,0,0,0,1,0,1,1,1,0,0,0,1,0,1,1,1,1,1,1,1,0,1,1,1,1
0,0,0,0,0,1,1,1,1,0,1,1,0,0,0,0,1,0,1,1,0,0,0,0,1,0,0,0,0,1,1,1,1,1
0,0,0,0,0,0,0,1,1,0,0,0,1,1,1,0,1,0,0,0,1,1,1,0,1,0,0,0,0,0,0,1,1,1
0,0,1,1,0,1,1,1,1,0,0,0,1,0,1,0,1,0,0,0,1,0,1,0,1,0,1,1,0,1,1,1,1,1
0,0,0,0,0,0,0,1,1,1,0,1,0,0,0,1,1,0,0,0,0,0,0,1,1,1,0,1,0,0,0,1,1,0
0,1,0,0,1,1,1,1,1,0,0,1,0,1,1,1,1,1,0,0,1,1,1,1,1,0,0,1,0,1,1,1,1,0
0,0,0,1,1,1,1,1,1,0,0,0,0,1,1,0,1,0,0,1,1,1,1,1,1,0,0,0,0,1,1,0,1,0
0,0,1,0,0,0,1,1,1,0,1,0,1,0,1,0,1,0,1,0,1,0,1,1,1,0,1,0,0,0,1,1,1,1
0,1,0,0,0,0,1,1,1,1,0,1,0,1,1,0,1,1,0,1,0,1,1,1,1,1,0,0,0,0,1,1,1,1
0,1,1,0,0,0,0,1,1,1,1,1,0,1,1,0,1,1,1,1,0,1,1,1,1,1,1,0,0,0,0,1,1,1
0,0,1,1,0,0,0,0,1,1,0,0,1,0,0,1,1,0,1,1,0,0,0,0,1,1,0,0,1,0,0,1,1,0
0,1,0,0,0,0,0,1,1,1,0,1,0,0,1,1,1,1,0,1,0,0,1,0,1,1,0,0,0,0,0,1,1,1
0,0,1,0,1,1,0,1,1,1,0,1,1,0,0,0,1,0,1,0,1,1,0,1,1,1,0,1,1,0,0,0,1,0
0,0,0,1,1,0,1,1,1,1,1,1,1,0,0,0,1,1,1,1,1,1,0,1,1,0,0,1,1,0,1,0,1,1
0,1,0,0,0,1,1,1,1,0,0,1,1,0,0,0,1,0,0,1,1,1,0,1,1,1,0,0,0,1,1,1,1,1
0,0,1,1,0,1,1,0,1,1,1,0,1,1,1,0,1,1,1,0,1,1,1,1,1,0,1,1,0,1,1,0,1,1
0,0,1,1,1,1,0,0,1,1,1,1,0,1,1,1,1,0,1,1,1,1,0,0,1,1,1,1,0,1,1,1,1,0
0,1,0,1,0,1,0,1,1,0,0,1,1,1,0,1,1,1,0,1,0,1,0,1,1,0,0,1,1,1,0,1,1,0
0,0,0,0,0,0,1,0,1,0,0,0,0,0,1,1,1,0,0,0,0,0,1,1,1,0,0,0,0,0,1,0,1,1
0,0,0,1,0,1,1,0,1,0,1,0,0,1,1,1,1,0,1,0,0,1,1,1,1,0,0,1,0,1,1,0,1,1
0,1,0,1,1,1,1,0,1,1,0,1,1,1,0,1,1,1,0,1,1,1,1,1,1,1,0,1,1,1,0,1,1,0
0,1,0,0,1,1,1,1,1,1,1,0,1,0,0,1,1,1,1,0,1,0,0,1,1,1,0,0,1,1,1,1,1,1
0,1,0,1,1,1,1,1,1,0,1,1,1,1,0,0,1,0,1,1,1,1,0,0,1,1,0,1,1,1,1,1,1,1
0,1,1,1,1,0,0,0,1,1,1,0,1,1,1,1,1,1,1,0,1,1,1,1,1,1,1,1,1,0,0,0,1,1
0,1,1,0,0,0,1,1,1,1,1,0,1,1,1,1,1,1,1,0,1,1,1,1,1,1,1,0,0,0,1,1,1,1
0,1,0,0,0,1,1,0,1,1,0,1,1,1,1,1,1,1,0,1,1,1,1,1,1,1,0,0,0,1,1,0,1,1
0,1,0,1,0,1,0,0,1,0,0,1,0,0,0,1,1,0,0,1,0,0,0,1,1,1,0,1,0,1,0,0,1,1
0,1,0,1,1,0,1,1,1,0,0,0,0,0,1,1,1,0,0,0,0,0,1,1,1,1,0,1,1,0,1,1,1,1
0,0,0,0,1,1,1,1,1,0,1,0,0,1,0,1,1,0,1,0,0,1,0,1,1,0,0,0,1,1,1,1,1,1
0,0,1,0,0,1,0,1,1,1,0,1,1,0,0,0,1,0,1,0,0,1,0,1,1,1,0,1,1,0,0,0,1,0
0,0,1,1,0,0,0,1,1,0,0,1,0,0,0,0,1,0,1,1,0,0,0,1,1,0,0,1,0,0,0,0,1,0
0,0,0,0,0,1,0,0,1,0,0,1,1,0,0,0,1,0,0,1,1,0,0,0,1,0,0,0,0,1,0,0,1,1
0,0,1,0,1,0,1,1,1,1,1,1,0,1,0,0,1,1,1,1,0,1,0,0,1,0,1,0,1,0,1,1,1,1
0,0,1,0,1,0,1,0,1,0,0,1,0,0,0,0,1,0,0,1,0,0,0,0,1,0,1,0,1,0,1,0,1,1
0,0,0,0,0,0,1,1,1,0,0,1,1,1,1,1,1,0,0,0,0,0,1,1,1,0,0,1,1,1,1,1,1,0
0,1,1,0,1,0,0,0,1,0,1,0,1,1,1,0,1,1,1,0,1,0,0,0,1,0,1,0,1,1,1,0,1,0
0,1,0,1,0,0,1,0,1,0,1,1,0,0,1,0,1,1,0,1,0,0,1,0,1,0,1,1,0,0,1,0,1,0
0,0,1,0,0,0,1,0,1,0,1,0,0,1,1,0,1,0,1,0,0,1,1,0,1,0,1,0,0,0,1,0,1,1
0,0,0,1,0,1,1,0,1,1,0,0,1,0,0,1,1,0,0,1,0,1,1,0,1,1,0,0,1,0,0,1,1,0
0,1,1,0,1,0,0,1,1,1,0,1,1,1,1,1,1,1,0,1,1,1,1,0,1,1,1,0,1,0,0,1,1,1
0,1,1,1,0,0,0,1,1,0,0,1,1,1,0,1,1,1,1,1,0,0,0,1,1,0,0,1,1,1,0,1,1,0
0,1,0,0,1,1,1,1,1,0,1,1,0,0,0,0,1,1,0,0,1,1,1,1,1,0,1,1,0,0,0,0,1,0
0,0,0,0,0,1,0,1,1,0,0,1,0,1,1,0,1,0,0,1,0,1,1,0,1,0,0,0,0,1,0,1,1,1
0,0,0,1,1,0,0,0,1,0,0,1,1,0,1,0,1,0,0,1,1,0,1,0,1,0,0,1,1,0,0,0,1,1
0,0,1,0,1,0,1,1,1,1,1,1,1,0,1,0,1,1,1,1,1,0,1,0,1,0,1,0,1,0,1,1,1,1
0,0,0,0,1,0,1,1,1,1,0,0,0,1,1,0,1,1,0,0,0,1,1,0,1,0,0,0,1,0,1,1,1,1
0,1,1,0,0,0,1,1,1,0,0,1,1,0,1,1,1,1,1,0,0,0,1,1,1,0,0,1,1,0,1,1,1,0
0,1,0,0,1,0,0,1,1,0,0,1,0,0,1,0,1,0,0,1,0,0,1,0,1,1,0,0,1,0,0,1,1,1
0,1,1,1,1,1,0,1,1,1,0,0,1,1,1,0,1,1,0,0,1,1,1,0,1,1,1,1,1,1,0,1,1,1
0,1,1,1,0,0,1,1,1,0,0,1,0,1,0,1,1,1,1,1,0,0,1,1,1,0,0,1,0,1,0,1,1,0
0,0,0,0,0,1,1,0,1,1,0,1,1,1,0,0,1,1,0,1,1,1,0,0,1,0,0,0,0,1,1,0,1,1
0,1,0,0,1,0,0,1,1,0,1,0,0,0,0,0,1,1,0,0,1,0,0,1,1,0,1,0,0,0,0,0,1,0
0,0,0,0,0,0,1,1,1,1,0,0,1,1,0,1,1,0,0,0,0,0,1,1,1,1,0,0,1,1,0,1,1,0
0,1,1,0,0,1,0,0,1,0,0,1,1,1,0,1,1,0,0,1,1,1,1,1,1,1,1,0,0,1,0,0,1,1
0,0,1,0,1,0,1,0,1,1,1,0,0,0,1,1,1,0,1,0,1,0,1,1,1,1,1,0,0,0,1,1,1,0
0,1,0,1,1,1,0,1,1,0,0,0,1,0,0,1,1,1,0,1,1,1,0,1,1,0,0,0,1,0,0,1,1,0
0,0,0,1,0,0,0,0,1,0,1,0,1,1,1,1,1,0,1,0,1,1,1,1,1,0,0,1,0,0,0,0,1,1
0,1,0,0,1,1,1,0,1,1,1,0,1,0,1,1,1,1,1,0,1,0,1,1,1,1,0,0,1,1,1,0,1,1
0,0,1,0,0,1,0,1,1,0,1,0,0,1,1,1,1,0,1,0,0,1,1,1,1,0,1,0,0,1,0,1,1,1
0,0,0,0,0,1,0,1,1,1,0,0,1,1,0,1,1,1,0,0,1,1,0,1,1,0,0,0,0,1,0,1,1,1
0,1,1,1,0,1,0,0,1,0,1,1,1,0,1,1,1,0,1,1,1,0,1,1,1,1,1,1,0,1,0,0,1,1
0,0,1,1,0,0,1,0,1,1,1,0,1,1,0,1,1,0,1,1,0,0,1,0,1,1,1,0,1,1,0,1,1,0
0,0,1,1,0,0,1,0,1,1,1,0,1,1,1,0,1,0,1,1,0,0,1,0,1,1,1,0,1,1,1,0,1,0
0,1,0,0,1,0,1,1,1,1,1,1,1,1,1,0,1,1,1,1,1,0,1,0,1,1,0,0,1,0,1,1,1,1
0,1,0,0,1,1,0,1,1,0,0,1,1,1,1,0,1,0,0,1,1,0,1,0,1,1,0,0,1,1,0,1,1,1
0,1,1,1,1,0,0,1,1,1,0,1,0,0,0,1,1,1,0,1,0,0,0,1,1,1,1,1,1,0,0,1,1,1
0,1,0,0,0,1,0,1,1,0,0,0,0,1,0,0,1,1,0,0,0,1,0,1,1,0,0,0,0,1,0,0,1,0
0,1,1,1,0,1,1,1,1,1,0,0,1,0,1,1,1,1,0,0,1,0,1,1,1,1,1,1,0,1,1,1,1,1
0,0,0,0,1,1,0,1,1,0,1,0,1,0,0,1,1,0,1,0,1,0,0,1,1,0,0,0,1,1,0,1,1,1
0,0,0,1,0,0,0,1,1,1,1,0,1,1,0,0,1,1,1,0,1,1,0,0,1,0,0,1,0,0,0,1,1,1
0,1,1,1,0,1,1,0,1,0,0,0,1,1,1,0,1,1,1,1,0,1,1,0,1,0,0,0,1,1,1,0,1,0
0,0,0,0,0,1,1,0,1,0,1,1,0,0,0,0,1,0,0,0,0,1,1,0,1,0,1,1,0,0,0,0,1,0
0,1,0,1,0,1,1,0,1,1,1,1,0,1,1,1,1,1,1,1,0,1,1,1,1,1,0,1,0,1,1,0,1,1
0,1,1,1,0,1,1,0,1,0,0,1,0,1,0,1,1,1,1,1,0,1,1,1,1,0,0,1,0,1,0,1,1,0
0,1,0,0,1,0,1,1,1,0,1,1,0,1,1,1,1,0,1,1,0,1,1,1,1,1,0,0,1,0,1,1,1,1
0,1,0,0,1,0,1,1,1,1,1,0,1,0,0,0,1,1,1,1,0,1,1,1,1,1,1,0,1,0,0,0,1,0
0,0,0,0,0,0,0,0,1,1,1,0,1,1,0,1,1,0,0,0,0,0,0,0,1,1,1,0,1,1,0,1,1,0
0,1,0,1,0,0,0,1,1,0,1,0,0,0,0,1,1,0,1,0,0,0,0,1,1,1,0,1,0,0,0,1,1,1
0,1,1,1,1,0,1,0,1,0,0,0,0,1,1,1,1,0,0,0,0,1,1,1,1,1,1,1,1,0,1,0,1,1
0,1,1,1,1,0,1,0,1,0,1,1,0,0,1,1,1,0,1,1,0,0,1,1,1,1,1,1,1,0,1,0,1,1
0,0,0,0,1,1,1,1,1,1,0,0,1,0,1,1,1,1,0,0,1,0,1,1,1,0,0,0,1,1,1,1,1,1
0,1,1,1,1,0,1,1,1,0,1,1,1,0,1,1,1,0,1,1,1,0,1,1,1,1,1,1,1,0,1,1,1,1
0,1,0,1,0,1,0,0,1,1,0,0,0,0,1,1,1,1,0,1,0,1,0,0,1,1,0,0,0,0,1,1,1,0
0,0,0,0,0,0,1,1,1,0,1,1,1,0,1,1,1,0,0,0,0,0,1,1,1,0,1,1,1,0,1,1,1,0
0,0,0,0,1,0,1,1,1,1,0,1,0,0,1,1,1,0,0,0,1,0,1,1,1,1,0,1,0,0,1,1,1,0
0,1,0,0,1,0,1,1,1,0,0,1,0,0,1,1,1,1,0,0,1,0,1,1,1,0,0,1,0,0,1,1,1,0
0,1,1,1,0,1,1,1,1,1,0,0,0,0,1,1,1,1,1,1,0,1,1,1,1,1,0,0,0,0,1,1,1,0
0,1,0,0,0,0,0,0,1,0,1,1,1,0,1,1,1,0,1,1,1,0,1,1,1,1,0,0,0,0,0,0,1,1
0,0,0,0,1,0,1,1,1,1,0,1,0,1,0,1,1,0,0,0,1,0,1,1,1,1,0,1,0,1,0,1,1,0
0,0,1,0,1,0,1,0,1,0,0,0,0,1,1,1,1,0,1,0,1,0,1,0,1,0,0,0,0,1,1,1,1,0
0,1,0,0,0,1,1,1,1,1,1,1,1,1,1,1,1,1,1,1,1,0,1,0,1,1,0,0,0,1,1,1,1,1
0,0,1,1,1,0,0,0,1,1,0,1,1,1,1,1,1,1,0,1,1,1,1,1,1,0,1,1,1,0,0,0,1,1
0,0,0,1,1,1,1,0,1,0,1,0,0,0,1,1,1,0,0,1,1,1,1,1,1,0,1,0,0,0,1,1,1,0
0,1,1,1,1,0,1,1,1,1,0,0,1,0,1,0,1,1,0,0,1,0,1,0,1,1,1,1,1,0,1,1,1,1
0,1,1,1,1,0,1,0,1,1,1,0,1,1,0,1,1,1,1,0,1,1,0,1,1,1,1,1,1,0,1,0,1,1
0,1,0,0,1,1,1,0,1,0,1,0,1,0,0,1,1,0,1,0,1,0,0,1,1,1,0,0,1,1,1,0,1,1
0,1,1,0,0,1,1,0,1,1,1,0,0,1,0,1,1,1,1,0,0,1,0,1,1,1,1,0,0,1,1,0,1,1
0,1,0,0,0,1,0,1,1,1,0,1,0,0,1,1,1,1,0,0,0,1,0,1,1,1,0,1,0,0,1,1,1,0
0,1,0,0,1,1,0,0,1,1,1,1,0,1,1,0,1,1,0,0,1,1,0,0,1,1,1,1,0,1,1,0,1,0
0,1,0,0,0,1,1,1,1,0,1,0,1,1,1,0,1,0,1,0,1,1,1,0,1,1,0,0,0,1,1,1,1,1
0,0,0,1,0,0,1,1,1,0,1,0,0,0,1,1,1,0,1,0,0,0,1,1,1,0,0,1,0,0,1,1,1,1
0,1,0,1,1,1,1,1,1,0,1,0,1,0,1,1,1,0,1,0,1,0,1,1,1,1,0,1,1,1,1,1,1,1
0,1,0,1,0,0,1,1,1,1,0,0,1,1,0,1,1,1,0,0,1,1,0,1,1,1,0,1,0,0,1,1,1,1
0,1,0,0,1,0,0,1,1,1,0,1,1,0,1,1,1,1,0,0,1,0,0,1,1,1,0,1,1,0,1,1,1,0
0,1,1,1,1,0,1,0,1,1,0,0,0,0,0,1,1,1,0,0,0,0,0,1,1,1,1,1,1,0,1,0,1,1
0,0,1,1,1,0,0,1,1,0,0,0,0,1,1,1,1,0,1,1,1,0,0,1,1,0,0,0,0,1,1,1,1,0
0,1,0,1,1,1,1,0,1,0,1,0,0,0,1,0,1,0,1,0,0,0,1,0,1,1,0,1,1,1,1,0,1,1
0,0,0,1,1,1,0,1,1,0,1,0,1,0,1,1,1,0,1,0,1,0,1,1,1,0,0,1,1,1,0,1,1,1
0,1,1,0,1,1,1,1,1,0,0,0,0,1,0,1,1,0,0,0,0,1,0,1,1,1,1,0,1,1,1,1,1,1
0,0,0,0,1,1,1,1,1,1,0,1,0,0,1,1,1,1,0,1,0,0,1,1,1,0,0,0,1,1,1,1,1,1
0,0,0,1,1,1,0,1,1,0,1,1,0,1,1,1,1,0,0,1,1,1,0,1,1,0,1,1,0,1,1,1,1,0
0,1,0,0,1,1,1,1,1,1,1,0,0,0,1,1,1,1,1,0,0,0,1,1,1,1,0,0,1,1,1,1,1,1
0,1,1,0,1,1,1,0,1,0,0,0,1,0,0,1,1,1,1,0,1,1,1,0,1,0,0,0,1,0,0,1,1,0
0,1,1,0,0,1,1,1,1,0,1,1,1,0,0,1,1,0,1,1,1,1,1,0,1,1,1,0,0,1,1,1,1,1
0,0,1,1,1,0,0,1,1,0,0,1,1,0,0,1,1,0,0,1,1,1,1,0,1,0,1,1,1,0,0,1,1,1
0,1,0,0,1,1,0,1,1,0,0,1,0,1,0,1,1,1,0,0,1,1,0,1,1,0,0,1,0,1,0,1,1,0
0,1,1,0,0,1,1,0,1,1,0,0,1,1,1,0,1,1,1,0,0,1,1,0,1,1,0,0,1,1,1,0,1,0
0,1,0,1,0,1,1,1,1,0,0,1,0,1,1,1,1,1,0,1,0,1,1,1,1,0,0,1,0,1,1,1,1,0
0,1,0,0,1,1,1,1,1,0,0,1,1,1,1,1,1,0,0,1,1,1,1,1,1,1,0,0,1,1,1,1,1,1
0,1,0,1,0,1,1,1,1,0,1,1,1,1,1,1,1,0,1,1,1,1,1,1,1,1,0,1,0,1,1,1,1,1
0,0,1,1,1,0,0,1,1,1,0,1,1,1,1,1,1,1,0,1,1,1,1,1,1,0,1,1,1,0,0,1,1,1
0,0,0,0,1,1,1,0,1,0,1,1,1,1,1,1,1,0,1,1,1,1,1,1,1,0,0,0,1,1,1,0,1,1
0,1,0,1,1,0,0,0,1,0,0,0,1,1,1,1,1,0,0,0,1,1,1,1,1,1,0,1,1,0,0,0,1,1
0,0,0,0,1,0,1,1,1,1,1,1,1,0,1,0,1,1,1,1,1,0,1,0,1,0,0,0,1,0,1,1,1,1
0,1,0,1,0,1,1,1,1,0,0,0,0,1,0,0,1,0,0,0,0,1,0,0,1,1,0,1,0,1,1,1,1,1
0,1,1,0,1,1,1,1,1,0,0,1,1,0,0,1,1,0,0,1,1,0,0,1,1,1,1,0,1,1,1,1,1,1
0,1,0,1,0,0,1,1,1,0,0,0,0,0,0,1,1,1,0,1,0,0,1,1,1,0,0,0,0,0,0,1,1,0
0,0,0,0,0,1,1,1,1,1,0,1,1,0,0,1,1,1,0,1,1,0,1,1,1,0,0,0,0,1,1,1,1,1
0,1,0,0,1,0,1,1,1,1,0,1,1,0,1,1,1,1,0,0,1,0,1,1,1,1,0,1,1,0,1,1,1,0
0,0,0,0,0,1,1,1,1,0,0,1,1,1,1,0,1,0,0,0,0,1,1,1,1,0,0,1,1,1,1,0,1,0
0,0,0,0,0,1,0,1,1,0,0,0,0,0,0,1,1,0,0,0,0,1,0,1,1,0,0,0,0,0,0,1,1,0
0,1,0,1,1,0,0,1,1,1,0,0,0,0,1,0,1,1,0,1,1,0,0,1,1,1,0,0,0,0,1,0,1,0
0,1,0,1,0,1,1,1,1,1,0,1,0,1,1,1,1,1,0,1,0,1,1,1,1,1,0,1,0,1,1,1,1,1
0,0,0,1,0,1,0,0,1,1,0,1,1,1,0,1,1,1,0,1,1,1,0,1,1,0,0,1,0,1,0,0,1,1
0,0,0,1,1,1,1,0,1,0,1,0,1,0,1,1,1,0,1,0,1,0,1,1,1,0,0,1,1,1,1,0,1,1
0,0,1,1,1,1,0,0,1,0,0,0,1,1,1,0,1,0,1,1,1,1,0,0,1,0,0,0,1,1,1,0,1,0
0,0,1,1,0,0,0,1,1,0,1,0,1,1,1,1,1,0,1,1,0,0,0,1,1,0,1,0,1,1,1,1,1,0
0,1,1,0,0,1,0,0,1,1,1,1,1,1,1,1,1,1,1,1,0,0,0,1,1,1,1,0,0,1,0,0,1,1
0,1,1,1,0,1,1,0,1,1,0,1,0,1,0,1,1,1,0,1,0,1,0,1,1,1,1,1,0,1,1,0,1,1
0,1,1,0,0,0,1,1,1,1,0,1,0,0,0,1,1,1,0,1,0,0,0,1,1,1,1,0,0,0,1,1,1,1
0,0,1,1,0,0,1,1,1,1,0,0,1,1,0,1,1,0,1,1,0,0,1,1,1,1,0,0,1,1,0,1,1,0
0,0,1,1,1,1,1,1,1,0,0,0,1,0,1,1,1,0,1,1,1,1,1,1,1,0,0,0,1,0,1,1,1,0
0,0,1,0,1,1,0,1,1,0,0,0,0,1,0,0,1,0,1,0,1,1,0,1,1,0,0,0,0,1,0,0,1,0
0,1,0,0,1,1,1,0,1,0,0,1,1,1,0,0,1,0,0,1,1,1,0,1,1,1,0,0,1,1,1,0,1,1
0,0,0,0,0,1,0,1,1,1,1,0,1,0,1,0,1,1,1,0,1,0,1,0,1,0,0,0,0,1,0,1,1,1
0,0,0,0,1,1,0,1,1,1,1,1,1,0,1,1,1,1,1,1,1,0,1,1,1,0,0,0,1,1,0,1,1,1
0,1,0,1,1,0,0,0,1,1,0,1,0,0,0,1,1,1,0,1,0,0,0,1,1,1,0,1,1,0,0,0,1,1
0,0,0,1,1,1,1,1,1,1,1,0,1,0,0,0,1,1,1,0,1,0,0,0,1,0,0,1,1,1,1,1,1,1
0,0,0,1,0,0,1,0,1,0,0,1,1,1,0,1,1,0,0,1,0,0,1,0,1,0,0,1,1,1,0,1,1,0
0,1,0,1,0,0,1,0,1,1,0,0,1,1,0,1,1,1,0,0,1,1,1,0,1,1,0,1,0,0,1,0,1,1
0,1,1,0,0,1,1,1,1,0,1,1,1,1,1,1,1,0,1,1,1,1,1,0,1,1,1,0,0,1,1,1,1,1
0,0,0,1,0,0,0,1,1,0,0,0,1,1,0,1,1,0,0,0,1,1,0,1,1,0,0,1,0,0,0,1,1,1
0,0,1,1,0,0,0,1,1,0,0,1,1,1,0,1,1,0,1,1,1,1,0,1,1,0,0,1,1,1,0,1,1,0
0,0,0,0,1,1,0,1,1,0,1,0,1,1,0,0,1,0,0,0,1,1,0,1,1,0,1,0,1,1,0,0,1,0
0,1,1,0,0,0,0,1,1,0,1,0,1,1,0,1,1,0,1,0,1,1,1,0,1,1,1,0,0,0,0,1,1,1
0,0,0,1,1,0,0,1,1,0,1,0,0,1,1,0,1,0,0,1,1,1,1,0,1,0,1,0,0,1,1,0,1,0
0,1,1,0,0,0,0,1,1,1,0,0,1,0,1,1,1,1,1,0,0,0,0,1,1,1,0,0,1,0,1,1,1,0
0,0,0,0,1,1,1,1,1,1,1,0,1,0,1,1,1,1,1,0,1,0,1,1,1,0,0,0,1,1,1,1,1,1
0,1,0,0,1,0,0,0,1,0,1,0,0,1,1,1,1,1,0,0,1,0,0,0,1,0,1,0,0,1,1,1,1,0
0,1,1,0,1,1,0,0,1,1,1,1,1,0,1,1,1,1,1,0,1,1,0,0,1,1,1,1,1,0,1,1,1,0
0,0,0,0,1,0,1,1,1,1,0,1,1,0,1,0,1,0,0,0,1,0,1,1,1,1,0,1,1,0,1,0,1,0
0,1,1,1,1,0,0,1,1,1,0,1,0,0,1,0,1,1,0,1,0,0,1,1,1,1,1,1,1,0,0,1,1,1
0,1,1,0,1,1,0,1,1,1,1,0,1,0,1,0,1,1,1,0,1,1,1,1,1,1,1,0,1,0,1,0,1,0
0,1,0,1,1,1,0,1,1,0,0,0,0,0,0,0,1,1,0,1,1,1,0,1,1,0,0,0,0,0,0,0,1,0
0,0,0,1,1,1,0,1,1,0,1,0,0,0,0,0,1,0,0,1,1,1,0,1,1,0,1,0,0,0,0,0,1,0
0,0,1,1,0,1,1,1,1,1,1,1,0,1,0,1,1,0,1,1,0,1,1,1,1,1,1,1,0,1,0,1,1,0
0,1,0,0,1,1,1,1,1,0,1,0,0,1,1,1,1,0,1,0,0,1,1,1,1,1,0,0,1,1,1,1,1,1
0,0,1,1,0,1,1,1,1,0,0,1,0,0,1,1,1,0,1,1,0,1,1,1,1,0,0,1,0,0,1,1,1,0
0,0,0,0,0,0,0,1,1,0,1,0,1,0,1,0,1,0,1,0,1,0,1,0,1,0,0,0,0,0,0,1,1,1
0,0,0,1,1,0,0,0,1,0,1,1,1,0,1,0,1,0,1,1,1,0,1,0,1,0,0,1,1,0,0,0,1,1
0,1,1,0,1,1,1,1,1,1,0,0,0,1,1,1,1,1,0,0,0,1,1,1,1,1,1,0,1,1,1,1,1,1
0,0,0,1,1,1,0,1,1,0,0,1,1,1,1,0,1,0,0,1,1,1,1,0,1,0,0,1,1,1,0,1,1,1
0,1,0,0,0,0,0,1,1,1,1,1,0,1,1,0,1,1,1,1,0,1,1,0,1,1,0,0,0,0,0,1,1,1
0,1,0,1,0,1,1,0,1,1,1,0,1,0,1,1,1,1,0,1,0,1,1,0,1,1,1,0,1,0,1,1,1,0
0,1,1,1,1,0,0,0,1,1,0,0,1,0,0,0,1,1,0,0,1,0,0,0,1,1,1,1,1,0,0,0,1,1
0,0,0,0,0,1,1,0,1,1,1,1,1,1,1,0,1,0,0,0,0,1,1,0,1,1,1,1,1,1,1,0,1,0
0,0,1,1,0,1,0,1,1,1,1,0,0,1,0,1,1,1,1,0,0,1,0,1,1,0,1,1,0,1,0,1,1,1
0,0,1,0,1,1,0,1,1,0,1,0,0,0,0,0,1,0,1,0,1,1,0,1,1,0,1,0,0,0,0,0,1,0
0,1,1,1,0,1,0,1,1,1,0,0,0,1,1,1,1,1,0,0,0,1,1,1,1,1,1,1,0,1,0,1,1,1
0,1,0,0,0,1,1,1,1,0,1,1,1,1,1,1,1,0,1,1,1,1,1,1,1,1,0,0,0,1,1,1,1,1
0,1,0,1,0,1,1,1,1,1,0,1,1,0,0,1,1,1,0,1,1,1,1,1,1,1,0,1,1,0,0,1,1,0
0,0,0,0,1,1,0,0,1,0,0,1,1,1,0,1,1,0,0,1,1,1,1,1,1,0,0,0,1,1,0,0,1,1
0,0,1,0,1,0,1,0,1,0,0,1,1,0,1,1,1,0,1,0,1,0,1,1,1,0,0,1,1,0,1,1,1,0
0,1,1,1,0,1,1,0,1,1,0,1,0,0,1,1,1,1,1,1,0,1,1,1,1,1,0,1,0,0,1,1,1,0
0,0,1,1,1,1,1,1,1,1,1,1,0,0,1,1,1,1,1,1,0,1,1,1,1,0,1,1,1,1,1,1,1,1
0,0,1,1,1,1,1,1,1,1,0,1,1,1,1,1,1,0,1,1,1,1,1,1,1,1,0,1,1,1,1,1,1,0
0,0,0,1,0,1,1,1,1,0,0,0,1,0,1,1,1,0,0,1,0,1,1,1,1,0,0,0,1,0,1,1,1,0
0,0,1,1,0,1,1,1,1,0,0,0,0,1,1,0,1,0,1,1,0,1,1,1,1,0,0,0,0,1,1,0,1,0
0,0,0,0,1,0,1,1,1,0,1,0,0,1,1,0,1,0,1,0,0,1,1,1,1,0,0,0,1,0,1,1,1,1
0,0,1,1,1,1,1,1,1,1,0,1,0,0,0,1,1,1,0,1,0,0,0,1,1,0,1,1,1,1,1,1,1,1
0,1,1,0,0,1,1,1,1,0,1,1,0,1,1,1,1,0,1,1,0,1,1,1,1,1,1,0,0,1,1,1,1,1
0,1,1,0,1,0,1,1,1,1,1,0,1,1,1,1,1,1,1,0,1,0,1,1,1,1,1,0,1,1,1,1,1,0
0,1,1,1,1,0,1,1,1,1,1,1,0,1,1,1,1,1,1,1,1,0,1,1,1,1,1,1,0,1,1,1,1,0
0,0,1,0,1,0,1,1,1,0,0,1,0,1,1,1,1,0,0,1,0,1,1,1,1,0,1,0,1,0,1,1,1,1
0,0,0,1,0,1,0,1,1,0,1,1,0,0,1,0,1,0,1,1,0,0,1,0,1,0,0,1,0,1,0,1,1,1
0,1,1,0,1,0,1,1,1,1,1,0,1,0,0,1,1,1,1,0,1,0,1,1,1,1,1,0,1,0,0,1,1,0
0,0,0,1,0,1,1,1,1,0,0,1,1,0,0,1,1,0,0,1,1,0,1,1,1,0,0,1,0,1,1,1,1,1
0,1,0,0,0,0,1,1,1,1,0,1,1,0,0,0,1,1,0,1,1,0,0,0,1,1,0,0,0,0,1,1,1,1
0,1,0,0,1,1,1,0,1,1,0,1,0,0,0,0,1,1,0,1,0,0,0,0,1,1,0,0,1,1,1,0,1,1
0,0,0,0,0,0,1,1,1,1,0,0,1,0,0,1,1,0,0,0,0,0,1,1,1,1,0,0,1,0,0,1,1,0
0,0,0,1,1,1,1,1,1,0,1,1,0,0,0,1,1,0,0,1,1,1,1,1,1,0,1,1,0,0,0,1,1,0
0,0,0,0,1,1,0,1,1,1,1,1,0,1,1,1,1,1,1,1,0,1,1,1,1,0,0,0,1,1,0,1,1,1
0,0,1,1,1,1,0,1,1,1,1,0,0,1,1,1,1,0,1,1,1,1,1,1,1,1,1,0,0,1,1,1,1,0
0,0,0,0,0,1,1,1,1,0,0,1,1,1,0,1,1,0,0,0,0,1,1,1,1,0,0,1,1,1,0,1,1,0
0,0,0,0,0,1,1,1,1,0,0,0,0,1,0,1,1,0,0,0,0,1,1,1,1,0,0,0,0,1,0,1,1,0
0,0,0,0,1,1,1,1,1,1,1,0,0,0,0,1,1,1,1,0,0,0,0,1,1,0,0,0,1,1,1,1,1,1
0,1,1,0,0,1,0,1,1,1,0,0,0,0,1,0,1,1,1,0,0,1,0,1,1,1,0,0,0,0,1,0,1,0
0,1,1,1,1,1,0,1,1,0,0,0,1,1,0,0,1,1,1,1,1,1,0,1,1,0,0,0,1,1,0,0,1,0
0,0,1,0,1,1,1,1,1,1,1,1,0,0,0,0,1,1,1,1,0,0,0,0,1,0,1,0,1,1,1,1,1,1
0,0,0,0,0,1,1,1,1,1,0,1,1,0,1,0,1,1,0,1,1,0,1,0,1,0,0,0,0,1,1,1,1,1
0,1,0,0,0,1,1,1,1,1,1,0,1,0,1,1,1,1,0,0,0,1,1,0,1,1,1,0,1,0,1,1,1,0
0,0,0,1,1,1,1,1,1,0,1,0,0,1,1,1,1,0,0,1,1,1,1,0,1,0,1,0,0,1,1,1,1,0
0,1,0,1,0,1,1,1,1,1,0,1,1,1,1,1,1,1,0,1,1,1,1,0,1,1,0,1,0,1,1,1,1,1
0,0,0,1,0,1,0,0,1,0,0,0,0,0,0,1,1,0,0,0,0,0,0,1,1,0,0,1,0,1,0,0,1,1
0,0,0,0,0,0,0,0,1,0,0,1,0,1,0,1,1,0,0,1,0,1,0,1,1,0,0,0,0,0,0,0,1,1
0,1,1,0,0,0,0,1,1,1,1,0,0,1,0,1,1,1,1,0,0,1,0,1,1,1,1,0,0,0,0,1,1,1
0,0,0,1,1,1,0,1,1,1,0,1,1,0,1,1,1,0,0,1,1,1,0,1,1,1,0,1,1,0,1,1,1,0
0,1,1,1,0,0,1,1,1,0,0,0,1,1,1,1,1,1,1,1,0,0,1,1,1,0,0,0,1,1,1,1,1,0
0,1,1,0,0,0,1,1,1,1,1,1,1,1,0,1,1,1,1,0,0,0,1,1,1,1,1,1,1,1,0,1,1,0
0,0,0,0,1,1,1,1,1,1,1,0,1,0,1,0,1,0,0,0,1,1,1,1,1,1,1,0,1,0,1,0,1,0
0,1,0,0,1,0,0,1,1,0,1,0,0,0,1,0,1,0,1,0,0,0,1,1,1,1,0,0,1,0,0,1,1,1
0,0,1,0,0,0,0,0,1,1,1,1,0,0,0,1,1,0,1,0,0,0,0,0,1,1,1,1,0,0,0,1,1,0
0,1,1,1,0,0,0,1,1,0,1,1,1,0,0,1,1,1,1,1,0,0,0,1,1,0,1,1,1,0,0,1,1,0
0,1,1,0,1,1,0,1,1,0,0,1,0,0,1,1,1,0,0,1,0,0,1,1,1,1,1,0,1,1,0,1,1,1
0,1,0,1,0,1,1,1,1,0,0,0,1,0,1,1,1,0,0,0,1,0,1,1,1,1,0,1,0,1,1,1,1,1
0,0,1,0,1,1,1,1,1,1,0,1,0,1,1,0,1,0,1,0,1,1,1,1,1,1,0,1,0,1,1,0,1,0
0,0,1,0,0,0,0,0,1,0,0,0,1,1,1,0,1,0,0,0,1,1,1,1,1,0,1,0,0,0,0,0,1,1
0,0,0,0,0,1,0,1,1,0,0,0,1,1,0,1,1,0,0,0,0,1,0,1,1,0,0,0,1,1,0,1,1,0
0,0,0,1,0,0,1,0,1,1,1,0,0,0,1,0,1,1,1,0,0,0,1,0,1,0,0,1,0,0,1,0,1,1
0,0,1,0,1,0,1,1,1,1,0,1,0,0,1,1,1,1,0,1,0,0,1,1,1,0,1,0,1,0,1,1,1,1
0,0,0,1,0,1,0,1,1,0,1,1,0,0,1,1,1,0,1,1,0,0,1,1,1,0,0,1,0,1,0,1,1,1
0,0,0,0,1,0,0,1,1,1,1,0,1,1,0,1,1,1,1,0,1,1,0,1,1,0,0,0,1,0,0,1,1,1
0,1,1,1,0,1,1,1,1,0,0,0,1,0,0,1,1,1,1,1,0,1,1,1,1,0,0,0,1,0,0,1,1,0
0,1,0,1,0,1,1,0,1,0,0,0,1,1,1,1,1,1,0,1,0,1,1,0,1,0,0,0,1,1,1,1,1,0
0,1,1,0,0,0,0,0,1,1,0,0,0,1,0,1,1,1,0,0,0,1,0,1,1,1,1,0,0,0,0,0,1,1
0,1,0,1,0,1,1,0,1,1,1,0,1,1,0,0,1,1,0,1,0,1,1,1,1,1,1,0,1,1,0,0,1,0
0,1,1,0,1,1,1,1,1,0,0,0,0,1,1,0,1,0,0,0,0,1,1,0,1,1,1,0,1,1,1,1,1,1
0,0,0,0,0,1,1,1,1,1,1,1,1,0,0,1,1,0,0,0,0,1,1,0,1,1,1,1,1,0,0,1,1,0
0,1,0,1,1,1,0,1,1,0,0,0,1,1,0,1,1,0,0,0,1,1,1,0,1,1,0,1,1,1,0,1,1,1
0,1,0,0,0,0,1,1,1,0,1,1,0,0,0,1,1,0,1,1,0,0,0,1,1,1,0,0,0,0,1,1,1,1
0,1,0,1,0,1,0,1,1,1,0,0,1,1,0,1,1,1,0,1,0,1,0,1,1,1,0,0,1,1,0,1,1,0
0,1,1,0,1,1,0,1,1,1,1,1,1,0,1,1,1,1,1,0,1,1,0,1,1,1,1,1,1,0,1,1,1,0
0,1,1,0,0,1,0,1,1,0,1,1,1,1,0,1,1,1,1,0,0,1,0,1,1,0,1,1,1,1,0,1,1,0
0,1,0,0,1,0,1,1,1,0,0,0,1,0,1,1,1,0,0,0,1,0,1,1,1,1,0,0,1,0,1,1,1,1
0,1,0,1,0,1,0,1,1,0,0,0,1,1,0,1,1,0,0,0,1,1,0,1,1,1,0,1,0,1,0,1,1,1
0,0,0,1,0,1,0,1,1,1,1,0,0,0,0,1,1,1,1,0,0,0,0,1,1,0,0,1,0,1,0,1,1,1
0,0,1,1,1,1,1,1,1,0,0,1,0,0,1,0,1,0,1,1,1,1,1,1,1,0,0,1,0,0,1,0,1,0
0,1,1,1,1,1,1,1,1,0,1,1,0,1,0,1,1,1,1,1,1,1,1,1,1,0,1,1,0,1,0,1,1,0
0,0,0,0,0,0,1,0,1,1,1,0,0,0,0,0,1,1,1,0,0,0,0,0,1,0,0,0,0,0,1,0,1,1
0,1,1,1,1,1,1,0,1,0,1,0,0,0,0,0,1,0,1,0,0,0,0,0,1,1,1,1,1,1,1,0,1,1
0,1,1,1,0,1,1,1,1,1,0,1,0,0,0,1,1,1,0,1,0,0,0,1,1,1,1,1,0,1,1,1,1,1
0,1,0,1,0,1,1,1,1,1,0,1,0,0,0,1,1,1,0,1,0,0,0,1,1,1,0,1,0,1,1,1,1,1
0,0,1,1,0,0,0,1,1,0,0,0,1,1,1,1,1,0,1,1,0,0,0,1,1,0,0,0,1,1,1,1,1,0
0,0,0,0,0,1,0,1,1,0,0,1,1,0,1,1,1,0,0,0,0,1,0,1,1,0,0,1,1,0,1,1,1,0
0,0,0,1,1,1,0,0,1,1,0,0,0,1,1,1,1,1,0,0,0,1,1,1,1,0,0,1,1,1,0,0,1,1
0,1,1,1,1,0,1,0,1,0,0,1,1,1,1,0,1,1,1,1,1,0,1,0,1,0,0,1,1,1,1,0,1,0
0,1,0,0,1,0,1,1,1,0,1,1,1,1,1,0,1,0,1,1,1,0,1,0,1,1,0,0,1,0,1,1,1,1
0,0,1,1,1,1,0,1,1,0,1,0,0,1,1,0,1,0,1,0,0,1,1,0,1,0,1,1,1,1,0,1,1,1
0,0,1,0,1,0,1,0,1,1,0,1,0,0,0,0,1,1,0,1,0,0,0,0,1,0,1,0,1,0,1,0,1,1
0,0,1,0,0,0,0,1,1,0,0,0,1,0,1,0,1,0,0,0,1,0,1,0,1,0,1,0,0,0,0,1,1,1
0,1,1,0,0,1,0,1,1,0,1,0,1,1,0,0,1,0,1,0,1,1,0,0,1,1,1,0,0,1,0,1,1,1
0,1,1,0,1,1,1,1,1,0,1,0,1,1,1,0,1,0,1,0,1,1,1,0,1,1,1,0,1,1,1,1,1,1
0,0,1,0,0,0,0,1,1,1,1,0,1,0,0,0,1,1,1,0,1,0,0,0,1,0,1,0,0,0,0,1,1,1
0,1,0,0,0,1,1,1,1,0,0,1,1,0,0,1,1,1,0,0,0,1,1,1,1,0,0,1,1,0,0,1,1,0
0,1,0,0,0,0,1,1,1,0,1,1,1,1,0,0,1,1,0,0,0,0,1,1,1,0,1,1,1,1,0,0,1,0
0,1,1,1,1,1,1,0,1,1,1,0,1,1,1,1,1,1,1,0,1,1,1,1,1,1,1,1,1,1,1,0,1,1
0,0,0,0,0,0,0,1,1,1,0,0,0,1,0,0,1,1,0,0,0,1,0,0,1,0,0,0,0,0,0,1,1,1
0,0,1,1,1,1,1,1,1,1,0,0,1,1,0,1,1,1,0,0,1,1,0,1,1,0,1,1,1,1,1,1,1,1
0,1,0,0,0,1,0,1,1,0,0,1,0,1,0,1,1,1,0,0,0,1,0,1,1,0,0,1,0,1,0,1,1,0
0,1,1,1,0,0,1,1,1,1,0,0,1,0,0,1,1,1,0,0,1,0,0,1,1,1,1,1,0,0,1,1,1,1
0,1,1,0,0,0,0,0,1,0,0,1,0,0,1,1,1,0,0,1,0,0,1,1,1,1,1,0,0,0,0,0,1,1
0,1,0,0,1,1,1,0,1,1,1,0,1,1,0,1,1,1,1,0,1,1,0,1,1,1,0,0,1,1,1,0,1,1
0,1,1,1,0,1,1,1,1,1,0,1,0,1,0,0,1,1,1,1,0,1,1,1,1,1,0,1,0,1,0,0,1,0
0,0,1,1,0,0,1,1,1,1,0,0,0,1,1,1,1,0,1,1,0,0,1,1,1,1,0,0,0,1,1,1,1,0
0,0,0,1,0,0,1,1,1,1,1,1,1,0,1,0,1,0,0,1,0,0,1,1,1,1,1,1,1,0,1,0,1,0
0,0,0,1,1,1,1,1,1,0,1,0,0,1,1,0,1,0,1,0,0,1,1,1,1,0,0,1,1,1,1,1,1,1
0,0,0,1,0,0,0,1,1,1,1,0,1,0,1,0,1,1,1,0,1,0,1,0,1,0,0,1,0,0,0,1,1,1
0,0,1,0,0,0,0,1,1,1,1,1,1,1,1,0,1,1,1,1,1,1,1,0,1,0,1,0,0,0,0,1,1,1
0,0,1,0,1,1,0,1,1,1,1,0,0,1,1,1,1,0,1,0,1,1,0,1,1,1,1,0,0,1,1,1,1,0
0,0,1,1,1,1,1,1,1,0,0,0,0,0,1,0,1,0,0,0,0,0,1,0,1,0,1,1,1,1,1,1,1,1
0,1,1,0,1,1,1,0,1,0,0,1,0,1,1,1,1,0,0,1,0,1,1,1,1,1,1,0,1,1,1,0,1,1
0,0,1,0,0,0,1,1,1,0,1,0,0,0,1,1,1,0,1,0,0,0,1,1,1,0,1,0,0,0,1,1,1,1
0,0,0,0,1,1,0,0,1,1,1,1,1,1,0,1,1,0,0,0,1,1,0,0,1,1,1,1,1,1,0,1,1,0
0,0,0,0,0,1,0,0,1,1,1,1,1,1,0,0,1,0,0,0,0,1,0,0,1,1,1,1,1,1,0,0,1,0
0,1,0,1,1,1,1,0,1,0,1,0,0,1,1,1,1,1,0,1,1,1,1,0,1,0,1,0,0,1,1,1,1,0
0,0,0,1,0,1,1,0,1,1,1,0,1,0,1,0,1,1,1,0,1,0,1,0,1,0,0,1,0,1,1,0,1,1
0,1,0,0,1,0,0,0,1,0,0,1,0,1,0,1,1,0,0,1,0,1,0,1,1,1,0,0,1,0,0,0,1,1
0,0,0,1,1,0,1,0,1,1,1,0,0,1,0,1,1,1,1,0,0,1,0,1,1,0,0,1,1,0,1,0,1,1
0,1,1,0,1,1,1,0,1,1,0,1,0,1,1,1,1,1,0,1,0,1,1,1,1,1,1,0,1,1,1,0,1,1
0,1,1,1,1,0,1,0,1,1,0,1,0,1,1,1,1,1,1,1,1,0,1,1,1,1,0,1,0,1,1,0,1,0
0,1,0,1,0,1,0,1,1,0,0,1,0,1,1,1,1,0,0,1,0,1,1,1,1,1,0,1,0,1,0,1,1,1
0,0,1,0,0,1,1,1,1,0,0,1,1,1,1,0,1,0,0,1,1,1,1,0,1,0,1,0,0,1,1,1,1,1
0,1,0,0,0,0,0,1,1,1,1,1,0,0,1,0,1,1,1,1,0,0,1,0,1,1,0,0,0,0,0,1,1,1
0,1,0,0,0,0,0,1,1,0,0,1,0,0,1,1,1,1,0,0,0,0,0,1,1,0,0,1,0,0,1,1,1,0
0,0,1,0,1,1,1,1,1,1,0,0,1,0,1,1,1,1,0,0,1,0,1,1,1,0,1,0,1,1,1,1,1,1
0,1,1,1,1,1,1,1,1,1,0,1,1,0,0,1,1,1,0,1,1,0,0,1,1,1,1,1,1,1,1,1,1,1
0,0,0,0,1,0,1,1,1,1,0,1,0,1,1,0,1,1,0,1,0,1,1,0,1,0,0,0,1,0,1,1,1,1
0,0,1,0,0,1,1,1,1,1,1,0,1,0,0,1,1,0,1,0,0,1,1,0,1,1,1,0,1,0,0,1,1,0
0,0,1,1,1,0,1,0,1,1,1,1,0,1,1,1,1,1,1,1,0,1,1,0,1,0,1,1,1,0,1,0,1,1
0,0,0,0,0,0,1,0,1,0,0,0,1,1,1,1,1,0,0,0,0,0,1,0,1,0,0,0,1,1,1,1,1,0
0,0,1,0,0,0,1,0,1,0,1,0,1,1,0,1,1,0,1,0,0,0,1,0,1,0,1,0,1,1,0,1,1,0
0,0,1,0,1,0,1,0,1,0,0,1,1,0,1,1,1,0,1,0,1,0,1,0,1,0,0,1,1,0,1,1,1,0
0,0,1,1,1,1,1,0,1,0,1,0,1,1,1,1,1,0,1,1,1,1,1,0,1,0,1,0,1,1,1,1,1,0
0,1,1,0,1,0,1,1,1,1,0,0,1,0,1,1,1,1,0,0,1,0,1,1,1,1,1,0,1,0,1,1,1,1
0,0,1,1,1,0,1,1,1,1,1,0,1,0,1,1,1,1,1,0,1,0,1,1,1,0,1,1,1,0,1,1,1,1
0,0,0,1,1,1,1,1,1,0,1,1,1,1,0,1,1,0,1,1,1,1,0,1,1,0,0,1,1,1,1,1,1,1
0,1,1,0,1,0,0,0,1,1,0,1,0,0,0,1,1,1,0,1,0,0,0,1,1,1,1,0,1,0,0,0,1,1
0,1,1,1,0,1,1,0,1,0,1,0,0,1,0,1,1,0,1,0,0,1,0,1,1,1,1,1,0,1,1,0,1,1
0,1,0,0,0,0,1,1,1,1,1,0,0,0,0,0,1,1,1,0,0,0,0,0,1,1,0,0,0,0,1,1,1,1
0,0,1,0,1,0,0,1,1,0,1,1,1,0,0,1,1,0,1,0,1,0,0,1,1,0,1,1,1,0,0,1,1,0
0,1,0,1,1,0,0,1,1,1,0,1,0,1,0,1,1,1,0,1,1,0,0,1,1,1,0,1,0,1,0,1,1,0
0,0,0,1,0,1,1,1,1,0,0,1,0,0,1,1,1,0,0,1,0,0,1,1,1,0,0,1,0,1,1,1,1,1
0,0,1,0,1,1,1,1,1,0,0,1,1,0,1,1,1,0,1,0,1,1,1,1,1,0,0,1,1,0,1,1,1,0
0,0,0,1,1,0,1,1,1,1,1,0,0,0,1,1,1,1,1,0,0,0,1,1,1,0,0,1,1,0,1,1,1,1
0,1,0,1,1,0,1,1,1,1,1,0,0,1,1,1,1,1,0,1,1,0,1,1,1,1,1,0,0,1,1,1,1,0
0,1,0,1,1,1,0,1,1,0,0,1,1,1,0,1,1,0,0,1,1,1,0,1,1,1,0,1,1,1,0,1,1,1
0,1,1,1,1,0,0,0,1,0,0,1,1,0,1,1,1,1,1,1,1,0,0,0,1,0,0,1,1,0,1,1,1,0
0,0,0,0,1,1,1,1,1,1,1,1,1,1,1,1,1,0,0,0,1,1,1,1,1,1,1,1,1,1,1,1,1,0
0,1,1,1,0,0,1,1,1,1,1,0,1,0,1,0,1,1,1,1,0,0,1,1,1,1,1,0,1,0,1,0,1,0
0,1,1,0,0,1,1,1,1,1,1,0,1,1,1,1,1,1,1,0,0,1,1,1,1,1,1,0,1,1,1,1,1,0
0,1,1,0,1,1,1,0,1,0,0,1,1,1,1,1,1,0,0,1,1,1,1,1,1,1,1,0,1,1,1,0,1,1
0,1,0,0,1,0,0,1,1,0,1,1,0,0,1,1,1,1,0,0,1,0,0,1,1,0,1,1,0,0,1,1,1,0
0,0,1,0,1,0,0,1,1,0,1,0,1,0,1,1,1,0,1,0,1,0,0,1,1,0,1,0,1,0,1,1,1,0
0,0,1,1,0,1,0,0,1,0,0,0,1,1,1,1,1,0,0,0,1,1,0,1,1,0,1,1,0,1,0,0,1,1
0,0,1,1,1,0,1,0,1,1,0,0,1,1,1,1,1,1,0,0,1,1,0,1,1,0,1,1,1,0,1,0,1,1
0,0,1,1,0,0,1,1,1,1,0,1,1,1,1,0,1,0,1,1,0,0,1,1,1,1,0,1,1,1,1,0,1,0
0,1,0,1,0,1,1,1,1,0,1,1,0,1,1,1,1,1,0,1,0,1,1,1,1,0,1,1,0,1,1,1,1,0
0,1,0,1,0,1,0,0,1,1,1,1,1,0,0,0,1,1,1,1,1,0,0,0,1,1,0,1,0,1,0,0,1,1
0,0,0,1,1,1,1,1,1,1,1,0,1,1,1,1,1,1,1,0,1,1,1,1,1,0,0,1,1,1,1,1,1,1
0,1,0,0,1,0,0,1,1,1,1,1,1,0,1,1,1,1,1,1,1,0,1,1,1,1,0,0,1,0,0,1,1,1
0,1,0,1,1,0,1,0,1,0,1,0,1,1,0,1,1,1,0,1,1,0,1,0,1,0,1,0,1,1,0,1,1,0
0,1,0,1,1,0,1,0,1,1,1,1,1,1,0,1,1,1,0,1,1,0,1,0,1,1,1,1,1,1,0,1,1,0
0,1,1,0,0,0,0,0,1,0,0,0,0,1,1,1,1,0,0,0,0,1,1,1,1,1,1,0,0,0,0,0,1,1
0,0,0,1,0,0,0,0,1,1,0,0,0,1,0,1,1,0,0,1,0,1,1,1,1,1,0,0,0,1,0,1,1,0
0,1,0,0,1,1,1,1,1,0,0,0,0,0,0,0,1,0,0,0,0,0,0,0,1,1,0,0,1,1,1,1,1,1
0,0,1,0,1,0,0,1,1,0,1,1,0,0,0,0,1,0,1,1,0,0,0,0,1,0,1,0,1,0,0,1,1,1
0,1,0,0,1,0,0,1,1,1,1,1,1,1,0,1,1,1,0,0,1,0,0,1,1,1,1,1,1,1,0,1,1,0
0,0,0,0,0,1,1,0,1,0,0,1,0,0,0,0,1,0,0,1,0,0,0,0,1,0,0,0,0,1,1,0,1,1
0,0,0,0,0,1,1,0,1,1,0,0,1,0,1,1,1,0,0,0,0,1,0,0,1,1,0,0,1,0,1,1,1,0
0,0,0,1,1,0,1,0,1,0,1,1,1,1,0,1,1,0,0,1,1,0,1,0,1,0,1,1,1,1,0,1,1,0
0,1,1,1,0,1,0,1,1,1,0,0,1,1,0,1,1,1,0,0,1,0,1,0,1,1,1,1,0,1,0,1,1,1
0,1,0,1,1,1,0,1,1,1,0,0,0,0,1,1,1,1,0,1,1,0,1,0,1,1,0,0,0,0,1,1,1,0
0,1,1,0,0,1,0,1,1,1,0,0,0,1,0,0,1,1,0,0,0,1,0,0,1,1,1,0,0,1,0,1,1,1
0,1,1,1,1,0,1,1,1,0,1,0,1,1,0,0,1,1,1,1,1,0,1,0,1,0,1,0,1,1,0,0,1,0
0,1,1,1,0,1,1,0,1,0,1,1,1,0,0,1,1,0,1,1,1,0,0,1,1,1,1,1,0,1,1,0,1,1
0,1,0,1,1,1,0,1,1,0,1,1,0,0,0,1,1,1,0,1,1,1,0,1,1,0,1,1,0,0,0,1,1,0
0,1,1,1,1,0,1,1,1,0,0,1,1,1,0,0,1,1,1,1,1,0,1,1,1,0,0,1,1,1,0,0,1,0
0,1,1,0,1,1,0,0,1,0,0,1,0,0,0,1,1,0,0,1,0,0,0,1,1,1,1,0,1,1,0,0,1,1
0,1,0,0,1,0,1,1,1,0,1,0,0,0,1,1,1,0,1,0,0,0,1,1,1,1,0,0,1,0,1,1,1,1
0,1,0,1,1,0,0,0,1,0,1,1,1,0,1,1,1,0,1,1,1,0,1,1,1,1,0,1,1,0,0,0,1,1
0,0,1,0,1,0,1,0,1,0,1,1,0,0,0,1,1,0,1,0,1,0,1,0,1,0,1,1,0,0,0,1,1,0
0,1,1,1,0,1,1,0,1,0,0,0,0,0,1,0,1,1,1,1,0,1,1,0,1,0,0,0,0,0,1,0,1,0
0,0,0,0,1,0,1,1,1,0,0,0,0,1,1,1,1,0,0,0,1,0,1,1,1,0,0,0,0,1,1,1,1,0
0,1,0,0,0,1,0,1,1,1,0,1,1,0,0,1,1,1,0,1,1,0,0,1,1,1,0,0,0,1,0,1,1,1
0,1,1,1,1,1,0,1,1,1,1,0,1,1,1,0,1,1,1,0,1,1,1,0,1,1,1,1,1,1,0,1,1,1
0,0,0,0,1,1,0,1,1,1,0,1,1,1,1,1,1,0,0,0,1,1,0,1,1,1,0,1,1,1,1,1,1,0
0,1,1,1,0,1,0,0,1,1,1,1,1,1,0,0,1,1,1,1,0,1,0,0,1,1,1,1,1,1,0,0,1,0
0,1,0,0,1,0,1,0,1,0,1,1,1,1,0,0,1,0,1,1,0,1,0,0,1,1,0,0,1,0,1,0,1,1
0,1,1,1,0,1,0,1,1,0,0,1,0,0,0,1,1,0,0,1,0,0,0,1,1,1,1,1,0,1,0,1,1,1
0,1,0,1,1,0,0,1,1,1,0,1,1,1,0,1,1,1,0,1,1,0,0,1,1,1,0,1,1,1,0,1,1,0
0,1,1,1,1,1,1,1,1,1,1,0,0,1,1,1,1,1,1,0,0,1,1,1,1,1,1,1,1,1,1,1,1,1
0,1,0,0,1,1,1,0,1,0,1,1,1,0,0,1,1,0,1,1,1,0,0,1,1,1,0,0,1,1,1,0,1,1
0,1,0,0,1,1,1,0,1,0,0,0,0,0,1,1,1,1,0,0,1,1,1,1,1,0,0,0,0,0,1,1,1,0
0,1,0,0,0,1,1,0,1,1,0,0,0,0,0,0,1,1,0,0,0,1,1,1,1,1,0,0,0,0,0,0,1,0
0,0,1,1,1,1,1,1,1,1,1,1,1,0,0,0,1,1,1,1,1,0,0,0,1,0,1,1,1,1,1,1,1,1
0,1,1,1,1,1,1,1,1,1,0,1,1,1,0,1,1,1,1,1,1,0,0,0,1,1,0,1,1,1,0,1,1,0
0,1,0,0,1,0,1,1,1,1,1,0,0,1,1,1,1,1,1,0,0,1,1,0,1,1,0,0,1,0,1,1,1,1
0,0,1,0,1,1,0,0,1,0,1,1,0,1,0,1,1,0,1,1,0,1,0,1,1,0,1,0,1,1,0,0,1,1
0,1,0,0,1,0,0,1,1,0,0,1,1,1,0,1,1,1,0,0,1,0,0,1,1,0,0,1,1,1,0,1,1,0
0,0,1,0,1,1,1,1,1,1,1,0,0,1,0,1,1,0,1,0,1,1,1,1,1,1,1,0,0,1,0,1,1,0
0,0,0,0,1,1,1,1,1,0,0,0,1,1,0,1,1,0,0,0,1,1,1,1,1,0,0,0,1,1,0,1,1,0
0,1,0,1,0,0,1,1,1,1,0,0,1,1,1,1,1,1,0,1,0,0,1,1,1,1,0,0,1,1,1,1,1,0
0,0,1,1,0,1,0,1,1,1,0,0,1,1,1,1,1,1,0,0,1,0,1,1,1,0,1,1,0,1,0,1,1,1
0,1,1,0,0,1,0,1,1,0,0,1,1,0,1,1,1,0,0,1,1,0,1,1,1,1,1,0,0,1,0,1,1,1
0,0,1,0,0,1,0,1,1,0,1,0,1,1,1,1,1,0,0,1,1,0,1,1,1,0,1,0,1,1,0,1,1,0
0,0,0,0,1,0,1,1,1,0,0,1,1,0,1,0,1,0,0,1,1,0,1,0,1,0,0,0,1,0,1,1,1,1
0,0,0,0,0,0,1,0,1,0,0,1,1,0,1,1,1,0,0,1,1,0,1,1,1,0,0,0,0,0,1,0,1,1
0,1,0,0,0,1,0,1,1,1,0,1,1,1,1,1,1,1,0,1,1,1,1,1,1,1,0,0,0,1,0,1,1,1
0,0,1,0,1,1,0,1,1,0,0,1,1,1,1,1,1,0,0,1,1,1,1,1,1,0,1,0,1,1,0,1,1,1
0,0,0,0,0,0,0,1,1,0,0,0,1,1,0,1,1,0,0,0,0,0,0,1,1,0,0,0,1,1,0,1,1,0
0,1,0,0,0,1,0,1,1,0,0,1,1,0,0,1,1,0,0,1,1,0,0,1,1,1,0,0,0,1,0,1,1,1
0,1,0,0,0,1,0,1,1,1,0,0,0,1,0,1,1,1,0,0,0,1,0,1,1,1,0,0,0,1,0,1,1,1
0,1,1,0,0,1,1,0,1,1,0,1,0,0,0,1,1,1,0,1,0,0,0,1,1,1,1,0,0,1,1,0,1,1
0,0,0,0,0,0,0,0,1,0,1,1,1,1,1,1,1,0,1,1,1,1,1,1,1,0,0,0,0,0,0,0,1,1
0,0,0,0,1,0,0,1,1,0,0,1,1,1,1,1,1,0,0,0,1,0,0,1,1,0,0,1,1,1,1,1,1,0
0,1,0,0,0,1,1,1,1,1,0,0,0,0,0,0,1,1,0,0,0,1,1,1,1,1,0,0,0,0,0,0,1,0
0,1,1,0,0,0,0,0,1,1,1,1,0,0,1,0,1,1,1,0,0,0,0,0,1,1,1,1,0,0,1,0,1,0
0,0,1,0,0,0,0,0,1,1,1,1,1,1,1,0,1,0,1,0,0,0,0,0,1,1,1,1,1,1,1,0,1,0
0,0,1,1,1,1,1,1,1,0,0,1,0,0,1,1,1,0,0,1,0,0,1,1,1,0,1,1,1,1,1,1,1,1
0,0,1,1,1,0,0,0,1,1,0,0,0,1,1,1,1,0,1,1,1,0,0,0,1,1,0,0,0,1,1,1,1,0
0,0,0,0,1,0,1,1,1,0,1,1,1,1,0,0,1,0,1,1,1,1,0,0,1,0,0,0,1,0,1,1,1,1
0,0,1,0,1,0,1,1,1,1,0,0,1,0,0,1,1,0,1,0,1,1,0,0,1,1,0,0,1,0,0,1,1,0
0,1,0,0,0,1,0,1,1,1,1,1,1,1,0,1,1,1,0,0,0,1,0,1,1,1,1,1,1,1,0,1,1,0
0,1,0,1,0,0,1,1,1,1,0,0,1,0,0,1,1,1,0,1,0,0,1,1,1,1,0,0,1,0,0,1,1,0
0,1,1,1,1,0,1,1,1,0,1,1,1,1,0,1,1,1,1,1,1,0,1,1,1,0,1,1,1,1,0,1,1,0
0,1,1,1,0,0,1,1,1,1,1,0,0,0,0,0,1,1,1,1,0,0,1,1,1,1,1,0,0,0,0,0,1,0
0,0,0,1,0,1,0,0,1,0,0,1,0,1,0,1,1,0,0,1,0,1,0,0,1,0,0,1,0,1,0,1,1,0
0,0,0,1,1,1,1,0,1,0,1,0,0,1,0,0,1,0,0,1,1,1,1,0,1,0,1,0,0,1,0,0,1,0
0,1,1,1,1,0,1,1,1,0,1,1,0,0,0,1,1,0,1,1,0,0,0,1,1,1,1,1,1,0,1,1,1,1
0,1,1,1,0,1,1,1,1,1,0,0,0,0,0,1,1,1,0,0,0,0,0,1,1,1,1,1,0,1,1,1,1,1
0,0,1,0,0,1,1,1,1,0,1,1,0,1,0,1,1,0,1,1,0,1,0,1,1,0,1,0,0,1,1,1,1,1
0,1,1,0,0,0,1,1,1,0,1,0,0,0,1,0,1,0,1,0,0,0,1,0,1,1,1,0,0,0,1,1,1,1
0,1,1,0,1,0,0,1,1,0,1,0,0,1,0,0,1,0,1,0,0,1,0,0,1,1,1,0,1,0,0,1,1,1
0,1,0,0,0,1,1,1,1,0,0,0,1,0,1,1,1,1,0,0,0,1,1,0,1,0,0,0,1,0,1,1,1,0
0,1,0,1,0,1,0,1,1,1,1,0,1,0,0,1,1,1,0,1,0,1,0,1,1,1,1,0,1,0,0,1,1,0
0,0,1,1,1,1,0,1,1,1,0,0,0,1,1,1,1,0,1,1,1,1,0,1,1,1,0,0,0,1,1,1,1,0
0,1,0,1,0,1,1,0,1,1,0,1,1,0,0,1,1,1,0,1,0,1,1,0,1,1,0,1,1,0,0,1,1,0
0,0,1,0,0,0,0,0,1,0,0,0,1,0,0,1,1,0,0,0,1,1,1,0,1,0,1,0,0,0,0,0,1,1
0,0,0,0,0,1,1,0,1,1,1,1,1,1,1,1,1,1,1,1,1,1,1,0,1,0,0,0,0,1,1,0,1,1
0,0,1,0,0,1,1,0,1,0,0,1,1,0,1,0,1,0,1,0,0,1,1,0,1,0,0,1,1,0,1,0,1,0
0,0,1,1,1,1,0,1,1,1,0,1,1,0,1,0,1,1,0,1,0,1,1,0,1,0,1,1,1,1,0,1,1,1
0,1,0,1,1,1,1,1,1,0,0,0,1,1,1,0,1,1,0,1,1,1,1,1,1,0,0,0,1,1,1,0,1,0
0,1,0,1,1,0,0,0,1,0,1,0,1,1,1,0,1,0,1,0,1,1,1,1,1,1,0,1,1,0,0,0,1,1
0,1,0,0,0,1,1,1,1,1,0,0,1,0,0,1,1,1,0,0,1,0,0,1,1,1,0,0,0,1,1,1,1,1
0,1,0,1,0,0,1,1,1,0,0,1,0,1,1,0,1,0,0,1,0,1,1,0,1,1,0,1,0,0,1,1,1,1
0,1,1,0,0,0,1,1,1,0,0,1,0,1,1,0,1,1,1,0,0,0,1,0,1,0,0,1,0,1,1,1,1,0
0,1,0,0,0,1,1,1,1,1,0,1,1,0,1,0,1,1,0,1,1,0,1,0,1,1,0,0,0,1,1,1,1,1
0,0,0,1,0,1,1,0,1,0,1,1,1,1,0,1,1,0,1,1,1,1,0,1,1,0,0,1,0,1,1,0,1,1
0,0,0,1,0,0,1,1,1,0,1,1,1,1,0,1,1,0,1,1,1,1,0,1,1,0,0,1,0,0,1,1,1,1
0,0,0,0,1,0,0,1,1,0,0,1,0,0,1,1,1,0,0,0,1,0,0,1,1,0,0,1,0,0,1,1,1,0
0,1,1,0,1,1,0,0,1,0,1,0,1,0,0,0,1,0,1,0,1,0,0,0,1,1,1,0,1,1,0,0,1,1
0,1,1,0,1,0,1,1,1,1,0,1,1,0,0,1,1,1,1,0,1,0,1,1,1,1,0,1,1,0,0,1,1,0
0,1,1,0,0,0,1,1,1,1,1,0,1,0,1,0,1,1,1,0,1,0,1,0,1,1,1,0,0,0,1,1,1,1
0,1,0,0,1,1,0,1,1,1,0,1,1,1,1,0,1,1,0,1,1,1,1,0,1,1,0,0,1,1,0,1,1,1
0,0,0,0,0,0,1,1,1,0,1,0,0,0,0,1,1,0,1,0,0,0,0,1,1,0,0,0,0,0,1,1,1,1
0,1,0,1,1,1,1,1,1,1,1,1,1,1,0,1,1,1,0,1,1,1,0,1,1,1,1,1,1,1,0,1,1,0
0,0,1,1,0,0,1,1,1,1,1,0,0,1,0,0,1,0,1,1,0,0,1,1,1,1,1,0,0,1,0,0,1,0
0,1,0,0,1,0,1,1,1,1,0,1,0,1,0,0,1,1,0,1,0,0,1,1,1,1,0,0,1,1,0,0,1,1
0,1,1,0,1,0,1,1,1,0,0,1,1,0,1,1,1,1,1,0,1,0,1,1,1,0,0,1,1,0,1,1,1,0
0,1,1,1,0,1,1,1,1,0,0,0,0,1,1,0,1,0,0,0,0,1,1,0,1,1,1,1,0,1,1,1,1,1
0,1,1,1,0,1,0,1,1,1,0,1,0,0,1,0,1,1,1,1,0,1,0,1,1,1,0,1,0,0,1,0,1,0
0,1,1,1,1,0,0,1,1,0,1,1,0,1,1,1,1,1,1,1,1,0,0,1,1,0,1,1,0,1,1,1,1,0
0,1,0,1,1,1,0,1,1,0,0,1,0,1,1,0,1,1,0,1,1,1,0,1,1,0,0,1,0,1,1,0,1,0
0,0,1,1,0,0,0,1,1,1,1,1,0,0,0,0,1,0,1,1,0,0,0,1,1,1,1,1,0,0,0,0,1,0
0,0,1,1,1,1,0,0,1,0,1,1,0,0,1,1,1,0,1,1,0,0,1,1,1,0,1,1,1,1,0,0,1,1
0,0,0,1,0,1,0,1,1,1,1,1,1,1,1,1,1,1,1,1,1,1,1,1,1,0,0,1,0,1,0,1,1,1
0,0,0,1,1,0,0,1,1,0,0,1,0,1,0,1,1,0,0,1,1,0,0,1,1,0,0,1,0,1,0,1,1,0
0,0,0,0,0,1,0,1,1,0,1,1,0,1,0,1,1,0,1,1,1,0,0,1,1,0,0,0,0,1,0,1,1,1
0,0,1,1,0,0,0,0,1,1,0,1,1,0,1,1,1,1,0,1,1,0,1,1,1,0,1,1,0,0,0,0,1,1
0,0,0,0,1,1,1,0,1,0,1,0,1,0,1,1,1,0,1,0,1,0,1,1,1,0,0,0,1,1,1,0,1,1
0,0,0,0,0,0,1,0,1,1,1,1,1,0,1,1,1,0,0,0,0,0,1,0,1,1,1,1,1,0,1,1,1,0
0,1,0,0,1,0,1,0,1,1,1,1,1,1,1,1,1,1,0,0,1,0,1,0,1,1,1,1,1,1,1,1,1,0
0,1,0,1,0,1,0,1,1,0,0,0,1,0,1,0,1,1,0,1,0,1,0,1,1,0,0,0,1,0,1,0,1,0
0,0,0,0,1,1,1,0,1,0,1,1,1,1,1,0,1,0,1,1,1,1,0,1,1,0,0,0,1,1,1,0,1,1
0,0,1,1,0,1,0,1,1,0,1,1,1,0,0,1,1,0,1,1,1,0,0,1,1,0,1,1,0,1,0,1,1,1
0,1,0,0,1,0,1,0,1,1,0,1,0,0,1,1,1,1,0,1,0,0,1,1,1,1,0,0,1,0,1,0,1,1
0,1,0,1,0,1,1,0,1,1,1,1,1,0,0,1,1,1,0,1,0,1,1,1,1,1,1,1,1,0,0,1,1,0
0,0,1,1,0,1,1,0,1,0,0,0,0,0,0,1,1,0,0,0,0,0,0,1,1,0,1,1,0,1,1,0,1,1
0,0,1,0,1,1,0,1,1,1,0,1,0,1,1,1,1,0,1,0,1,1,0,1,1,1,0,1,0,1,1,1,1,0
0,1,0,1,0,0,1,1,1,1,0,0,0,0,1,1,1,1,0,1,0,0,1,1,1,1,0,0,0,0,1,1,1,0
0,0,0,1,0,0,0,1,1,1,1,1,0,0,1,1,1,1,1,1,0,0,1,1,1,0,0,1,0,0,0,1,1,1
0,1,1,1,1,1,0,0,1,1,0,0,1,1,1,1,1,1,0,0,1,1,1,1,1,1,1,1,1,1,0,0,1,1
0,1,0,0,1,0,0,1,1,0,0,0,1,0,1,0,1,0,0,0,1,0,1,0,1,1,0,0,1,0,0,1,1,1
0,1,0,1,0,0,0,0,1,1,0,1,0,0,0,0,1,1,0,1,0,0,0,0,1,1,0,1,0,0,0,0,1,1
0,0,0,0,1,0,0,0,1,1,1,0,0,1,1,1,1,1,1,0,0,1,1,1,1,0,0,0,1,0,0,0,1,1
0,0,0,1,0,1,1,0,1,0,1,1,0,1,0,0,1,0,0,1,0,1,1,1,1,0,1,1,0,1,0,0,1,0
0,1,0,0,0,1,0,1,1,1,0,1,1,1,1,0,1,1,0,1,1,1,1,1,1,1,0,0,0,1,0,1,1,1
0,0,0,1,1,1,0,1,1,1,1,0,1,1,1,0,1,1,1,0,1,1,1,1,1,0,0,1,1,1,0,1,1,1
0,0,0,1,0,1,1,0,1,1,0,1,1,1,1,0,1,0,0,1,0,1,1,0,1,1,0,1,1,1,1,0,1,0
0,1,1,1,1,0,1,0,1,0,1,1,1,0,0,1,1,1,1,1,1,0,1,0,1,0,1,1,1,0,0,1,1,0
0,0,0,1,1,0,1,1,1,1,0,0,1,1,0,1,1,1,0,0,1,1,0,1,1,0,0,1,1,0,1,1,1,1
0,1,0,1,1,1,0,0,1,0,1,1,1,1,0,1,1,0,1,1,1,1,0,1,1,1,0,1,1,1,0,0,1,1
0,1,1,0,0,0,1,1,1,0,0,0,0,0,0,1,1,0,0,0,0,0,0,1,1,1,1,0,0,0,1,1,1,1
0,1,1,0,1,0,0,1,1,0,0,1,0,0,1,1,1,1,1,0,1,0,0,1,1,0,0,1,0,0,1,1,1,0
0,0,0,1,0,0,0,0,1,1,0,0,0,1,0,0,1,0,0,1,0,0,0,0,1,1,0,0,0,1,0,0,1,0
0,1,1,0,0,1,0,0,1,1,0,0,1,0,0,1,1,1,1,0,0,1,0,0,1,1,0,0,1,0,0,1,1,0
0,0,0,1,1,1,0,0,1,1,1,0,0,1,1,0,1,0,0,1,1,1,0,0,1,1,1,0,0,1,1,0,1,0
0,0,1,0,1,0,1,0,1,0,0,0,1,0,1,0,1,0,0,0,1,0,1,0,1,0,1,0,1,0,1,0,1,1
0,0,1,1,1,0,1,1,1,1,0,1,1,1,0,1,1,1,0,1,1,1,0,1,1,0,1,1,1,0,1,1,1,1
0,1,1,0,1,1,1,0,1,0,0,1,1,0,0,1,1,1,1,0,1,1,1,0,1,0,0,1,1,0,0,1,1,0
0,0,1,0,1,0,0,1,1,0,0,0,1,1,1,1,1,0,0,0,1,1,1,1,1,0,1,0,1,0,0,1,1,1
0,0,1,1,1,1,0,1,1,1,0,1,1,1,0,1,1,0,1,1,1,1,1,1,1,1,0,1,1,1,0,1,1,0
0,1,1,0,1,0,0,1,1,0,1,1,0,1,1,1,1,0,1,1,0,1,1,1,1,1,1,0,1,0,0,1,1,1
0,0,0,1,0,1,1,0,1,1,1,0,1,1,0,1,1,0,0,1,0,1,1,0,1,1,1,0,1,1,0,1,1,0
0,0,0,1,0,1,1,0,1,0,0,0,0,0,1,1,1,0,0,1,0,1,1,0,1,0,0,0,0,0,1,1,1,0
0,1,0,1,1,0,0,1,1,1,0,0,1,1,1,1,1,1,0,0,1,1,1,1,1,1,0,1,1,0,0,1,1,1
0,1,0,1,0,0,0,1,1,0,1,0,0,1,0,0,1,1,0,1,0,0,0,1,1,0,1,0,0,1,0,0,1,0
0,0,1,1,1,1,0,0,1,1,0,0,1,0,1,0,1,0,1,1,1,1,0,0,1,1,0,0,1,0,1,0,1,0
0,0,0,0,0,0,0,1,1,1,0,1,1,1,0,1,1,0,0,0,0,0,0,1,1,1,0,1,1,1,0,1,1,0
0,1,1,0,1,1,1,0,1,1,1,0,1,0,0,1,1,1,1,0,1,0,0,1,1,1,1,0,1,1,1,0,1,1
0,0,1,0,0,1,1,0,1,1,0,0,0,0,0,0,1,1,0,0,0,0,0,0,1,0,1,0,0,1,1,0,1,1
0,1,1,0,1,1,1,0,1,1,1,0,0,1,1,0,1,1,1,0,1,0,0,0,1,1,1,0,0,1,1,0,1,0
0,1,0,0,0,0,1,1,1,0,0,0,1,0,0,1,1,0,0,0,1,0,0,1,1,1,0,0,0,0,1,1,1,1
0,1,1,1,1,0,1,0,1,0,0,1,1,1,1,1,1,1,1,1,1,0,1,0,1,0,0,1,1,1,1,1,1,0
0,0,1,1,1,0,1,0,1,0,0,0,0,0,1,0,1,0,1,1,1,0,1,0,1,0,0,0,0,0,1,0,1,0
0,1,0,0,1,1,0,1,1,1,0,1,0,1,1,1,1,1,0,1,0,1,1,1,1,1,0,0,1,1,0,1,1,1
0,1,1,1,0,0,1,1,1,1,0,1,1,1,1,1,1,1,0,1,1,1,1,1,1,1,1,1,0,0,1,1,1,1
0,0,0,1,1,1,1,1,1,0,0,1,0,1,1,1,1,0,0,1,0,1,1,1,1,0,0,1,1,1,1,1,1,1
0,1,1,1,1,1,0,1,1,1,1,1,1,1,1,0,1,1,1,1,1,1,0,1,1,1,1,1,1,1,1,0,1,0
0,0,0,0,1,0,1,1,1,1,0,0,0,0,0,0,1,0,0,0,1,0,1,1,1,1,0,0,0,0,0,0,1,0
0,1,1,0,1,1,1,1,1,0,1,0,1,1,1,1,1,0,1,0,1,1,1,1,1,1,1,0,1,1,1,1,1,1
0,0,1,1,0,0,1,0,1,1,0,0,1,1,1,1,1,1,0,0,1,1,1,1,1,0,1,1,0,0,1,0,1,1
0,1,1,1,1,0,1,1,1,1,1,0,0,1,0,1,1,1,1,0,0,1,0,1,1,1,1,1,1,0,1,1,1,1
0,1,0,0,0,1,1,0,1,1,0,1,1,0,1,1,1,1,0,0,0,1,1,0,1,1,0,1,1,0,1,1,1,0
0,1,0,0,0,0,1,0,1,0,0,1,0,0,1,1,1,1,0,0,0,0,1,0,1,0,0,1,0,0,1,1,1,0
0,0,0,0,1,0,1,1,1,0,1,1,0,1,1,1,1,0,0,0,1,0,1,1,1,0,1,1,0,1,1,1,1,0
0,1,1,1,1,0,1,1,1,0,0,1,0,1,1,1,1,0,0,1,0,1,1,1,1,1,1,1,1,0,1,1,1,1
0,0,1,1,1,1,1,1,1,0,1,0,1,0,1,1,1,0,1,0,1,0,1,1,1,0,1,1,1,1,1,1,1,1
0,0,1,1,0,0,0,1,1,1,1,1,0,1,1,1,1,0,1,1,0,0,0,1,1,1,1,1,0,1,1,1,1,0
0,0,0,0,0,0,1,0,1,1,0,1,1,1,1,1,1,1,0,1,1,1,1,1,1,0,0,0,0,0,1,0,1,1
0,0,0,1,0,1,1,1,1,0,1,0,1,1,1,1,1,0,0,1,0,1,1,1,1,0,1,0,1,1,1,1,1,0
0,0,0,1,0,1,1,1,1,1,1,0,0,1,1,1,1,0,0,1,0,1,1,1,1,1,1,0,0,1,1,1,1,0
0,1,1,1,1,1,1,1,1,1,0,0,1,0,1,1,1,1,1,1,1,1,1,1,1,1,0,0,1,0,1,1,1,0
0,1,1,1,0,1,0,1,1,0,1,1,0,1,0,0,1,0,1,1,0,1,0,0,1,1,1,1,0,1,0,1,1,1
0,0,1,1,0,1,0,1,1,1,1,0,0,0,1,0,1,0,1,1,0,1,0,0,1,1,1,0,0,0,1,1,1,0
0,0,1,0,1,0,0,1,1,0,1,0,1,0,0,1,1,0,1,0,1,0,0,1,1,0,1,0,1,0,0,1,1,1
0,0,0,0,1,0,0,0,1,1,0,0,0,0,0,1,1,1,0,0,0,0,0,1,1,0,0,0,1,0,0,0,1,1
0,1,0,0,0,1,1,1,1,1,0,1,1,0,0,1,1,1,0,0,0,1,1,1,1,1,0,1,1,0,0,1,1,0
0,1,1,0,0,1,1,1,1,0,0,0,1,0,1,1,1,1,1,0,0,1,1,1,1,0,0,0,1,0,1,1,1,0
0,1,0,1,0,1,0,1,1,0,0,1,1,0,1,1,1,1,0,1,0,1,0,1,1,0,0,1,1,0,1,1,1,0
0,1,1,1,1,0,1,1,1,0,1,1,1,1,1,1,1,1,1,1,1,0,1,1,1,0,1,1,1,1,1,1,1,0
0,1,0,0,0,0,0,1,1,0,0,1,0,1,1,1,1,1,0,0,0,0,0,1,1,0,0,1,0,1,1,1,1,0
0,0,0,0,1,1,0,1,1,1,1,0,0,1,0,1,1,0,0,0,1,1,0,1,1,1,1,0,0,1,0,1,1,0
0,1,0,0,1,1,1,1,1,1,0,1,1,0,1,0,1,1,0,1,1,0,1,0,1,1,0,0,1,1,1,1,1,1
0,1,0,1,0,0,1,1,1,0,0,0,1,0,0,1,1,1,0,1,0,0,1,0,1,0,0,0,1,0,0,1,1,0
0,1,1,0,0,0,1,1,1,0,0,0,1,0,0,1,1,0,0,0,1,0,0,1,1,1,1,0,0,0,1,1,1,1
0,0,1,0,1,0,0,0,1,0,0,0,0,1,0,1,1,0,1,0,1,0,0,0,1,0,0,0,0,1,0,1,1,0
0,0,0,0,0,1,1,1,1,1,1,1,0,0,1,1,1,1,1,1,0,0,1,1,1,0,0,0,0,1,1,1,1,1
0,0,1,1,1,0,0,1,1,0,0,0,0,0,1,1,1,0,1,1,1,0,0,1,1,0,0,0,0,0,1,1,1,0
0,0,1,0,0,1,1,1,1,1,1,1,1,0,0,1,1,0,1,0,0,1,1,1,1,1,1,1,1,0,0,1,1,0
0,0,0,1,0,1,0,0,1,0,1,0,0,1,1,1,1,0,0,1,0,1,0,0,1,0,1,0,0,1,1,1,1,0
0,0,0,0,1,1,0,0,1,0,0,0,1,0,1,1,1,0,0,0,1,1,0,0,1,0,0,0,1,0,1,1,1,0
0,0,0,0,1,1,1,1,1,0,1,1,1,1,0,0,1,0,1,1,1,1,0,0,1,0,0,0,1,1,1,1,1,1
0,1,1,0,1,0,0,1,1,1,0,1,1,0,0,0,1,1,0,1,1,0,0,0,1,1,1,0,1,0,0,1,1,1
0,0,0,0,1,1,1,1,1,1,1,1,1,0,1,0,1,0,0,0,1,1,1,0,1,1,1,1,1,0,1,0,1,0
0,1,0,0,0,0,1,0,1,0,0,0,0,0,1,1,1,1,0,0,0,0,1,0,1,0,0,0,0,0,1,1,1,0
0,1,0,0,0,0,1,0,1,0,0,1,0,1,0,0,1,0,0,1,0,1,0,0,1,1,0,0,0,0,1,0,1,1
0,1,0,1,0,0,1,0,1,1,0,0,0,0,1,0,1,1,0,0,0,0,1,0,1,1,0,1,0,0,1,0,1,1
0,1,1,0,1,1,1,0,1,1,1,0,1,0,1,1,1,1,1,0,1,1,1,0,1,1,1,0,1,0,1,1,1,0
0,0,0,1,1,1,0,0,1,0,1,1,1,0,1,1,1,0,1,1,1,0,1,0,1,0,0,1,1,1,0,0,1,1
0,0,0,0,0,0,1,0,1,0,1,1,0,1,1,1,1,0,1,1,0,1,1,0,1,0,0,0,0,0,1,0,1,1
0,1,0,1,0,1,0,0,1,0,1,0,0,0,0,1,1,1,0,1,0,1,0,0,1,0,1,0,0,0,0,1,1,0
0,1,0,1,0,1,0,0,1,1,0,1,1,0,1,1,1,1,0,1,0,1,0,0,1,1,0,1,1,0,1,1,1,0
0,0,0,0,1,0,1,1,1,1,1,1,1,0,1,1,1,1,1,1,0,1,0,0,1,0,0,0,1,0,1,1,1,1
0,0,0,0,1,0,1,1,1,0,0,0,1,1,0,0,1,0,0,0,1,0,1,1,1,0,0,0,1,1,0,0,1,0
0,1,1,0,1,0,1,1,1,1,1,1,0,1,0,0,1,1,1,1,0,1,0,0,1,1,1,0,1,0,1,1,1,1
0,0,1,0,0,1,0,1,1,1,1,1,0,1,1,0,1,1,1,1,0,1,1,0,1,0,1,0,0,1,0,1,1,1
0,0,1,1,0,0,0,0,1,1,1,0,0,0,0,0,1,1,1,0,0,0,0,0,1,0,1,1,0,0,0,0,1,1
0,0,0,1,0,1,1,0,1,1,0,0,0,1,1,1,1,0,0,1,0,1,1,0,1,1,0,0,0,1,1,1,1,0
0,0,1,0,0,1,1,1,1,0,0,1,0,1,1,1,1,0,1,0,0,1,1,1,1,0,0,1,0,1,1,1,1,0
0,0,0,1,1,0,0,1,1,0,1,0,0,1,1,1,1,0,0,1,1,0,0,1,1,0,1,0,0,1,1,1,1,0
0,0,0,1,0,0,0,1,1,0,0,0,1,0,0,0,1,0,0,1,0,0,0,1,1,0,0,0,1,0,0,0,1,0
0,0,0,1,1,0,0,0,1,0,1,0,0,0,0,0,1,0,1,0,0,0,0,0,1,0,0,1,1,0,0,0,1,1
0,1,1,1,1,0,0,0,1,0,0,1,0,1,1,1,1,1,1,1,1,0,0,0,1,0,0,1,0,1,1,1,1,0
0,1,0,0,0,0,0,0,1,1,0,1,0,0,0,1,1,1,0,0,0,0,0,0,1,1,0,1,0,0,0,1,1,0
0,1,1,0,1,0,0,1,1,1,0,1,0,1,0,1,1,1,0,1,0,1,0,0,1,1,1,0,1,0,0,1,1,1
0,0,1,0,1,0,1,1,1,0,1,1,0,1,1,1,1,0,1,0,1,0,1,0,1,0,1,1,0,1,1,1,1,0
0,1,0,1,1,1,1,1,1,1,0,1,0,1,1,1,1,1,0,1,1,1,1,0,1,1,0,1,0,1,1,1,1,0
0,1,1,0,1,1,1,1,1,0,1,1,0,0,0,1,1,1,1,0,1,1,1,0,1,0,1,1,0,0,0,1,1,0
0,1,1,0,0,1,0,0,1,0,1,1,1,0,1,1,1,1,1,0,0,1,0,0,1,0,1,1,1,0,1,1,1,0
0,0,0,1,0,0,0,1,1,0,0,1,0,0,1,1,1,0,0,1,0,0,0,1,1,0,0,1,0,0,1,1,1,0
0,0,1,0,0,1,1,1,1,0,1,0,0,1,1,1,1,0,1,0,0,1,1,1,1,0,1,0,0,1,1,1,1,1
0,1,0,1,0,1,1,0,1,1,0,0,0,1,0,1,1,1,0,0,0,1,0,1,1,1,0,1,0,1,1,0,1,1
0,0,0,1,1,0,1,0,1,1,1,0,0,0,1,0,1,1,1,0,0,0,1,0,1,0,0,1,1,0,1,0,1,1
0,1,0,0,0,1,1,0,1,1,1,1,0,1,0,0,1,1,0,0,0,1,1,0,1,1,1,1,0,1,0,0,1,0
0,1,1,1,0,1,0,1,1,0,1,1,1,1,1,0,1,1,1,1,0,1,0,1,1,0,1,1,1,1,1,0,1,0
0,0,0,1,0,1,1,0,1,0,1,1,0,1,1,1,1,0,1,1,0,1,1,1,1,0,0,1,0,1,1,0,1,1
0,0,1,0,0,1,1,1,1,1,0,0,1,0,1,1,1,1,0,0,1,0,1,1,1,0,1,0,0,1,1,1,1,1
0,1,0,1,1,0,1,1,1,0,1,1,1,1,1,1,1,0,1,1,1,1,1,1,1,1,0,1,1,0,1,1,1,1
0,1,0,1,1,1,1,1,1,1,0,1,1,0,0,1,1,1,0,1,1,0,0,1,1,1,0,1,1,1,1,1,1,1
0,1,1,0,1,1,1,1,1,1,1,1,0,1,0,1,1,1,1,0,1,1,0,1,1,1,1,1,0,1,0,1,1,0
0,0,1,1,0,1,0,0,1,0,1,1,1,0,0,1,1,0,1,1,0,1,0,0,1,0,1,1,1,0,0,1,1,0
0,1,1,1,0,0,0,0,1,0,1,0,1,0,0,1,1,1,1,1,0,0,0,0,1,0,1,0,1,0,0,1,1,0
0,0,0,1,1,0,1,0,1,1,0,1,1,0,1,1,1,0,0,1,1,0,1,0,1,1,0,1,1,0,1,1,1,0
0,0,1,0,0,0,1,0,1,1,0,1,0,0,1,1,1,0,1,0,0,0,1,0,1,1,0,1,0,0,1,1,1,0
0,1,1,0,0,0,0,0,1,1,1,0,0,1,1,1,1,1,1,0,0,0,0,0,1,1,1,0,0,1,1,1,1,0
0,0,0,0,0,1,1,0,1,1,0,1,1,1,1,1,1,1,0,1,1,1,1,0,1,0,0,0,0,1,1,0,1,1
0,0,0,1,1,0,1,1,1,1,0,0,1,1,1,0,1,0,0,1,1,0,1,1,1,1,0,0,1,1,1,0,1,0
0,0,1,0,1,1,0,0,1,0,0,0,1,0,1,0,1,0,1,0,1,1,0,0,1,0,0,0,1,0,1,0,1,0
0,1,0,1,1,1,0,0,1,0,1,0,0,0,0,0,1,0,1,0,0,0,0,0,1,1,0,1,1,1,0,0,1,1
0,1,1,1,1,1,0,1,1,0,0,1,1,1,1,1,1,1,1,1,1,1,0,1,1,0,0,1,1,1,1,1,1,0
0,0,0,1,1,1,0,1,1,1,0,0,1,1,0,1,1,0,0,1,1,1,0,1,1,1,0,0,1,1,0,1,1,0
0,0,0,1,1,1,0,1,1,0,0,0,0,0,0,1,1,0,0,1,1,1,0,1,1,0,0,0,0,0,0,1,1,0
0,1,1,1,1,0,0,1,1,1,0,0,0,0,0,0,1,1,1,1,1,0,0,1,1,1,0,0,0,0,0,0,1,0
0,1,1,0,0,0,1,0,1,0,0,0,1,0,1,0,1,1,1,0,0,0,1,0,1,0,0,0,1,0,1,0,1,0
0,1,0,0,1,1,1,1,1,0,0,0,1,0,0,0,1,0,0,0,1,0,0,0,1,1,0,0,1,1,1,1,1,1
0,0,0,0,1,1,1,1,1,1,0,1,1,1,1,0,1,0,0,0,1,1,0,0,1,1,0,1,1,1,1,0,1,0
0,1,1,0,1,0,1,1,1,1,1,1,1,1,1,0,1,1,1,1,1,1,0,0,1,1,1,0,1,0,1,1,1,1
0,0,1,1,0,1,0,0,1,1,0,1,1,1,1,1,1,1,0,1,1,1,1,1,1,0,1,1,0,1,0,0,1,1
0,1,0,0,0,1,0,0,1,1,1,0,1,1,1,1,1,1,1,0,1,1,1,1,1,1,0,0,0,1,0,0,1,1
0,1,1,1,1,1,1,0,1,1,1,1,1,0,0,0,1,1,1,1,1,1,1,1,1,1,1,1,1,0,0,0,1,0
0,1,1,0,1,1,1,1,1,0,1,0,1,0,0,0,1,0,1,0,1,1,1,1,1,1,1,0,1,1,1,1,1,1
0,1,0,1,0,0,0,1,1,1,0,1,1,0,1,0,1,1,0,1,1,0,1,1,1,1,0,1,0,0,0,1,1,1
0,1,0,1,1,1,0,1,1,1,1,1,1,1,1,1,1,1,0,1,1,1,0,1,1,1,1,1,1,1,1,1,1,0
0,1,1,1,0,1,0,1,1,0,1,0,1,0,0,1,1,0,1,0,1,0,0,1,1,1,1,1,0,1,0,1,1,1
0,1,0,1,1,1,0,1,1,1,0,1,1,1,1,1,1,1,0,1,1,1,1,1,1,1,0,1,1,1,0,1,1,1
0,1,1,0,1,0,1,1,1,0,1,0,1,1,1,1,1,0,1,0,1,1,1,1,1,1,1,0,1,0,1,1,1,1
0,1,0,0,1,0,1,1,1,0,1,0,0,1,0,1,1,1,0,0,1,0,1,1,1,0,1,0,0,1,0,1,1,0
0,0,1,1,0,0,1,1,1,1,1,0,0,1,0,1,1,1,1,0,0,1,1,1,1,0,1,1,0,0,1,1,1,1
0,0,1,1,0,1,0,1,1,1,0,1,1,1,0,1,1,1,0,1,1,1,1,1,1,0,1,1,0,1,0,1,1,1
0,0,1,1,1,0,0,0,1,0,1,0,0,1,1,1,1,0,1,1,1,0,0,0,1,0,1,0,0,1,1,1,1,0
0,1,1,1,0,1,1,1,1,0,1,0,0,1,0,0,1,0,1,0,0,1,0,0,1,1,1,1,0,1,1,1,1,1
0,1,0,1,0,0,0,1,1,0,1,1,1,0,1,1,1,1,0,1,0,0,0,1,1,0,1,1,1,0,1,1,1,0
0,1,0,1,1,0,1,1,1,0,1,1,1,1,1,1,1,1,0,1,1,0,1,1,1,0,1,1,1,1,1,1,1,0
0,0,0,1,1,0,1,1,1,1,1,1,0,0,1,0,1,0,0,1,1,0,1,1,1,1,1,1,0,0,1,0,1,0
0,1,0,0,1,1,0,1,1,0,1,0,0,0,1,0,1,0,1,0,0,0,1,1,1,1,0,0,1,1,0,1,1,1
0,1,0,1,1,0,0,0,1,0,1,1,0,0,1,1,1,1,0,1,1,0,0,0,1,0,1,1,0,0,1,1,1,0
0,1,1,0,1,1,1,0,1,1,0,1,0,0,1,1,1,1,0,1,1,0,0,0,1,1,1,0,1,1,1,1,1,1
0,0,0,1,1,0,0,1,1,1,1,1,1,0,0,1,1,0,0,1,1,0,0,1,1,1,1,1,1,0,0,1,1,0
0,1,1,1,0,0,1,0,1,1,1,0,1,0,0,1,1,1,1,1,0,0,1,0,1,1,1,0,1,0,0,1,1,0
0,1,1,0,0,0,1,1,1,0,0,0,1,1,0,1,1,0,0,0,1,1,1,0,1,1,1,0,0,0,1,1,1,1
0,1,1,1,1,0,1,1,1,0,0,1,1,0,1,1,1,1,1,1,1,1,1,0,1,0,0,1,1,0,1,1,1,0
0,0,0,0,0,1,0,1,1,1,1,0,1,1,0,1,1,1,1,0,1,1,0,1,1,0,0,0,0,1,0,1,1,1
0,1,1,1,0,1,0,0,1,1,1,1,1,0,1,1,1,1,1,1,1,0,1,1,1,1,1,1,0,1,0,0,1,1
0,0,1,1,1,0,1,1,1,0,0,0,0,0,1,1,1,0,0,0,0,0,1,1,1,0,1,1,1,0,1,1,1,1
0,0,1,0,0,1,1,1,1,1,0,1,0,0,1,1,1,1,0,1,0,0,1,1,1,0,1,0,0,1,1,1,1,1
0,0,0,1,0,1,1,1,1,0,0,1,0,1,1,0,1,0,0,1,0,0,1,1,1,0,0,1,0,1,1,0,1,0
0,1,1,0,0,1,1,0,1,0,0,0,0,0,1,0,1,0,0,0,0,0,1,0,1,1,1,0,0,1,1,0,1,1
0,1,1,1,1,1,1,0,1,1,1,0,0,0,1,1,1,1,1,1,1,1,1,0,1,1,1,0,0,0,1,1,1,0
0,0,0,1,0,1,1,0,1,0,0,1,1,1,0,1,1,0,0,1,0,1,1,0,1,0,0,1,1,1,0,1,1,0
0,0,0,1,0,0,1,1,1,1,0,1,0,1,1,1,1,1,0,1,0,1,1,0,1,0,0,1,0,0,1,1,1,1
0,0,1,1,1,0,1,0,1,0,1,1,1,0,0,1,1,0,1,1,1,0,1,0,1,0,1,1,1,0,0,1,1,0
0,0,0,1,0,0,1,0,1,1,0,0,1,1,1,0,1,0,0,1,0,0,1,0,1,1,0,0,1,1,1,0,1,0
0,0,0,1,0,1,0,1,1,0,1,1,1,1,0,1,1,0,1,1,1,0,1,0,1,0,0,1,0,1,0,1,1,1
0,1,0,0,0,0,1,0,1,0,0,1,1,1,0,1,1,1,0,0,0,0,1,0,1,0,0,1,1,1,0,1,1,0
0,1,1,1,0,1,1,0,1,0,1,0,1,1,1,1,1,1,1,1,0,1,1,0,1,0,1,0,1,1,1,1,1,0
0,1,1,1,0,1,1,0,1,1,1,0,1,0,0,1,1,1,1,1,0,1,1,0,1,1,1,0,1,0,0,1,1,0
0,0,1,1,1,1,0,1,1,1,0,0,1,1,0,1,1,1,0,0,1,1,0,1,1,0,1,1,1,1,0,1,1,1
0,1,1,0,1,1,0,1,1,0,1,1,0,1,0,1,1,1,1,0,1,1,0,1,1,0,1,1,0,1,0,1,1,0
0,0,1,0,1,0,0,1,1,1,0,1,0,0,1,1,1,0,1,0,1,0,0,1,1,1,0,1,0,0,1,1,1,0
0,0,0,0,1,0,0,1,1,1,1,0,1,1,0,1,1,0,0,0,1,0,0,1,1,1,1,0,1,1,0,1,1,0
0,1,0,0,0,1,0,1,1,0,1,0,1,1,0,1,1,0,0,0,1,0,0,1,1,1,0,0,0,1,0,1,1,1
0,1,0,1,1,1,0,1,1,0,0,1,1,1,1,1,1,1,0,1,1,1,0,1,1,0,0,1,1,1,1,1,1,0
0,1,0,0,0,1,0,0,1,1,1,1,1,1,1,0,1,1,0,0,0,1,0,0,1,1,1,1,1,1,1,0,1,0
0,0,1,0,0,0,0,1,1,1,1,1,1,0,1,1,1,1,1,1,1,0,1,1,1,0,1,0,0,0,0,1,1,1
0,0,0,0,0,1,1,1,1,1,1,1,1,1,1,1,1,1,1,1,1,1,1,1,1,0,0,0,0,1,1,1,1,1
0,0,0,0,1,1,1,1,1,1,0,1,0,1,1,1,1,0,0,0,1,1,1,1,1,1,0,1,0,1,1,1,1,0
0,0,1,1,1,0,1,1,1,1,1,1,0,1,1,1,1,1,1,1,0,1,1,1,1,0,1,1,1,0,1,1,1,1
0,1,1,1,0,0,1,1,1,1,0,0,0,1,1,1,1,1,0,0,0,1,1,1,1,1,1,1,0,0,1,1,1,1
0,0,0,0,1,1,0,1,1,1,0,1,1,1,1,1,1,1,0,1,1,1,1,1,1,0,0,0,1,1,0,1,1,1
0,0,1,0,0,0,0,1,1,1,1,1,1,0,1,0,1,0,1,0,0,0,0,1,1,1,1,1,1,0,1,0,1,0
0,0,0,1,0,1,0,1,1,1,1,0,1,0,1,0,1,0,0,1,0,1,0,1,1,1,1,0,1,0,1,0,1,0
0,0,0,1,1,1,0,1,1,0,1,1,1,0,1,0,1,0,1,1,0,1,0,1,1,0,0,1,1,1,0,1,1,1
0,1,0,0,0,1,1,0,1,1,0,1,0,0,0,1,1,1,0,0,0,1,1,0,1,1,0,1,0,0,0,1,1,0
0,0,0,0,1,0,0,1,1,1,1,1,0,1,1,1,1,1,1,1,0,1,1,0,1,0,0,0,1,0,0,1,1,1
0,0,1,0,0,1,1,1,1,1,1,1,0,1,1,1,1,1,1,1,0,1,1,0,1,0,1,0,0,1,1,1,1,1
0,1,1,0,1,1,1,1,1,0,1,1,1,1,1,1,1,1,1,0,1,1,1,0,1,0,1,1,1,1,1,1,1,0
0,0,1,0,0,0,1,1,1,1,0,1,1,1,1,1,1,1,0,1,1,1,1,0,1,0,1,0,0,0,1,1,1,1
0,1,1,1,1,1,0,0,1,0,0,1,0,0,0,1,1,0,0,1,0,0,0,1,1,1,1,1,1,1,0,0,1,1
0,1,1,1,1,0,0,1,1,0,0,0,1,0,0,1,1,0,0,0,1,0,0,1,1,1,1,1,1,0,0,1,1,1
0,0,0,0,0,0,1,0,1,0,1,0,0,1,1,1,1,0,0,0,0,0,1,0,1,0,1,0,0,1,1,1,1,0
0,1,1,1,0,1,1,0,1,1,0,0,0,0,0,1,1,1,1,1,0,1,1,0,1,1,0,0,0,0,0,1,1,0
0,1,0,0,0,1,1,1,1,1,0,0,1,1,0,1,1,1,0,0,1,1,0,1,1,1,0,0,0,1,1,1,1,1
0,0,1,1,0,1,0,0,1,1,1,1,1,1,0,1,1,0,1,1,0,1,0,0,1,1,1,1,1,1,0,1,1,0
0,1,1,0,0,1,0,0,1,0,0,1,1,0,0,1,1,1,1,0,0,1,0,0,1,0,0,1,1,0,0,1,1,0
0,0,0,1,1,0,1,1,1,0,0,0,0,1,0,1,1,0,0,0,0,1,0,1,1,0,0,1,1,0,1,1,1,1
0,1,1,0,1,1,1,1,1,1,0,0,1,1,1,1,1,1,1,0,1,1,1,1,1,1,0,0,1,1,1,1,1,0
0,0,0,0,1,1,1,1,1,0,1,1,1,0,1,0,1,0,0,0,1,1,1,1,1,0,1,1,1,0,1,0,1,0
0,1,0,1,1,0,0,0,1,0,1,0,0,1,1,0,1,0,1,0,0,1,1,1,1,1,0,1,1,0,0,0,1,1
0,1,0,1,1,0,1,1,1,0,0,1,0,0,0,1,1,0,0,1,0,0,0,1,1,1,0,1,1,0,1,1,1,1
0,0,0,1,0,0,0,1,1,1,1,0,1,0,0,1,1,1,1,0,1,0,0,1,1,0,0,1,0,0,0,1,1,1
0,1,0,1,1,1,1,1,1,1,1,1,1,0,1,1,1,1,1,1,1,0,1,1,1,1,0,1,1,1,1,1,1,1
0,1,1,0,0,0,1,1,1,0,0,1,1,0,0,1,1,0,0,1,1,0,0,1,1,1,1,0,0,0,1,1,1,1
0,1,0,1,0,1,1,1,1,1,1,1,1,1,0,1,1,1,0,1,0,1,0,1,1,1,1,1,1,1,0,1,1,0
0,0,1,1,1,0,1,1,1,0,0,1,1,0,1,0,1,0,1,1,1,0,1,1,1,0,0,1,1,0,1,0,1,0
0,1,0,0,1,1,1,1,1,1,1,1,0,1,1,0,1,1,1,1,0,1,1,0,1,1,0,0,1,1,1,1,1,1
0,1,1,0,0,1,0,1,1,0,1,1,0,1,1,0,1,0,1,1,0,1,1,0,1,1,1,0,0,1,0,1,1,1
0,1,1,0,0,1,1,1,1,0,0,0,0,0,0,0,1,1,1,0,0,1,1,0,1,0,0,0,0,0,0,0,1,0
0,1,0,1,0,1,1,1,1,1,0,0,0,1,1,1,1,1,0,1,0,1,1,1,1,1,0,0,0,1,1,1,1,0
0,0,1,0,1,0,1,1,1,1,0,0,1,0,0,1,1,0,1,0,1,0,1,1,1,1,0,0,1,0,0,1,1,0
0,0,0,0,0,1,0,1,1,0,1,0,0,0,1,0,1,0,0,0,0,1,0,1,1,0,1,0,0,0,1,0,1,0
0,1,0,0,1,1,1,0,1,1,1,1,0,1,1,1,1,1,1,1,0,1,1,1,1,1,0,0,1,1,1,0,1,1
0,0,1,0,1,1,1,0,1,1,1,0,0,1,1,1,1,0,1,0,1,1,1,1,1,1,1,0,0,1,1,1,1,0
0,0,0,1,1,1,1,0,1,0,0,1,1,0,1,1,1,0,0,1,1,1,1,1,1,0,0,1,1,0,1,1,1,0
0,1,0,0,1,1,1,0,1,0,1,0,0,1,1,1,1,0,1,0,0,1,1,1,1,1,0,0,1,1,1,1,1,1
0,0,1,0,1,0,0,1,1,0,0,0,0,0,0,0,1,0,1,0,1,0,0,1,1,0,0,0,0,0,0,0,1,0
0,0,1,1,1,0,0,1,1,1,1,0,1,0,1,1,1,0,1,1,1,0,0,1,1,1,1,0,1,0,1,1,1,0
0,1,1,0,1,1,1,1,1,0,0,0,0,1,0,1,1,1,1,0,1,1,1,1,1,0,0,0,0,1,0,1,1,0
0,0,0,0,1,1,0,1,1,1,0,1,1,1,0,1,1,1,0,1,1,1,1,1,1,0,0,0,1,1,0,1,1,1
0,0,0,0,1,0,0,1,1,1,1,0,1,1,1,0,1,1,1,0,1,1,1,0,1,0,0,0,1,0,0,1,1,1
0,0,0,0,0,0,0,1,1,1,1,0,1,1,1,0,1,1,1,0,1,1,1,0,1,0,0,0,0,0,0,1,1,1
0,0,1,1,1,0,0,1,1,1,1,1,0,1,0,0,1,0,1,1,1,0,0,1,1,1,1,1,0,1,0,0,1,0
0,0,1,1,0,1,0,1,1,0,0,1,1,1,0,1,1,0,1,1,0,1,0,1,1,0,0,1,1,1,0,1,1,0
0,0,1,0,0,1,1,0,1,0,1,0,0,0,1,1,1,0,1,0,0,0,1,1,1,0,1,0,0,1,1,0,1,1
0,1,1,0,0,0,0,1,1,0,0,0,1,0,1,0,1,1,1,0,0,0,0,1,1,0,0,0,1,0,1,0,1,0
0,1,1,1,0,0,0,1,1,0,1,1,1,0,1,0,1,0,1,1,1,0,1,1,1,1,1,1,0,0,0,1,1,1
0,0,1,1,0,1,0,0,1,0,1,0,1,0,1,1,1,0,1,0,1,0,1,1,1,0,1,1,0,1,0,0,1,1
0,0,0,1,0,0,0,0,1,1,1,0,1,0,1,1,1,1,1,0,1,0,1,1,1,0,0,1,0,0,0,0,1,1
0,1,0,0,0,0,0,1,1,0,0,0,0,1,0,1,1,1,0,0,0,0,0,1,1,0,0,0,0,1,0,1,1,0
0,0,1,0,0,0,0,1,1,1,0,0,1,1,0,0,1,0,1,0,0,0,0,1,1,1,0,0,1,1,0,0,1,0
0,1,0,0,0,0,1,0,1,0,1,1,1,1,1,1,1,0,1,1,1,1,1,1,1,1,0,0,0,0,1,0,1,1
0,0,1,1,0,0,0,1,1,0,0,0,1,1,0,1,1,0,1,1,0,0,0,1,1,0,0,0,1,1,0,1,1,0
0,1,0,0,1,1,0,1,1,0,0,1,0,0,1,1,1,1,0,0,1,1,0,1,1,0,0,1,0,0,1,1,1,0
0,0,0,1,1,1,1,1,1,0,0,1,0,0,0,1,1,0,0,1,1,1,1,1,1,0,0,1,0,0,0,1,1,0
0,0,1,0,1,1,1,1,1,0,0,1,0,1,1,1,1,0,0,1,0,1,1,1,1,0,1,0,1,1,1,1,1,1
0,1,1,1,1,0,1,1,1,0,0,1,1,1,0,1,1,0,0,1,1,1,0,1,1,1,1,1,1,0,1,1,1,1
0,0,0,0,0,0,1,1,1,1,0,1,0,1,0,0,1,0,0,0,0,0,1,1,1,1,0,1,0,1,0,0,1,0
0,1,1,1,0,0,1,1,1,1,1,1,0,1,1,0,1,1,1,1,0,0,1,1,1,1,1,1,0,1,1,0,1,0
0,0,1,1,1,0,0,1,1,0,1,1,0,1,1,0,1,0,1,1,0,1,1,1,1,0,1,1,1,0,0,1,1,1
0,0,0,1,1,0,1,1,1,0,1,1,1,1,0,1,1,0,0,1,1,0,1,1,1,0,1,1,1,1,0,1,1,0
0,0,1,0,1,1,1,1,1,0,0,1,1,1,1,1,1,0,1,0,1,1,1,1,1,0,0,1,1,1,1,1,1,0
0,1,0,1,0,0,1,1,1,0,1,0,1,0,1,1,1,0,1,0,1,0,1,1,1,1,0,1,0,0,1,1,1,1
0,0,1,1,1,1,1,1,1,1,1,0,1,0,0,1,1,0,1,1,1,1,1,1,1,1,1,0,1,0,0,1,1,0
0,1,0,0,1,1,1,1,1,0,1,0,1,0,0,0,1,1,0,0,1,1,1,1,1,0,1,0,1,0,0,0,1,0
0,1,1,0,0,0,1,1,1,1,1,1,0,1,0,0,1,1,1,0,0,0,1,1,1,1,1,1,0,1,0,0,1,0
0,0,0,1,1,1,1,1,1,1,1,1,0,1,1,1,1,0,0,1,1,1,1,1,1,1,1,1,0,1,1,1,1,0
0,0,1,0,0,1,1,1,1,0,1,1,1,1,1,1,1,0,1,0,0,1,1,1,1,0,1,1,1,1,1,1,1,0
0,1,0,1,0,1,1,1,1,0,1,0,1,1,1,1,1,0,1,0,1,1,1,1,1,1,0,1,0,1,1,1,1,1
0,1,0,1,0,0,0,1,1,0,1,0,0,0,1,1,1,1,0,1,0,0,0,1,1,0,1,0,0,0,1,1,1,0
0,1,0,0,0,1,1,1,1,0,0,1,1,0,1,1,1,0,0,1,1,0,1,1,1,1,0,0,0,1,1,1,1,1
0,1,0,0,1,0,0,0,1,1,0,1,1,0,1,1,1,1,0,1,1,0,1,1,1,1,0,0,1,0,0,0,1,1
0,1,1,0,1,0,1,0,1,1,1,1,1,0,1,1,1,1,1,1,1,0,1,1,1,1,1,0,1,0,1,0,1,1
0,1,1,0,1,1,1,0,1,0,0,1,0,1,0,1,1,0,0,1,0,1,0,1,1,1,1,0,1,1,1,0,1,1
0,1,1,1,0,1,1,0,1,0,0,0,0,0,0,0,1,1,1,1,0,1,0,1,1,0,0,0,0,0,0,0,1,0
0,1,1,0,0,0,0,0,1,1,1,1,1,0,1,0,1,1,1,1,1,0,1,1,1,1,1,0,0,0,0,0,1,1
0,0,0,1,1,1,1,1,1,0,0,1,1,0,1,0,1,0,0,1,1,0,1,1,1,0,0,1,1,1,1,1,1,1
0,1,0,0,0,1,1,1,1,1,1,0,1,1,1,1,1,1,0,0,0,1,1,1,1,1,1,0,1,1,1,1,1,0
0,1,0,0,0,1,0,1,1,0,1,1,0,0,1,1,1,1,0,0,0,1,0,1,1,0,1,1,0,0,1,1,1,0
0,0,0,1,0,1,0,1,1,1,0,1,0,0,1,1,1,0,0,1,0,1,0,1,1,1,0,1,0,0,1,1,1,0
0,1,0,1,1,0,1,1,1,0,0,1,1,1,0,0,1,1,0,1,1,0,1,1,1,0,0,1,1,1,0,0,1,0
0,0,0,0,0,0,1,1,1,1,1,0,0,1,1,1,1,0,0,0,0,0,1,1,1,1,1,0,0,1,1,1,1,0
0,1,1,1,1,1,1,1,1,0,0,1,1,1,1,1,1,1,1,1,1,1,1,1,1,0,0,1,1,1,1,1,1,0
0,1,1,0,0,1,1,1,1,0,0,0,0,0,1,1,1,0,0,0,0,0,1,1,1,1,1,0,0,1,1,1,1,1
0,1,0,0,1,0,0,1,1,0,1,0,1,0,1,1,1,1,0,0,1,0,0,1,1,0,1,0,1,0,1,1,1,0
0,0,1,1,1,0,1,0,1,1,0,1,1,0,1,1,1,1,0,1,1,0,0,1,1,0,1,1,1,0,1,0,1,1
0,1,1,0,1,1,0,0,1,1,0,1,0,0,1,1,1,1,0,1,0,0,1,1,1,1,1,0,1,1,0,0,1,1
0,1,1,1,1,1,0,0,1,1,0,1,1,0,1,1,1,1,1,1,0,0,1,1,1,1,0,1,1,0,1,1,1,0
0,1,1,1,1,1,1,1,1,1,1,0,1,0,1,1,1,1,1,1,1,1,1,1,1,1,1,0,1,0,1,1,1,0
0,0,1,1,1,0,1,1,1,1,1,1,1,1,0,0,1,0,1,1,1,0,1,1,1,1,1,1,1,1,0,0,1,0
0,1,1,1,1,0,0,0,1,1,0,1,0,1,1,1,1,1,1,1,1,0,0,0,1,1,0,1,0,1,1,1,1,0
0,1,1,1,0,1,0,1,1,1,1,0,0,0,0,1,1,1,1,0,0,0,0,1,1,1,1,1,0,1,0,1,1,1
0,0,0,0,0,1,1,1,1,1,1,1,0,0,1,0,1,1,1,1,0,0,1,0,1,0,0,0,0,1,1,1,1,1
0,1,0,0,0,0,0,1,1,1,0,0,0,1,1,0,1,1,0,0,0,1,1,0,1,1,0,0,0,0,0,1,1,1
0,1,0,0,1,0,1,1,1,1,0,0,1,0,0,1,1,1,0,0,1,0,0,1,1,1,0,0,1,0,1,1,1,1
0,0,1,0,1,1,1,1,1,0,1,0,1,0,0,0,1,0,1,0,1,1,0,1,1,0,1,0,1,0,0,0,1,0
0,1,1,1,1,0,0,0,1,1,0,1,1,1,0,0,1,1,1,1,1,0,0,0,1,1,0,1,1,1,0,0,1,0
0,1,0,1,1,0,0,0,1,0,0,0,1,0,1,1,1,1,0,1,1,0,0,0,1,0,0,0,1,0,1,1,1,0
0,0,1,1,0,1,1,1,1,1,1,1,0,1,1,0,1,0,1,1,0,1,1,1,1,1,1,1,0,1,1,0,1,0
0,0,1,0,0,0,1,0,1,1,0,0,1,0,0,1,1,0,1,0,0,0,1,0,1,1,0,0,1,0,0,1,1,0
0,0,1,1,1,0,1,1,1,1,1,1,1,1,0,1,1,1,1,1,1,1,0,1,1,0,1,1,1,0,1,1,1,1
0,0,0,0,1,0,1,0,1,1,1,1,0,0,0,1,1,0,0,0,1,0,1,0,1,1,1,1,0,0,0,1,1,0
0,0,1,1,0,1,1,0,1,0,1,0,0,0,1,1,1,0,1,1,0,1,1,0,1,0,1,0,0,0,1,1,1,0
0,0,1,0,0,1,1,1,1,0,0,0,0,1,1,1,1,0,0,0,0,1,1,0,1,0,1,0,0,1,1,1,1,1
0,0,0,1,0,0,1,0,1,0,1,1,1,1,0,0,1,0,1,1,1,1,0,0,1,0,0,1,0,0,1,0,1,1
0,1,1,0,1,0,0,0,1,0,0,1,0,0,1,0,1,0,0,1,0,0,1,0,1,1,1,0,1,0,0,0,1,1
0,0,1,1,0,1,1,0,1,1,1,1,1,0,1,0,1,1,1,1,1,0,1,0,1,0,1,1,0,1,1,0,1,1
0,0,1,1,0,0,1,0,1,1,0,0,0,0,0,1,1,0,1,1,0,0,1,0,1,1,0,0,0,0,0,1,1,0
0,1,1,1,1,0,0,0,1,0,1,1,0,0,0,0,1,0,1,1,0,0,0,0,1,1,1,1,1,0,0,0,1,1
0,1,0,0,1,1,1,1,1,1,1,0,0,0,0,0,1,1,0,0,1,1,1,1,1,1,1,0,0,0,0,0,1,0
0,0,0,1,0,0,0,1,1,1,1,0,0,1,0,1,1,1,1,0,0,1,0,1,1,0,0,1,0,0,0,1,1,1
0,0,1,1,0,0,0,1,1,0,0,0,0,0,1,1,1,0,0,0,0,0,1,1,1,0,1,1,0,0,0,1,1,1
0,1,1,1,0,0,0,1,1,1,0,1,0,0,0,0,1,1,1,0,0,0,1,1,1,1,0,1,0,0,0,0,1,0
0,0,0,1,1,1,1,1,1,1,1,1,1,0,0,1,1,0,0,1,1,1,1,1,1,1,1,1,1,0,0,1,1,0
0,0,1,1,0,0,0,0,1,0,0,1,1,0,0,1,1,0,0,1,1,0,0,1,1,0,1,1,0,0,0,0,1,1
0,0,0,1,0,1,1,1,1,1,1,1,0,1,1,1,1,1,1,1,0,1,1,1,1,0,0,1,0,1,1,1,1,1
0,0,0,0,1,0,0,1,1,1,1,0,1,0,1,1,1,0,0,0,1,0,0,1,1,1,1,0,1,0,1,1,1,0
0,1,0,0,0,0,0,1,1,1,1,1,0,1,1,1,1,1,0,0,0,0,0,1,1,1,1,1,0,1,1,1,1,0
0,1,0,1,0,1,1,1,1,0,0,0,0,1,1,1,1,0,0,0,0,1,1,1,1,1,0,1,0,1,1,1,1,1
0,0,0,1,1,1,1,1,1,1,0,0,1,0,0,0,1,0,0,1,1,1,1,1,1,1,0,0,1,0,0,0,1,0
0,1,1,0,1,1,1,1,1,1,0,0,0,1,1,1,1,1,1,0,1,1,1,1,1,1,0,0,0,1,1,1,1,0
0,0,0,1,1,1,1,1,1,0,1,0,1,0,1,1,1,0,0,1,1,1,1,1,1,0,1,0,1,0,1,1,1,0
0,0,1,1,1,0,1,0,1,0,0,0,0,0,1,1,1,0,0,0,0,0,1,1,1,0,1,1,1,0,1,0,1,1
0,0,0,0,0,0,0,1,1,1,0,1,0,1,0,1,1,0,0,0,0,0,0,1,1,1,0,1,0,1,0,1,1,0
0,0,1,0,1,1,0,1,1,0,1,1,0,1,0,0,1,0,1,0,1,1,0,1,1,0,1,1,0,1,0,0,1,0
0,0,0,1,0,0,1,1,1,0,0,1,1,0,1,1,1,0,0,1,0,0,1,1,1,0,0,1,1,0,1,1,1,0
0,0,0,0,0,1,1,1,1,0,1,1,1,1,1,1,1,0,1,1,1,1,1,1,1,0,0,0,0,1,1,1,1,1
0,1,0,0,1,0,0,0,1,1,1,1,0,0,1,1,1,1,1,1,0,0,1,1,1,1,0,0,1,0,0,0,1,1
0,0,1,1,0,1,0,0,1,1,0,0,1,0,1,1,1,0,1,1,0,1,1,1,1,1,0,0,1,0,1,1,1,0
0,1,0,0,0,1,1,1,1,1,1,0,1,1,0,1,1,1,1,0,1,1,0,1,1,1,0,0,0,1,1,1,1,1
0,0,0,1,1,0,1,1,1,0,0,1,1,1,1,1,1,0,0,1,1,0,1,1,1,0,0,1,1,1,1,1,1,0
0,0,0,0,1,1,1,0,1,1,0,0,0,0,0,1,1,1,0,0,0,0,0,1,1,0,0,0,1,1,1,0,1,1
0,0,1,0,0,1,1,1,1,0,0,0,1,0,1,0,1,0,1,0,0,1,1,1,1,0,0,0,1,0,1,0,1,0
0,0,1,1,1,1,1,1,1,0,0,0,0,0,0,1,1,0,1,1,1,1,1,1,1,0,0,0,0,0,0,1,1,0
0,0,0,0,0,0,0,1,1,1,1,0,0,1,1,0,1,0,0,0,0,0,0,1,1,1,1,0,0,1,1,0,1,0
0,0,1,0,0,1,0,1,1,0,0,1,0,0,1,1,1,0,0,1,0,0,1,1,1,0,1,0,0,1,0,1,1,1
0,1,0,1,1,1,0,1,1,1,0,0,0,0,0,1,1,1,0,0,0,0,0,1,1,1,0,1,1,1,0,1,1,1
0,1,0,1,0,0,1,0,1,1,1,1,1,0,0,1,1,1,1,1,1,0,0,1,1,1,0,1,0,0,1,0,1,1
0,1,1,1,1,0,0,1,1,1,1,0,0,1,0,1,1,1,1,1,1,0,0,1,1,1,1,0,0,1,0,1,1,0
0,1,1,1,1,0,1,1,1,1,1,1,1,1,1,1,1,1,1,1,1,1,1,1,1,1,1,1,1,0,1,1,1,1
0,0,0,0,1,0,1,1,1,1,1,0,1,1,1,1,1,0,0,0,1,1,1,1,1,1,1,0,1,1,1,1,1,0
0,0,1,0,0,0,0,1,1,1,1,0,0,0,0,1,1,0,1,0,0,0,0,1,1,1,1,0,0,0,0,1,1,0
0,1,1,0,0,1,1,0,1,0,0,0,1,1,0,1,1,1,1,0,0,1,1,0,1,0,0,0,1,1,0,1,1,0
0,1,1,0,1,0,0,0,1,1,1,1,0,1,1,1,1,1,1,0,1,0,0,0,1,1,1,1,0,1,1,1,1,0
0,0,0,0,0,1,0,1,1,0,0,1,0,1,1,1,1,0,0,0,0,1,0,1,1,0,0,1,0,1,1,1,1,0
0,0,0,1,1,0,1,1,1,1,1,1,0,1,0,0,1,0,0,1,1,0,1,1,1,1,1,1,0,1,0,0,1,0
0,1,1,0,1,1,1,1,1,0,0,1,1,1,0,0,1,1,1,0,1,1,1,1,1,0,0,1,1,1,0,0,1,0
0,0,0,1,0,1,1,1,1,0,1,0,0,1,0,1,1,0,0,1,0,1,1,1,1,0,1,0,0,1,0,1,1,0
0,0,0,0,0,0,0,1,1,0,1,1,0,0,0,1,1,0,0,0,0,0,0,1,1,0,1,1,0,0,0,1,1,0
0,1,1,0,1,1,0,1,1,0,0,0,0,0,1,0,1,0,0,0,0,0,1,0,1,1,1,0,1,1,0,1,1,1
0,1,1,0,1,1,1,0,1,1,1,1,0,0,1,0,1,1,1,1,0,0,1,0,1,1,1,0,1,1,1,0,1,1
0,0,0,0,1,1,1,0,1,0,0,1,0,0,1,0,1,0,0,1,0,0,1,0,1,0,0,0,1,1,1,0,1,1
0,0,0,1,1,1,1,1,1,1,1,1,0,0,0,0,1,1,1,1,0,0,0,0,1,0,0,1,1,1,1,1,1,1
0,1,0,0,0,0,1,1,1,1,1,0,1,0,0,0,1,1,1,0,1,0,0,0,1,1,0,0,0,0,1,1,1,1
0,0,0,0,1,0,1,0,1,1,1,0,1,0,1,1,1,0,0,0,1,0,1,0,1,1,1,0,1,0,1,1,1,0
0,0,1,1,0,1,1,1,1,1,0,0,1,1,0,0,1,0,1,1,0,1,1,1,1,1,0,0,1,1,0,0,1,0
0,0,0,0,1,0,0,0,1,0,0,1,0,1,1,1,1,0,0,1,0,1,1,1,1,0,0,0,1,0,0,0,1,1
0,0,0,1,1,0,0,1,1,0,0,1,0,1,1,0,1,0,0,1,1,0,0,1,1,0,0,1,0,1,1,0,1,0
0,1,0,1,1,0,0,1,1,1,1,0,1,0,0,1,1,1,0,1,1,0,0,1,1,1,1,0,1,0,0,1,1,0
0,1,1,0,1,0,1,1,1,1,1,1,1,1,1,1,1,1,1,1,1,1,1,1,1,1,1,0,1,0,1,1,1,1
0,0,0,1,1,0,1,1,1,1,0,0,1,0,1,1,1,1,0,0,1,0,1,1,1,0,0,1,1,0,1,1,1,1
0,1,0,1,0,0,1,1,1,0,1,1,0,0,1,1,1,1,0,1,0,0,1,1,1,0,1,1,0,0,1,1,1,0
0,1,0,0,0,0,0,1,1,1,0,0,1,1,1,1,1,1,0,0,1,1,1,1,1,1,0,0,0,0,0,1,1,1
0,0,0,1,0,0,1,0,1,0,1,0,0,1,1,0,1,0,0,1,0,0,1,0,1,0,1,0,0,1,1,0,1,0
0,0,0,1,1,1,1,0,1,0,1,1,1,0,0,0,1,0,0,1,1,1,1,0,1,0,1,1,1,0,0,0,1,0
0,1,0,0,0,0,0,1,1,1,0,0,0,0,1,1,1,1,0,0,0,0,1,1,1,1,0,0,0,0,0,1,1,1
0,1,0,0,1,0,1,1,1,0,1,1,0,0,0,0,1,1,0,0,1,0,1,1,1,0,1,1,0,0,0,0,1,0
0,0,1,0,1,0,1,1,1,0,1,0,0,1,0,1,1,0,1,0,1,0,1,1,1,0,1,0,0,1,0,1,1,0
0,0,1,0,1,0,1,1,1,1,1,0,1,0,1,1,1,0,1,0,1,0,1,1,1,1,1,0,1,0,1,1,1,0
0,0,0,1,0,0,0,0,1,0,0,0,0,0,1,1,1,0,0,0,0,0,1,1,1,0,0,1,0,0,0,0,1,1
0,0,1,1,1,0,0,0,1,0,1,1,0,1,0,1,1,0,1,1,1,0,0,0,1,0,1,1,0,1,0,1,1,0
0,0,1,0,0,0,0,0,1,0,0,1,0,1,0,1,1,0,1,0,0,0,0,0,1,0,0,1,0,1,0,1,1,0
0,1,1,0,0,1,1,0,1,1,1,0,0,0,0,1,1,1,1,0,0,1,1,0,1,1,1,0,0,0,0,1,1,0
0,1,1,0,0,1,1,0,1,1,1,1,0,1,0,1,1,1,1,0,0,1,1,0,1,1,1,1,0,1,0,1,1,0
0,1,1,0,0,0,0,1,1,0,0,0,1,0,0,1,1,0,0,0,1,0,0,1,1,1,1,0,0,0,0,1,1,1
0,0,0,0,0,0,1,1,1,0,0,1,0,0,1,0,1,0,0,1,0,0,1,0,1,0,0,0,0,0,1,1,1,1
0,0,1,0,1,0,0,0,1,0,1,1,0,0,1,0,1,0,1,1,0,0,1,0,1,0,1,0,1,0,0,0,1,1
0,0,1,0,0,0,0,1,1,1,1,0,1,1,1,1,1,1,1,0,1,1,1,1,1,0,1,0,0,0,0,1,1,1
0,0,0,0,0,0,0,1,1,1,0,1,1,1,1,1,1,1,0,1,1,1,1,1,1,0,0,0,0,0,0,1,1,1
0,1,1,0,1,0,1,1,1,0,1,0,0,0,1,1,1,1,1,0,1,0,1,1,1,0,1,0,0,0,1,1,1,0
0,0,0,1,0,0,0,1,1,1,0,1,0,0,1,1,1,1,0,1,0,0,1,1,1,0,0,1,0,0,0,1,1,1
0,0,1,0,1,1,0,1,1,1,0,1,1,1,0,1,1,0,1,0,1,1,0,1,1,1,0,1,1,1,0,1,1,0
0,0,0,0,0,0,0,1,1,1,0,0,1,0,0,1,1,0,0,0,0,0,0,1,1,1,0,0,1,0,0,1,1,0
0,0,0,1,0,1,1,0,1,1,1,1,0,1,0,1,1,1,1,1,0,1,0,1,1,0,0,1,0,1,1,0,1,1
0,1,0,0,0,0,1,1,1,0,1,1,0,1,0,1,1,0,1,1,0,1,0,1,1,1,0,0,0,0,1,1,1,1
0,1,0,0,1,0,1,1,1,0,1,1,1,1,1,0,1,1,0,0,1,0,1,1,1,0,1,1,1,1,1,0,1,0
0,0,0,1,0,1,0,0,1,0,1,0,1,0,0,0,1,0,1,0,1,0,0,0,1,0,0,1,0,1,0,0,1,1
0,0,0,0,0,0,1,0,1,1,0,1,1,0,0,1,1,0,0,0,0,0,1,0,1,1,0,1,1,0,0,1,1,0
0,0,0,1,0,1,0,1,1,1,1,0,0,1,1,1,1,0,0,1,0,1,0,1,1,1,1,0,0,1,1,1,1,0
0,0,0,0,0,0,1,1,1,0,0,0,0,1,1,1,1,0,0,0,0,0,1,1,1,0,0,0,0,1,1,1,1,0
0,0,1,0,1,1,0,1,1,0,1,1,0,1,0,0,1,0,1,1,0,1,0,0,1,0,1,0,1,1,0,1,1,1
0,1,0,0,0,0,0,0,1,0,1,1,1,1,1,1,1,1,0,0,0,0,0,0,1,0,1,1,1,1,1,1,1,0
0,0,1,0,1,1,1,0,1,1,1,1,1,1,0,1,1,1,1,1,1,1,0,1,1,0,1,0,1,1,1,0,1,1
0,0,1,1,0,1,1,0,1,0,1,0,1,0,1,0,1,0,1,1,0,1,1,1,1,0,1,0,1,0,1,0,1,0
0,1,1,1,0,0,0,0,1,1,1,0,1,1,1,0,1,1,1,0,1,1,1,1,1,1,1,1,0,0,0,0,1,1
0,1,0,0,0,0,1,0,1,1,1,0,1,1,1,0,1,1,1,0,1,1,1,1,1,1,0,0,0,0,1,0,1,1
0,1,0,1,1,0,1,1,1,1,0,1,1,0,1,1,1,1,0,1,1,0,1,1,1,1,0,1,1,0,1,1,1,1
0,0,1,1,0,1,1,1,1,1,0,1,0,1,0,1,1,0,1,1,0,1,1,1,1,1,0,1,0,1,0,1,1,0
