Clk,Reset,DataIn[0],DataIn[1],DataIn[2],DataIn[3],DataIn[4],DataIn[5],DataIn[6],DataIn[7],Write,SyncReset,DataOut[0],DataOut[1],DataOut[2],DataOut[3],DataOut[4],DataOut[5],DataOut[6],DataOut[7],[1]Clk,[1]Reset,[1]DataIn[0],[1]DataIn[1],[1]DataIn[2],[1]DataIn[3],[1]DataIn[4],[1]DataIn[5],[1]DataIn[6],[1]DataIn[7],[1]Write,[1]SyncReset,[1]DataOut[0],[1]DataOut[1],[1]DataOut[2],[1]DataOut[3],[1]DataOut[4],[1]DataOut[5],[1]DataOut[6],[1]DataOut[7]
0,0,1,0,1,1,0,0,0,1,1,1,0,2,2,2,2,2,2,2,0,0,1,0,0,1,2,2,2,2,0,1,0,2,2,2,2,2,2,2
0,0,1,0,1,1,0,0,0,1,1,0,0,2,2,2,2,2,2,2,0,0,1,0,1,1,0,0,0,1,1,1,0,2,2,2,2,2,2,2
0,0,1,0,1,1,1,1,0,1,1,0,1,2,2,2,2,2,2,2,0,0,1,0,1,1,0,0,0,1,1,0,0,2,2,2,2,2,2,2
0,0,1,0,0,1,1,1,1,1,1,0,1,0,1,1,1,1,2,2,0,0,1,0,1,1,1,1,0,1,1,0,1,2,2,2,2,2,2,2
0,0,0,1,0,1,0,1,0,1,0,1,1,0,0,1,1,1,1,1,0,0,1,0,0,1,1,1,1,1,1,0,1,0,1,1,1,1,2,2
0,0,0,1,0,0,1,1,0,1,1,1,0,0,0,1,1,1,1,1,0,0,0,1,0,1,0,1,0,1,0,1,1,0,0,1,1,1,1,1
0,0,0,1,1,1,0,0,1,1,1,0,0,0,0,1,1,1,1,1,0,0,0,1,0,0,1,1,0,1,1,1,0,0,0,1,1,1,1,1
0,0,0,0,1,1,1,0,1,1,0,1,0,1,1,1,0,0,1,1,0,0,0,1,1,1,0,0,1,1,1,0,0,0,0,1,1,1,1,1
0,0,1,0,1,0,0,1,1,1,1,1,0,1,1,1,0,0,1,1,0,0,0,0,1,1,1,0,1,1,0,1,0,1,1,1,0,0,1,1
0,0,0,0,0,0,0,0,0,1,1,0,0,1,1,1,0,0,1,1,0,0,1,0,1,0,0,1,1,1,1,1,0,1,1,1,0,0,1,1
0,0,1,0,1,1,1,0,0,1,0,0,0,0,0,0,0,0,0,1,0,0,0,0,0,0,0,0,0,1,1,0,0,1,1,1,0,0,1,1
0,0,1,0,1,1,1,0,0,1,0,1,0,0,0,0,0,0,0,1,0,0,1,0,1,1,1,0,0,1,0,0,0,0,0,0,0,0,0,1
0,0,1,0,1,0,1,0,1,1,1,1,0,0,0,0,0,0,0,1,0,0,1,0,1,1,1,0,0,1,0,1,0,0,0,0,0,0,0,1
0,0,1,0,1,1,1,0,1,1,0,0,0,0,0,0,0,0,0,1,0,0,1,0,1,0,1,0,1,1,1,1,0,0,0,0,0,0,0,1
0,0,0,1,0,1,1,0,1,1,1,1,0,0,0,0,0,0,0,1,0,0,1,0,1,1,1,0,1,1,0,0,0,0,0,0,0,0,0,1
0,0,0,1,0,0,1,1,1,1,0,0,0,0,0,0,0,0,0,1,0,0,0,1,0,1,1,0,1,1,1,1,0,0,0,0,0,0,0,1
0,0,0,0,0,1,1,0,1,1,0,1,0,0,0,0,0,0,0,1,0,0,0,1,0,0,1,1,1,1,0,0,0,0,0,0,0,0,0,1
0,0,1,1,0,1,0,1,1,1,0,1,0,0,0,0,0,0,0,1,0,0,0,0,0,1,1,0,1,1,0,1,0,0,0,0,0,0,0,1
0,0,0,1,1,1,0,1,0,1,0,0,0,0,0,0,0,0,0,1,0,0,1,1,0,1,0,1,1,1,0,1,0,0,0,0,0,0,0,1
0,0,1,1,0,1,0,1,0,1,0,0,0,0,0,0,0,0,0,1,0,0,0,1,1,1,0,1,0,1,0,0,0,0,0,0,0,0,0,1
0,0,1,1,1,1,0,0,1,1,1,1,0,0,0,0,0,0,0,1,0,0,1,1,0,1,0,1,0,1,0,0,0,0,0,0,0,0,0,1
0,0,0,1,1,1,1,1,1,1,1,0,0,0,0,0,0,0,0,1,0,0,1,1,1,1,0,0,1,1,1,1,0,0,0,0,0,0,0,1
0,0,1,0,0,1,1,0,1,1,1,1,0,1,1,1,1,1,1,1,0,0,0,1,1,1,1,1,1,1,1,0,0,0,0,0,0,0,0,1
0,0,1,1,1,1,1,0,0,1,0,0,0,1,1,1,1,1,1,1,0,0,1,0,0,1,1,0,1,1,1,1,0,1,1,1,1,1,1,1
0,0,1,1,1,0,1,1,0,1,1,0,0,1,1,1,1,1,1,1,0,0,1,1,1,1,1,0,0,1,0,0,0,1,1,1,1,1,1,1
0,0,1,1,0,1,1,0,1,1,1,0,1,1,1,0,1,1,0,1,0,0,1,1,1,0,1,1,0,1,1,0,0,1,1,1,1,1,1,1
0,0,0,0,0,0,1,0,1,1,1,1,1,1,0,1,1,0,1,1,0,0,1,1,0,1,1,0,1,1,1,0,1,1,1,0,1,1,0,1
0,0,0,1,1,0,1,0,0,1,1,1,0,1,0,1,1,0,1,1,0,0,0,0,0,0,1,0,1,1,1,1,1,1,0,1,1,0,1,1
0,0,0,0,0,1,0,0,1,1,0,0,0,1,0,1,1,0,1,1,0,0,0,1,1,0,1,0,0,1,1,1,0,1,0,1,1,0,1,1
0,0,0,1,0,0,1,0,1,1,1,1,0,1,0,1,1,0,1,1,0,0,0,0,0,1,0,0,1,1,0,0,0,1,0,1,1,0,1,1
0,0,1,0,0,1,1,1,1,1,0,1,0,1,0,1,1,0,1,1,0,0,0,1,0,0,1,0,1,1,1,1,0,1,0,1,1,0,1,1
0,0,1,0,1,0,0,0,0,1,1,1,0,1,0,1,1,0,1,1,0,0,1,0,0,1,1,1,1,1,0,1,0,1,0,1,1,0,1,1
0,0,1,0,0,1,0,0,1,1,0,1,0,1,0,1,1,0,1,1,0,0,1,0,1,0,0,0,0,1,1,1,0,1,0,1,1,0,1,1
0,0,0,0,0,1,1,0,1,1,1,0,0,1,0,1,1,0,1,1,0,0,1,0,0,1,0,0,1,1,0,1,0,1,0,1,1,0,1,1
0,0,0,0,1,1,1,0,0,1,0,0,0,0,0,1,1,0,1,1,0,0,0,0,0,1,1,0,1,1,1,0,0,1,0,1,1,0,1,1
0,0,1,1,0,0,1,1,1,1,0,0,0,0,0,1,1,0,1,1,0,0,0,0,1,1,1,0,0,1,0,0,0,0,0,1,1,0,1,1
0,0,1,1,0,0,1,1,0,1,1,1,0,0,0,1,1,0,1,1,0,0,1,1,0,0,1,1,1,1,0,0,0,0,0,1,1,0,1,1
0,0,1,1,1,0,1,1,1,1,1,0,0,0,0,1,1,0,1,1,0,0,1,1,0,0,1,1,0,1,1,1,0,0,0,1,1,0,1,1
0,0,0,1,0,1,1,0,1,1,1,0,1,1,1,0,1,1,1,1,0,0,1,1,1,0,1,1,1,1,1,0,0,0,0,1,1,0,1,1
0,0,0,1,0,1,1,0,1,1,1,1,0,1,0,1,1,0,1,1,0,0,0,1,0,1,1,0,1,1,1,0,1,1,1,0,1,1,1,1
0,0,1,1,1,1,1,0,1,1,1,1,0,1,0,1,1,0,1,1,0,0,0,1,0,1,1,0,1,1,1,1,0,1,0,1,1,0,1,1
0,0,0,0,0,0,1,0,1,1,1,0,0,1,0,1,1,0,1,1,0,0,1,1,1,1,1,0,1,1,1,1,0,1,0,1,1,0,1,1
0,0,0,1,1,1,1,0,1,1,0,1,0,0,0,0,1,0,1,1,0,0,0,0,0,0,1,0,1,1,1,0,0,1,0,1,1,0,1,1
0,0,1,0,1,1,1,1,1,1,0,0,0,0,0,0,1,0,1,1,0,0,0,1,1,1,1,0,1,1,0,1,0,0,0,0,1,0,1,1
0,0,0,1,1,1,0,0,1,1,1,0,0,0,0,0,1,0,1,1,0,0,1,0,1,1,1,1,1,1,0,0,0,0,0,0,1,0,1,1
0,0,0,1,1,0,1,1,0,1,1,0,0,1,1,1,0,0,1,1,0,0,0,1,1,1,0,0,1,1,1,0,0,0,0,0,1,0,1,1
0,0,0,0,0,1,1,1,0,1,0,1,0,1,1,0,1,1,0,1,0,0,0,1,1,0,1,1,0,1,1,0,0,1,1,1,0,0,1,1
0,0,0,0,1,1,1,1,0,1,0,1,0,1,1,0,1,1,0,1,0,0,0,0,0,1,1,1,0,1,0,1,0,1,1,0,1,1,0,1
0,0,1,0,1,1,0,0,1,1,1,1,0,1,1,0,1,1,0,1,0,0,0,0,1,1,1,1,0,1,0,1,0,1,1,0,1,1,0,1
0,0,0,1,1,0,1,1,1,1,1,1,0,1,1,0,1,1,0,1,0,0,1,0,1,1,0,0,1,1,1,1,0,1,1,0,1,1,0,1
0,0,1,0,1,0,1,0,0,1,0,0,0,1,1,0,1,1,0,1,0,0,0,1,1,0,1,1,1,1,1,1,0,1,1,0,1,1,0,1
0,0,1,1,1,0,1,1,1,1,0,0,0,1,1,0,1,1,0,1,0,0,1,0,1,0,1,0,0,1,0,0,0,1,1,0,1,1,0,1
0,0,0,0,0,1,0,0,0,1,1,0,0,1,1,0,1,1,0,1,0,0,1,1,1,0,1,1,1,1,0,0,0,1,1,0,1,1,0,1
0,0,1,1,1,0,0,0,1,1,0,1,0,0,0,1,0,0,0,1,0,0,0,0,0,1,0,0,0,1,1,0,0,1,1,0,1,1,0,1
0,0,0,0,1,1,1,0,1,1,0,0,0,0,0,1,0,0,0,1,0,0,1,1,1,0,0,0,1,1,0,1,0,0,0,1,0,0,0,1
0,0,0,0,1,1,1,0,1,1,1,1,0,0,0,1,0,0,0,1,0,0,0,0,1,1,1,0,1,1,0,0,0,0,0,1,0,0,0,1
0,0,1,0,1,1,1,1,1,1,0,0,0,0,0,1,0,0,0,1,0,0,0,0,1,1,1,0,1,1,1,1,0,0,0,1,0,0,0,1
0,0,1,1,0,0,1,1,1,1,0,0,0,0,0,1,0,0,0,1,0,0,1,0,1,1,1,1,1,1,0,0,0,0,0,1,0,0,0,1
0,0,0,1,0,1,1,1,1,1,0,0,0,0,0,1,0,0,0,1,0,0,1,1,0,0,1,1,1,1,0,0,0,0,0,1,0,0,0,1
0,0,1,0,0,1,1,1,0,1,1,0,0,0,0,1,0,0,0,1,0,0,0,1,0,1,1,1,1,1,0,0,0,0,0,1,0,0,0,1
0,0,0,0,0,0,0,0,1,1,1,0,1,0,0,1,1,1,0,1,0,0,1,0,0,1,1,1,0,1,1,0,0,0,0,1,0,0,0,1
0,0,1,0,1,1,1,1,1,1,0,0,0,0,0,0,0,0,1,1,0,0,0,0,0,0,0,0,1,1,1,0,1,0,0,1,1,1,0,1
0,0,0,0,0,1,1,1,1,1,0,0,0,0,0,0,0,0,1,1,0,0,1,0,1,1,1,1,1,1,0,0,0,0,0,0,0,0,1,1
0,0,1,1,1,1,0,0,1,1,0,1,0,0,0,0,0,0,1,1,0,0,0,0,0,1,1,1,1,1,0,0,0,0,0,0,0,0,1,1
0,0,1,0,0,0,0,1,1,1,1,0,0,0,0,0,0,0,1,1,0,0,1,1,1,1,0,0,1,1,0,1,0,0,0,0,0,0,1,1
0,0,0,1,1,0,0,0,0,1,1,1,1,0,0,0,0,1,1,1,0,0,1,0,0,0,0,1,1,1,1,0,0,0,0,0,0,0,1,1
0,0,1,0,1,0,1,1,0,1,0,1,0,0,0,0,0,1,1,1,0,0,0,1,1,0,0,0,0,1,1,1,1,0,0,0,0,1,1,1
0,0,1,0,1,0,0,0,1,1,1,1,0,0,0,0,0,1,1,1,0,0,1,0,1,0,1,1,0,1,0,1,0,0,0,0,0,1,1,1
0,0,1,1,0,0,1,1,1,1,0,1,0,0,0,0,0,1,1,1,0,0,1,0,1,0,0,0,1,1,1,1,0,0,0,0,0,1,1,1
0,0,0,1,1,1,0,0,1,1,0,0,0,0,0,0,0,1,1,1,0,0,1,1,0,0,1,1,1,1,0,1,0,0,0,0,0,1,1,1
0,0,1,0,0,0,0,1,0,1,0,1,0,0,0,0,0,1,1,1,0,0,0,1,1,1,0,0,1,1,0,0,0,0,0,0,0,1,1,1
0,0,1,1,1,1,1,0,0,1,0,0,0,0,0,0,0,1,1,1,0,0,1,0,0,0,0,1,0,1,0,1,0,0,0,0,0,1,1,1
0,0,1,0,1,1,0,0,0,1,0,0,0,0,0,0,0,1,1,1,0,0,1,1,1,1,1,0,0,1,0,0,0,0,0,0,0,1,1,1
0,0,1,0,0,1,1,1,1,1,0,0,0,0,0,0,0,1,1,1,0,0,1,0,1,1,0,0,0,1,0,0,0,0,0,0,0,1,1,1
0,0,1,1,0,0,1,1,1,1,0,0,0,0,0,0,0,1,1,1,0,0,1,0,0,1,1,1,1,1,0,0,0,0,0,0,0,1,1,1
0,0,0,1,1,0,1,1,0,1,1,1,0,0,0,0,0,1,1,1,0,0,1,1,0,0,1,1,1,1,0,0,0,0,0,0,0,1,1,1
0,0,1,0,0,1,1,1,0,1,0,0,0,0,0,0,0,1,1,1,0,0,0,1,1,0,1,1,0,1,1,1,0,0,0,0,0,1,1,1
0,0,1,1,1,1,1,1,1,1,0,0,0,0,0,0,0,1,1,1,0,0,1,0,0,1,1,1,0,1,0,0,0,0,0,0,0,1,1,1
0,0,0,1,0,0,1,1,1,1,0,0,0,0,0,0,0,1,1,1,0,0,1,1,1,1,1,1,1,1,0,0,0,0,0,0,0,1,1,1
0,0,0,0,1,0,0,0,0,1,0,1,0,0,0,0,0,1,1,1,0,0,0,1,0,0,1,1,1,1,0,0,0,0,0,0,0,1,1,1
0,0,1,0,0,1,0,1,0,1,0,0,0,0,0,0,0,1,1,1,0,0,0,0,1,0,0,0,0,1,0,1,0,0,0,0,0,1,1,1
0,0,1,1,0,1,1,1,1,1,1,0,0,0,0,0,0,1,1,1,0,0,1,0,0,1,0,1,0,1,0,0,0,0,0,0,0,1,1,1
0,0,1,0,0,1,0,0,1,1,1,1,1,1,0,1,1,1,1,1,0,0,1,1,0,1,1,1,1,1,1,0,0,0,0,0,0,1,1,1
0,0,1,1,1,1,0,0,0,1,0,1,0,1,0,1,1,1,1,1,0,0,1,0,0,1,0,0,1,1,1,1,1,1,0,1,1,1,1,1
0,0,0,1,1,1,0,1,0,1,1,0,0,1,0,1,1,1,1,1,0,0,1,1,1,1,0,0,0,1,0,1,0,1,0,1,1,1,1,1
0,0,0,0,0,1,0,1,0,1,1,0,0,1,1,1,0,1,0,1,0,0,0,1,1,1,0,1,0,1,1,0,0,1,0,1,1,1,1,1
0,0,0,1,0,0,0,0,1,1,1,1,0,0,0,1,0,1,0,1,0,0,0,0,0,1,0,1,0,1,1,0,0,1,1,1,0,1,0,1
0,0,0,0,1,1,0,1,1,1,0,1,0,0,0,1,0,1,0,1,0,0,0,1,0,0,0,0,1,1,1,1,0,0,0,1,0,1,0,1
0,0,0,1,1,0,0,0,0,1,0,1,0,0,0,1,0,1,0,1,0,0,0,0,1,1,0,1,1,1,0,1,0,0,0,1,0,1,0,1
0,0,0,0,0,1,1,0,1,1,1,1,0,0,0,1,0,1,0,1,0,0,0,1,1,0,0,0,0,1,0,1,0,0,0,1,0,1,0,1
0,0,1,1,0,1,1,0,1,1,1,0,0,0,0,1,0,1,0,1,0,0,0,0,0,1,1,0,1,1,1,1,0,0,0,1,0,1,0,1
0,0,1,1,0,0,1,1,1,1,0,0,1,1,0,1,1,0,1,1,0,0,1,1,0,1,1,0,1,1,1,0,0,0,0,1,0,1,0,1
0,0,0,0,0,1,1,1,0,1,0,0,1,1,0,1,1,0,1,1,0,0,1,1,0,0,1,1,1,1,0,0,1,1,0,1,1,0,1,1
0,0,1,0,0,0,0,1,0,1,1,1,1,1,0,1,1,0,1,1,0,0,0,0,0,1,1,1,0,1,0,0,1,1,0,1,1,0,1,1
0,0,0,0,0,1,0,0,1,1,1,1,0,1,0,1,1,0,1,1,0,0,1,0,0,0,0,1,0,1,1,1,1,1,0,1,1,0,1,1
0,0,1,1,1,1,1,0,1,1,1,1,0,1,0,1,1,0,1,1,0,0,0,0,0,1,0,0,1,1,1,1,0,1,0,1,1,0,1,1
0,0,0,1,1,0,1,0,0,1,0,0,0,1,0,1,1,0,1,1,0,0,1,1,1,1,1,0,1,1,1,1,0,1,0,1,1,0,1,1
0,0,0,1,1,0,1,0,0,1,0,0,0,1,0,1,1,0,1,1,0,0,0,1,1,0,1,0,0,1,0,0,0,1,0,1,1,0,1,1
0,0,1,0,1,1,0,1,1,1,1,1,0,1,0,1,1,0,1,1,0,0,0,1,1,0,1,0,0,1,0,0,0,1,0,1,1,0,1,1
0,0,1,0,1,1,0,1,0,1,1,1,0,1,0,1,1,0,1,1,0,0,1,0,1,1,0,1,1,1,1,1,0,1,0,1,1,0,1,1
0,0,1,1,1,0,0,1,0,1,1,0,0,1,0,1,1,0,1,1,0,0,1,0,1,1,0,1,0,1,1,1,0,1,0,1,1,0,1,1
0,0,1,0,0,1,0,0,1,1,1,1,1,1,1,0,0,1,0,1,0,0,1,1,1,0,0,1,0,1,1,0,0,1,0,1,1,0,1,1
0,0,1,0,0,0,1,0,1,1,1,1,0,1,1,0,0,1,0,1,0,0,1,0,0,1,0,0,1,1,1,1,1,1,1,0,0,1,0,1
0,0,0,1,0,1,1,1,1,1,1,0,0,1,1,0,0,1,0,1,0,0,1,0,0,0,1,0,1,1,1,1,0,1,1,0,0,1,0,1
0,0,0,0,1,1,1,1,1,1,1,1,0,1,0,1,1,1,1,1,0,0,0,1,0,1,1,1,1,1,1,0,0,1,1,0,0,1,0,1
0,0,0,0,0,1,0,1,1,1,0,0,0,1,0,1,1,1,1,1,0,0,0,0,1,1,1,1,1,1,1,1,0,1,0,1,1,1,1,1
0,0,0,0,0,0,1,1,1,1,1,0,0,1,0,1,1,1,1,1,0,0,0,0,0,1,0,1,1,1,0,0,0,1,0,1,1,1,1,1
0,0,0,0,0,1,0,1,1,1,0,0,0,0,0,0,1,1,1,1,0,0,0,0,0,0,1,1,1,1,1,0,0,1,0,1,1,1,1,1
0,0,0,0,0,0,0,0,1,1,0,1,0,0,0,0,1,1,1,1,0,0,0,0,0,1,0,1,1,1,0,0,0,0,0,0,1,1,1,1
0,0,0,0,0,0,1,1,0,1,0,1,0,0,0,0,1,1,1,1,0,0,0,0,0,0,0,0,1,1,0,1,0,0,0,0,1,1,1,1
0,0,0,1,0,0,0,1,1,1,0,0,0,0,0,0,1,1,1,1,0,0,0,0,0,0,1,1,0,1,0,1,0,0,0,0,1,1,1,1
0,0,1,1,1,0,1,1,1,1,1,1,0,0,0,0,1,1,1,1,0,0,0,1,0,0,0,1,1,1,0,0,0,0,0,0,1,1,1,1
0,0,0,1,1,0,0,0,0,1,1,1,0,0,0,0,1,1,1,1,0,0,1,1,1,0,1,1,1,1,1,1,0,0,0,0,1,1,1,1
0,0,1,0,1,1,0,0,0,1,1,1,0,0,0,0,1,1,1,1,0,0,0,1,1,0,0,0,0,1,1,1,0,0,0,0,1,1,1,1
0,0,0,0,1,1,0,1,0,1,0,1,0,0,0,0,1,1,1,1,0,0,1,0,1,1,0,0,0,1,1,1,0,0,0,0,1,1,1,1
0,0,1,1,0,1,1,1,0,1,0,1,0,0,0,0,1,1,1,1,0,0,0,0,1,1,0,1,0,1,0,1,0,0,0,0,1,1,1,1
0,0,0,1,1,1,1,0,0,1,0,1,0,0,0,0,1,1,1,1,0,0,1,1,0,1,1,1,0,1,0,1,0,0,0,0,1,1,1,1
0,0,0,0,0,0,0,1,0,1,0,1,0,0,0,0,1,1,1,1,0,0,0,1,1,1,1,0,0,1,0,1,0,0,0,0,1,1,1,1
0,0,0,0,1,0,1,1,0,1,0,0,0,0,0,0,1,1,1,1,0,0,0,0,0,0,0,1,0,1,0,1,0,0,0,0,1,1,1,1
0,0,1,1,0,1,0,0,1,1,1,1,0,0,0,0,1,1,1,1,0,0,0,0,1,0,1,1,0,1,0,0,0,0,0,0,1,1,1,1
0,0,1,0,1,1,1,1,1,1,1,0,0,0,0,0,1,1,1,1,0,0,1,1,0,1,0,0,1,1,1,1,0,0,0,0,1,1,1,1
0,0,1,1,1,1,1,1,1,1,1,1,1,0,1,1,1,1,1,1,0,0,1,0,1,1,1,1,1,1,1,0,0,0,0,0,1,1,1,1
0,0,1,0,0,0,1,1,0,1,1,1,0,0,1,1,1,1,1,1,0,0,1,1,1,1,1,1,1,1,1,1,1,0,1,1,1,1,1,1
0,0,0,0,0,0,0,1,1,1,0,1,0,0,1,1,1,1,1,1,0,0,1,0,0,0,1,1,0,1,1,1,0,0,1,1,1,1,1,1
0,0,0,0,0,1,1,1,1,1,1,0,0,0,1,1,1,1,1,1,0,0,0,0,0,0,0,1,1,1,0,1,0,0,1,1,1,1,1,1
0,0,0,0,1,0,0,0,0,1,1,0,0,0,0,1,1,1,1,1,0,0,0,0,0,1,1,1,1,1,1,0,0,0,1,1,1,1,1,1
0,0,0,0,0,0,1,0,0,1,0,0,0,0,1,0,0,0,0,1,0,0,0,0,1,0,0,0,0,1,1,0,0,0,0,1,1,1,1,1
0,0,0,0,1,0,0,0,0,1,1,0,0,0,1,0,0,0,0,1,0,0,0,0,0,0,1,0,0,1,0,0,0,0,1,0,0,0,0,1
0,0,0,0,0,0,0,1,1,1,0,0,0,0,1,0,0,0,0,1,0,0,0,0,1,0,0,0,0,1,1,0,0,0,1,0,0,0,0,1
0,0,0,1,1,0,0,1,0,1,0,1,0,0,1,0,0,0,0,1,0,0,0,0,0,0,0,1,1,1,0,0,0,0,1,0,0,0,0,1
0,0,0,1,0,0,0,1,0,1,1,0,0,0,1,0,0,0,0,1,0,0,0,1,1,0,0,1,0,1,0,1,0,0,1,0,0,0,0,1
0,0,1,0,1,1,1,1,0,1,1,0,0,1,0,0,0,1,0,1,0,0,0,1,0,0,0,1,0,1,1,0,0,0,1,0,0,0,0,1
0,0,1,1,1,0,0,0,1,1,1,0,1,0,1,1,1,1,0,1,0,0,1,0,1,1,1,1,0,1,1,0,0,1,0,0,0,1,0,1
0,0,0,0,1,0,1,1,0,1,0,1,1,1,1,0,0,0,1,1,0,0,1,1,1,0,0,0,1,1,1,0,1,0,1,1,1,1,0,1
0,0,0,0,1,1,0,0,0,1,0,0,0,1,1,0,0,0,1,1,0,0,0,0,1,0,1,1,0,1,0,1,1,1,1,0,0,0,1,1
0,0,1,0,0,0,1,0,0,1,1,0,0,1,1,0,0,0,1,1,0,0,0,0,1,1,0,0,0,1,0,0,0,1,1,0,0,0,1,1
0,0,1,1,0,0,1,1,1,1,0,1,1,0,0,0,1,0,1,1,0,0,1,0,0,0,1,0,0,1,1,0,0,1,1,0,0,0,1,1
0,0,0,0,1,0,0,1,0,1,0,1,0,0,0,0,1,0,1,1,0,0,1,1,0,0,1,1,1,1,0,1,1,0,0,0,1,0,1,1
0,0,1,1,1,1,1,0,1,1,1,1,0,0,0,0,1,0,1,1,0,0,0,0,1,0,0,1,0,1,0,1,0,0,0,0,1,0,1,1
0,0,1,0,1,1,1,0,0,1,0,1,0,0,0,0,1,0,1,1,0,0,1,1,1,1,1,0,1,1,1,1,0,0,0,0,1,0,1,1
0,0,1,0,0,1,0,0,1,1,0,0,0,0,0,0,1,0,1,1,0,0,1,0,1,1,1,0,0,1,0,1,0,0,0,0,1,0,1,1
0,0,0,0,1,1,1,0,1,1,1,0,0,0,0,0,1,0,1,1,0,0,1,0,0,1,0,0,1,1,0,0,0,0,0,0,1,0,1,1
0,0,0,1,0,1,0,1,1,1,1,1,0,0,1,1,1,0,1,1,0,0,0,0,1,1,1,0,1,1,1,0,0,0,0,0,1,0,1,1
0,0,0,1,0,1,1,1,1,1,0,1,0,0,1,1,1,0,1,1,0,0,0,1,0,1,0,1,1,1,1,1,0,0,1,1,1,0,1,1
0,0,1,0,0,1,1,1,1,1,0,1,0,0,1,1,1,0,1,1,0,0,0,1,0,1,1,1,1,1,0,1,0,0,1,1,1,0,1,1
0,0,1,0,0,1,1,0,1,1,0,0,0,0,1,1,1,0,1,1,0,0,1,0,0,1,1,1,1,1,0,1,0,0,1,1,1,0,1,1
0,0,1,1,1,0,1,0,0,1,0,0,0,0,1,1,1,0,1,1,0,0,1,0,0,1,1,0,1,1,0,0,0,0,1,1,1,0,1,1
0,0,1,1,0,1,1,1,0,1,1,0,0,0,1,1,1,0,1,1,0,0,1,1,1,0,1,0,0,1,0,0,0,0,1,1,1,0,1,1
0,0,1,0,0,1,0,1,1,1,0,1,1,1,0,1,1,1,0,1,0,0,1,1,0,1,1,1,0,1,1,0,0,0,1,1,1,0,1,1
0,0,1,0,1,0,0,0,1,1,0,1,0,1,0,1,1,1,0,1,0,0,1,0,0,1,0,1,1,1,0,1,1,1,0,1,1,1,0,1
0,0,1,0,0,0,1,0,1,1,1,0,0,1,0,1,1,1,0,1,0,0,1,0,1,0,0,0,1,1,0,1,0,1,0,1,1,1,0,1
0,0,0,1,0,1,0,0,1,1,1,1,1,0,0,0,1,0,1,1,0,0,1,0,0,0,1,0,1,1,1,0,0,1,0,1,1,1,0,1
0,0,0,0,1,0,0,0,1,1,0,1,0,0,0,0,1,0,1,1,0,0,0,1,0,1,0,0,1,1,1,1,1,0,0,0,1,0,1,1
0,0,0,1,1,0,0,0,0,1,0,1,0,0,0,0,1,0,1,1,0,0,0,0,1,0,0,0,1,1,0,1,0,0,0,0,1,0,1,1
0,0,1,0,1,0,1,1,0,1,0,1,0,0,0,0,1,0,1,1,0,0,0,1,1,0,0,0,0,1,0,1,0,0,0,0,1,0,1,1
0,0,0,1,1,0,1,1,1,1,0,1,0,0,0,0,1,0,1,1,0,0,1,0,1,0,1,1,0,1,0,1,0,0,0,0,1,0,1,1
0,0,1,1,1,0,1,1,1,1,1,1,0,0,0,0,1,0,1,1,0,0,0,1,1,0,1,1,1,1,0,1,0,0,0,0,1,0,1,1
0,0,0,1,0,0,0,0,1,1,1,0,0,0,0,0,1,0,1,1,0,0,1,1,1,0,1,1,1,1,1,1,0,0,0,0,1,0,1,1
0,0,1,1,1,1,0,1,0,1,1,0,0,1,0,0,0,0,1,1,0,0,0,1,0,0,0,0,1,1,1,0,0,0,0,0,1,0,1,1
0,0,1,0,0,1,0,1,1,1,0,1,1,1,1,1,0,1,0,1,0,0,1,1,1,1,0,1,0,1,1,0,0,1,0,0,0,0,1,1
0,0,1,1,1,1,0,1,1,1,0,0,0,1,1,1,0,1,0,1,0,0,1,0,0,1,0,1,1,1,0,1,1,1,1,1,0,1,0,1
0,0,0,1,1,1,0,1,1,1,1,1,0,1,1,1,0,1,0,1,0,0,1,1,1,1,0,1,1,1,0,0,0,1,1,1,0,1,0,1
0,0,0,0,0,1,0,1,1,1,0,1,0,1,1,1,0,1,0,1,0,0,0,1,1,1,0,1,1,1,1,1,0,1,1,1,0,1,0,1
0,0,1,0,0,0,0,1,1,1,0,1,0,1,1,1,0,1,0,1,0,0,0,0,0,1,0,1,1,1,0,1,0,1,1,1,0,1,0,1
0,0,1,0,0,0,0,0,0,1,1,0,0,1,1,1,0,1,0,1,0,0,1,0,0,0,0,1,1,1,0,1,0,1,1,1,0,1,0,1
0,0,0,0,0,0,1,1,1,1,1,0,1,0,0,0,0,0,0,1,0,0,1,0,0,0,0,0,0,1,1,0,0,1,1,1,0,1,0,1
0,0,1,0,0,0,1,1,1,1,0,1,0,0,0,0,1,1,1,1,0,0,0,0,0,0,1,1,1,1,1,0,1,0,0,0,0,0,0,1
0,0,0,1,0,0,0,1,1,1,1,0,0,0,0,0,1,1,1,1,0,0,1,0,0,0,1,1,1,1,0,1,0,0,0,0,1,1,1,1
0,0,1,1,1,1,0,1,1,1,0,1,0,1,0,0,0,1,1,1,0,0,0,1,0,0,0,1,1,1,1,0,0,0,0,0,1,1,1,1
0,0,0,1,0,1,0,0,1,1,1,1,0,1,0,0,0,1,1,1,0,0,1,1,1,1,0,1,1,1,0,1,0,1,0,0,0,1,1,1
0,0,1,1,0,0,1,0,1,1,1,1,0,1,0,0,0,1,1,1,0,0,0,1,0,1,0,0,1,1,1,1,0,1,0,0,0,1,1,1
0,0,1,1,1,0,1,1,0,1,1,1,0,1,0,0,0,1,1,1,0,0,1,1,0,0,1,0,1,1,1,1,0,1,0,0,0,1,1,1
0,0,1,0,0,0,1,1,1,1,1,0,0,1,0,0,0,1,1,1,0,0,1,1,1,0,1,1,0,1,1,1,0,1,0,0,0,1,1,1
0,0,0,1,0,1,0,1,1,1,0,0,1,0,0,0,1,1,1,1,0,0,1,0,0,0,1,1,1,1,1,0,0,1,0,0,0,1,1,1
0,0,1,0,1,0,0,1,1,1,1,1,1,0,0,0,1,1,1,1,0,0,0,1,0,1,0,1,1,1,0,0,1,0,0,0,1,1,1,1
0,0,1,0,0,0,0,0,1,1,1,1,0,0,0,0,1,1,1,1,0,0,1,0,1,0,0,1,1,1,1,1,1,0,0,0,1,1,1,1
0,0,1,0,1,1,0,0,1,1,1,1,0,0,0,0,1,1,1,1,0,0,1,0,0,0,0,0,1,1,1,1,0,0,0,0,1,1,1,1
0,0,0,1,0,0,0,1,0,1,0,0,0,0,0,0,1,1,1,1,0,0,1,0,1,1,0,0,1,1,1,1,0,0,0,0,1,1,1,1
0,0,0,0,1,1,1,0,1,1,1,0,0,0,0,0,1,1,1,1,0,0,0,1,0,0,0,1,0,1,0,0,0,0,0,0,1,1,1,1
0,0,1,0,1,0,0,1,1,1,0,1,0,0,1,1,1,0,1,1,0,0,0,0,1,1,1,0,1,1,1,0,0,0,0,0,1,1,1,1
0,0,0,0,1,1,1,0,1,1,0,0,0,0,1,1,1,0,1,1,0,0,1,0,1,0,0,1,1,1,0,1,0,0,1,1,1,0,1,1
0,0,0,0,0,1,0,0,1,1,1,1,0,0,1,1,1,0,1,1,0,0,0,0,1,1,1,0,1,1,0,0,0,0,1,1,1,0,1,1
0,0,1,1,0,0,1,1,1,1,1,0,0,0,1,1,1,0,1,1,0,0,0,0,0,1,0,0,1,1,1,1,0,0,1,1,1,0,1,1
0,0,0,0,1,0,1,0,1,1,0,0,1,1,0,0,1,1,1,1,0,0,1,1,0,0,1,1,1,1,1,0,0,0,1,1,1,0,1,1
0,0,1,1,0,0,1,1,0,1,1,1,1,1,0,0,1,1,1,1,0,0,0,0,1,0,1,0,1,1,0,0,1,1,0,0,1,1,1,1
0,0,0,0,1,1,1,1,0,1,0,1,0,1,0,0,1,1,1,1,0,0,1,1,0,0,1,1,0,1,1,1,1,1,0,0,1,1,1,1
0,0,1,0,1,0,1,1,0,1,1,0,0,1,0,0,1,1,1,1,0,0,0,0,1,1,1,1,0,1,0,1,0,1,0,0,1,1,1,1
0,0,0,1,1,0,1,1,0,1,1,0,1,0,1,0,1,1,1,1,0,0,1,0,1,0,1,1,0,1,1,0,0,1,0,0,1,1,1,1
0,0,1,0,1,1,0,0,0,1,0,0,0,1,1,0,1,1,1,1,0,0,0,1,1,0,1,1,0,1,1,0,1,0,1,0,1,1,1,1
0,0,0,0,0,0,1,0,0,1,1,0,0,1,1,0,1,1,1,1,0,0,1,0,1,1,0,0,0,1,0,0,0,1,1,0,1,1,1,1
0,0,1,1,0,1,1,1,1,1,1,0,0,0,0,0,1,0,0,1,0,0,0,0,0,0,1,0,0,1,1,0,0,1,1,0,1,1,1,1
0,0,1,0,1,1,1,1,1,1,0,1,1,1,0,1,1,1,1,1,0,0,1,1,0,1,1,1,1,1,1,0,0,0,0,0,1,0,0,1
0,0,1,0,0,1,0,1,1,1,0,1,0,1,0,1,1,1,1,1,0,0,1,0,1,1,1,1,1,1,0,1,1,1,0,1,1,1,1,1
0,0,0,0,0,0,0,0,1,1,0,0,0,1,0,1,1,1,1,1,0,0,1,0,0,1,0,1,1,1,0,1,0,1,0,1,1,1,1,1
0,0,1,0,1,1,0,0,1,1,0,1,0,1,0,1,1,1,1,1,0,0,0,0,0,0,0,0,1,1,0,0,0,1,0,1,1,1,1,1
0,0,1,0,1,1,1,0,1,1,1,1,0,1,0,1,1,1,1,1,0,0,1,0,1,1,0,0,1,1,0,1,0,1,0,1,1,1,1,1
0,0,0,0,1,1,1,1,0,1,0,0,0,1,0,1,1,1,1,1,0,0,1,0,1,1,1,0,1,1,1,1,0,1,0,1,1,1,1,1
0,0,0,1,0,1,1,1,1,1,0,0,0,1,0,1,1,1,1,1,0,0,0,0,1,1,1,1,0,1,0,0,0,1,0,1,1,1,1,1
0,0,1,1,0,0,1,0,0,1,0,1,0,1,0,1,1,1,1,1,0,0,0,1,0,1,1,1,1,1,0,0,0,1,0,1,1,1,1,1
0,0,1,0,1,0,0,0,1,1,1,1,0,1,0,1,1,1,1,1,0,0,1,1,0,0,1,0,0,1,0,1,0,1,0,1,1,1,1,1
0,0,0,1,1,0,0,1,1,1,1,1,0,1,0,1,1,1,1,1,0,0,1,0,1,0,0,0,1,1,1,1,0,1,0,1,1,1,1,1
0,0,0,0,0,0,1,0,0,1,0,0,0,1,0,1,1,1,1,1,0,0,0,1,1,0,0,1,1,1,1,1,0,1,0,1,1,1,1,1
0,0,1,0,0,1,1,1,0,1,0,0,0,1,0,1,1,1,1,1,0,0,0,0,0,0,1,0,0,1,0,0,0,1,0,1,1,1,1,1
0,0,1,1,1,1,0,1,1,1,1,0,0,1,0,1,1,1,1,1,0,0,1,0,0,1,1,1,0,1,0,0,0,1,0,1,1,1,1,1
0,0,1,0,1,1,0,0,0,1,0,1,1,1,1,1,0,1,1,1,0,0,1,1,1,1,0,1,1,1,1,0,0,1,0,1,1,1,1,1
0,0,0,0,1,1,1,0,1,1,1,0,0,1,1,1,0,1,1,1,0,0,1,0,1,1,0,0,0,1,0,1,1,1,1,1,0,1,1,1
0,0,1,0,1,0,0,1,0,1,0,1,0,0,1,1,1,0,1,1,0,0,0,0,1,1,1,0,1,1,1,0,0,1,1,1,0,1,1,1
0,0,0,0,0,1,1,0,1,1,0,1,0,0,1,1,1,0,1,1,0,0,1,0,1,0,0,1,0,1,0,1,0,0,1,1,1,0,1,1
0,0,0,1,1,1,1,0,1,1,0,0,0,0,1,1,1,0,1,1,0,0,0,0,0,1,1,0,1,1,0,1,0,0,1,1,1,0,1,1
0,0,1,0,1,0,0,0,1,1,0,0,0,0,1,1,1,0,1,1,0,0,0,1,1,1,1,0,1,1,0,0,0,0,1,1,1,0,1,1
0,0,1,1,0,0,0,0,1,1,0,0,0,0,1,1,1,0,1,1,0,0,1,0,1,0,0,0,1,1,0,0,0,0,1,1,1,0,1,1
0,0,1,0,0,1,0,1,1,1,0,0,0,0,1,1,1,0,1,1,0,0,1,1,0,0,0,0,1,1,0,0,0,0,1,1,1,0,1,1
0,0,0,0,0,1,1,1,1,1,1,1,0,0,1,1,1,0,1,1,0,0,1,0,0,1,0,1,1,1,0,0,0,0,1,1,1,0,1,1
0,0,1,1,1,1,0,1,1,1,0,1,0,0,1,1,1,0,1,1,0,0,0,0,0,1,1,1,1,1,1,1,0,0,1,1,1,0,1,1
0,0,0,0,0,1,0,1,1,1,1,1,0,0,1,1,1,0,1,1,0,0,1,1,1,1,0,1,1,1,0,1,0,0,1,1,1,0,1,1
0,0,1,1,0,1,0,1,0,1,1,1,0,0,1,1,1,0,1,1,0,0,0,0,0,1,0,1,1,1,1,1,0,0,1,1,1,0,1,1
0,0,1,0,1,1,1,0,1,1,1,0,0,0,1,1,1,0,1,1,0,0,1,1,0,1,0,1,0,1,1,1,0,0,1,1,1,0,1,1
0,0,1,1,1,0,1,0,1,1,0,0,1,0,1,1,1,0,1,1,0,0,1,0,1,1,1,0,1,1,1,0,0,0,1,1,1,0,1,1
0,0,1,0,0,1,1,1,1,1,0,0,1,0,1,1,1,0,1,1,0,0,1,1,1,0,1,0,1,1,0,0,1,0,1,1,1,0,1,1
0,0,0,1,0,1,0,1,0,1,0,0,1,0,1,1,1,0,1,1,0,0,1,0,0,1,1,1,1,1,0,0,1,0,1,1,1,0,1,1
0,0,0,0,1,1,0,0,0,1,0,0,1,0,1,1,1,0,1,1,0,0,0,1,0,1,0,1,0,1,0,0,1,0,1,1,1,0,1,1
0,0,0,0,1,1,1,1,0,1,1,1,1,0,1,1,1,0,1,1,0,0,0,0,1,1,0,0,0,1,0,0,1,0,1,1,1,0,1,1
0,0,1,0,0,0,0,0,1,1,0,1,0,0,1,1,1,0,1,1,0,0,0,0,1,1,1,1,0,1,1,1,1,0,1,1,1,0,1,1
0,0,1,0,0,1,0,0,0,1,1,1,0,0,1,1,1,0,1,1,0,0,1,0,0,0,0,0,1,1,0,1,0,0,1,1,1,0,1,1
0,0,0,0,0,0,1,1,0,1,1,1,0,0,1,1,1,0,1,1,0,0,1,0,0,1,0,0,0,1,1,1,0,0,1,1,1,0,1,1
0,0,0,1,0,0,0,0,0,1,1,0,0,0,1,1,1,0,1,1,0,0,0,0,0,0,1,1,0,1,1,1,0,0,1,1,1,0,1,1
0,0,1,1,1,0,1,0,1,1,0,1,0,1,0,0,0,0,0,1,0,0,0,1,0,0,0,0,0,1,1,0,0,0,1,1,1,0,1,1
0,0,1,0,1,1,0,0,1,1,0,1,0,1,0,0,0,0,0,1,0,0,1,1,1,0,1,0,1,1,0,1,0,1,0,0,0,0,0,1
0,0,0,0,0,1,1,0,0,1,1,0,0,1,0,0,0,0,0,1,0,0,1,0,1,1,0,0,1,1,0,1,0,1,0,0,0,0,0,1
0,0,1,0,1,0,0,1,1,1,0,0,0,0,0,1,1,0,0,1,0,0,0,0,0,1,1,0,0,1,1,0,0,1,0,0,0,0,0,1
0,0,0,1,1,1,1,1,1,1,1,1,0,0,0,1,1,0,0,1,0,0,1,0,1,0,0,1,1,1,0,0,0,0,0,1,1,0,0,1
0,0,0,0,0,1,0,1,1,1,1,0,0,0,0,1,1,0,0,1,0,0,0,1,1,1,1,1,1,1,1,1,0,0,0,1,1,0,0,1
0,0,0,1,1,1,0,1,1,1,0,0,0,0,0,1,0,1,1,1,0,0,0,0,0,1,0,1,1,1,1,0,0,0,0,1,1,0,0,1
0,0,1,0,1,0,0,0,1,1,0,0,0,0,0,1,0,1,1,1,0,0,0,1,1,1,0,1,1,1,0,0,0,0,0,1,0,1,1,1
0,0,1,1,0,0,1,1,1,1,0,0,0,0,0,1,0,1,1,1,0,0,1,0,1,0,0,0,1,1,0,0,0,0,0,1,0,1,1,1
0,0,1,1,1,0,1,1,1,1,1,1,0,0,0,1,0,1,1,1,0,0,1,1,0,0,1,1,1,1,0,0,0,0,0,1,0,1,1,1
0,0,0,1,0,1,0,1,1,1,1,0,0,0,0,1,0,1,1,1,0,0,1,1,1,0,1,1,1,1,1,1,0,0,0,1,0,1,1,1
0,0,1,1,0,1,0,0,1,1,0,0,0,1,0,1,0,1,1,1,0,0,0,1,0,1,0,1,1,1,1,0,0,0,0,1,0,1,1,1
0,0,0,0,1,0,1,1,1,1,1,0,0,1,0,1,0,1,1,1,0,0,1,1,0,1,0,0,1,1,0,0,0,1,0,1,0,1,1,1
0,0,1,0,1,0,0,0,0,1,1,1,0,0,1,0,1,1,1,1,0,0,0,0,1,0,1,1,1,1,1,0,0,1,0,1,0,1,1,1
0,0,0,0,0,0,0,1,1,1,1,1,0,0,1,0,1,1,1,1,0,0,1,0,1,0,0,0,0,1,1,1,0,0,1,0,1,1,1,1
0,0,1,1,1,0,1,1,1,1,0,0,0,0,1,0,1,1,1,1,0,0,0,0,0,0,0,1,1,1,1,1,0,0,1,0,1,1,1,1
0,0,0,1,1,1,1,1,1,1,0,1,0,0,1,0,1,1,1,1,0,0,1,1,1,0,1,1,1,1,0,0,0,0,1,0,1,1,1,1
0,0,0,0,0,0,1,0,1,1,0,0,0,0,1,0,1,1,1,1,0,0,0,1,1,1,1,1,1,1,0,1,0,0,1,0,1,1,1,1
0,0,0,0,0,1,1,1,1,1,0,1,0,0,1,0,1,1,1,1,0,0,0,0,0,0,1,0,1,1,0,0,0,0,1,0,1,1,1,1
0,0,0,0,0,1,1,0,0,1,1,1,0,0,1,0,1,1,1,1,0,0,0,0,0,1,1,1,1,1,0,1,0,0,1,0,1,1,1,1
0,0,0,1,0,1,1,1,1,1,1,1,0,0,1,0,1,1,1,1,0,0,0,0,0,1,1,0,0,1,1,1,0,0,1,0,1,1,1,1
0,0,1,1,0,1,0,1,1,1,1,0,0,0,1,0,1,1,1,1,0,0,0,1,0,1,1,1,1,1,1,1,0,0,1,0,1,1,1,1
0,0,0,0,1,1,0,1,1,1,1,0,1,1,0,1,0,1,1,1,0,0,1,1,0,1,0,1,1,1,1,0,0,0,1,0,1,1,1,1
0,0,0,0,0,0,0,0,1,1,1,1,0,0,1,1,0,1,1,1,0,0,0,0,1,1,0,1,1,1,1,0,1,1,0,1,0,1,1,1
0,0,0,0,0,0,0,0,0,1,0,0,0,0,1,1,0,1,1,1,0,0,0,0,0,0,0,0,1,1,1,1,0,0,1,1,0,1,1,1
0,0,1,0,1,1,0,1,1,1,1,1,0,0,1,1,0,1,1,1,0,0,0,0,0,0,0,0,0,1,0,0,0,0,1,1,0,1,1,1
0,0,1,1,1,0,0,1,1,1,0,0,0,0,1,1,0,1,1,1,0,0,1,0,1,1,0,1,1,1,1,1,0,0,1,1,0,1,1,1
0,0,1,1,0,1,0,1,0,1,1,1,0,0,1,1,0,1,1,1,0,0,1,1,1,0,0,1,1,1,0,0,0,0,1,1,0,1,1,1
0,0,1,0,0,1,0,0,1,1,0,0,0,0,1,1,0,1,1,1,0,0,1,1,0,1,0,1,0,1,1,1,0,0,1,1,0,1,1,1
0,0,0,1,1,1,0,0,1,1,1,0,0,0,1,1,0,1,1,1,0,0,1,0,0,1,0,0,1,1,0,0,0,0,1,1,0,1,1,1
0,0,1,1,0,1,1,0,1,1,1,0,0,1,1,1,0,0,1,1,0,0,0,1,1,1,0,0,1,1,1,0,0,0,1,1,0,1,1,1
0,0,1,0,1,0,1,1,0,1,0,1,1,1,0,1,1,0,1,1,0,0,1,1,0,1,1,0,1,1,1,0,0,1,1,1,0,0,1,1
0,0,0,1,0,0,0,0,0,1,0,0,0,1,0,1,1,0,1,1,0,0,1,0,1,0,1,1,0,1,0,1,1,1,0,1,1,0,1,1
0,0,1,1,0,0,0,1,0,1,0,0,0,1,0,1,1,0,1,1,0,0,0,1,0,0,0,0,0,1,0,0,0,1,0,1,1,0,1,1
0,0,0,1,0,1,0,1,1,1,0,1,0,1,0,1,1,0,1,1,0,0,1,1,0,0,0,1,0,1,0,0,0,1,0,1,1,0,1,1
0,0,1,1,0,1,1,0,1,1,0,0,0,1,0,1,1,0,1,1,0,0,0,1,0,1,0,1,1,1,0,1,0,1,0,1,1,0,1,1
0,0,1,1,1,0,1,1,1,1,0,0,0,1,0,1,1,0,1,1,0,0,1,1,0,1,1,0,1,1,0,0,0,1,0,1,1,0,1,1
0,0,1,0,0,0,1,0,1,1,0,1,0,1,0,1,1,0,1,1,0,0,1,1,1,0,1,1,1,1,0,0,0,1,0,1,1,0,1,1
0,0,1,0,1,0,1,1,1,1,1,1,0,1,0,1,1,0,1,1,0,0,1,0,0,0,1,0,1,1,0,1,0,1,0,1,1,0,1,1
0,0,1,1,1,1,0,0,1,1,0,1,0,1,0,1,1,0,1,1,0,0,1,0,1,0,1,1,1,1,1,1,0,1,0,1,1,0,1,1
0,0,1,0,1,1,1,0,1,1,0,0,0,1,0,1,1,0,1,1,0,0,1,1,1,1,0,0,1,1,0,1,0,1,0,1,1,0,1,1
0,0,1,0,0,1,1,0,1,1,0,1,0,1,0,1,1,0,1,1,0,0,1,0,1,1,1,0,1,1,0,0,0,1,0,1,1,0,1,1
0,0,1,1,0,1,1,0,1,1,1,1,0,1,0,1,1,0,1,1,0,0,1,0,0,1,1,0,1,1,0,1,0,1,0,1,1,0,1,1
0,0,0,0,0,1,0,1,1,1,0,1,0,1,0,1,1,0,1,1,0,0,1,1,0,1,1,0,1,1,1,1,0,1,0,1,1,0,1,1
0,0,1,0,1,0,1,0,1,1,1,0,0,1,0,1,1,0,1,1,0,0,0,0,0,1,0,1,1,1,0,1,0,1,0,1,1,0,1,1
0,0,0,0,1,0,0,1,0,1,1,0,1,0,1,0,1,0,1,1,0,0,1,0,1,0,1,0,1,1,1,0,0,1,0,1,1,0,1,1
0,0,1,1,1,1,0,1,0,1,0,0,0,0,1,0,0,1,0,1,0,0,0,0,1,0,0,1,0,1,1,0,1,0,1,0,1,0,1,1
0,0,0,1,0,0,0,0,0,1,1,0,0,0,1,0,0,1,0,1,0,0,1,1,1,1,0,1,0,1,0,0,0,0,1,0,0,1,0,1
0,0,1,1,1,0,1,1,1,1,1,1,0,1,0,0,0,0,0,1,0,0,0,1,0,0,0,0,0,1,1,0,0,0,1,0,0,1,0,1
0,0,0,0,0,1,1,1,1,1,1,1,0,1,0,0,0,0,0,1,0,0,1,1,1,0,1,1,1,1,1,1,0,1,0,0,0,0,0,1
0,0,0,0,0,0,1,0,1,1,0,0,0,1,0,0,0,0,0,1,0,0,0,0,0,1,1,1,1,1,1,1,0,1,0,0,0,0,0,1
0,0,0,0,1,1,1,1,0,1,1,0,0,1,0,0,0,0,0,1,0,0,0,0,0,0,1,0,1,1,0,0,0,1,0,0,0,0,0,1
0,0,1,0,0,1,0,1,1,1,1,0,0,0,1,1,1,1,0,1,0,0,0,0,1,1,1,1,0,1,1,0,0,1,0,0,0,0,0,1
0,0,1,0,1,0,0,0,0,1,0,0,1,0,0,1,0,1,1,1,0,0,1,0,0,1,0,1,1,1,1,0,0,0,1,1,1,1,0,1
0,0,0,1,0,0,0,0,1,1,0,0,1,0,0,1,0,1,1,1,0,0,1,0,1,0,0,0,0,1,0,0,1,0,0,1,0,1,1,1
0,0,0,1,0,1,1,1,0,1,0,1,1,0,0,1,0,1,1,1,0,0,0,1,0,0,0,0,1,1,0,0,1,0,0,1,0,1,1,1
0,0,0,1,0,0,0,0,1,1,1,1,0,0,0,1,0,1,1,1,0,0,0,1,0,1,1,1,0,1,0,1,1,0,0,1,0,1,1,1
0,0,0,1,1,1,1,0,0,1,0,1,0,0,0,1,0,1,1,1,0,0,0,1,0,0,0,0,1,1,1,1,0,0,0,1,0,1,1,1
0,0,1,1,1,1,1,1,0,1,1,1,0,0,0,1,0,1,1,1,0,0,0,1,1,1,1,0,0,1,0,1,0,0,0,1,0,1,1,1
0,0,1,0,0,1,1,0,1,1,1,0,0,0,0,1,0,1,1,1,0,0,1,1,1,1,1,1,0,1,1,1,0,0,0,1,0,1,1,1
0,0,1,0,0,0,1,0,1,1,0,0,1,0,0,1,1,0,1,1,0,0,1,0,0,1,1,0,1,1,1,0,0,0,0,1,0,1,1,1
0,0,0,0,1,0,0,1,1,1,1,1,1,0,0,1,1,0,1,1,0,0,1,0,0,0,1,0,1,1,0,0,1,0,0,1,1,0,1,1
0,0,1,0,0,1,1,1,0,1,1,1,0,0,0,1,1,0,1,1,0,0,0,0,1,0,0,1,1,1,1,1,1,0,0,1,1,0,1,1
0,0,1,0,0,0,1,1,1,1,1,1,0,0,0,1,1,0,1,1,0,0,1,0,0,1,1,1,0,1,1,1,0,0,0,1,1,0,1,1
0,0,0,0,1,0,1,1,1,1,0,1,0,0,0,1,1,0,1,1,0,0,1,0,0,0,1,1,1,1,1,1,0,0,0,1,1,0,1,1
0,0,1,1,0,1,0,1,0,1,0,0,0,0,0,1,1,0,1,1,0,0,0,0,1,0,1,1,1,1,0,1,0,0,0,1,1,0,1,1
0,0,0,1,0,0,0,0,1,1,0,1,0,0,0,1,1,0,1,1,0,0,1,1,0,1,0,1,0,1,0,0,0,0,0,1,1,0,1,1
0,0,0,0,0,0,0,1,0,1,1,0,0,0,0,1,1,0,1,1,0,0,0,1,0,0,0,0,1,1,0,1,0,0,0,1,1,0,1,1
0,0,1,1,0,1,1,1,0,1,0,0,0,0,0,0,0,1,0,1,0,0,0,0,0,0,0,1,0,1,1,0,0,0,0,1,1,0,1,1
0,0,1,1,1,1,1,0,1,1,0,0,0,0,0,0,0,1,0,1,0,0,1,1,0,1,1,1,0,1,0,0,0,0,0,0,0,1,0,1
0,0,0,0,0,0,1,0,1,1,0,1,0,0,0,0,0,1,0,1,0,0,1,1,1,1,1,0,1,1,0,0,0,0,0,0,0,1,0,1
0,0,1,1,0,1,0,1,0,1,0,1,0,0,0,0,0,1,0,1,0,0,0,0,0,0,1,0,1,1,0,1,0,0,0,0,0,1,0,1
0,0,1,0,0,1,0,0,0,1,0,0,0,0,0,0,0,1,0,1,0,0,1,1,0,1,0,1,0,1,0,1,0,0,0,0,0,1,0,1
0,0,1,0,1,0,1,1,0,1,1,0,0,0,0,0,0,1,0,1,0,0,1,0,0,1,0,0,0,1,0,0,0,0,0,0,0,1,0,1
0,0,1,1,1,1,0,1,0,1,1,1,1,0,1,0,1,1,0,1,0,0,1,0,1,0,1,1,0,1,1,0,0,0,0,0,0,1,0,1
0,0,0,0,1,1,1,1,0,1,0,1,0,0,1,0,1,1,0,1,0,0,1,1,1,1,0,1,0,1,1,1,1,0,1,0,1,1,0,1
0,0,1,0,0,0,0,0,1,1,0,1,0,0,1,0,1,1,0,1,0,0,0,0,1,1,1,1,0,1,0,1,0,0,1,0,1,1,0,1
0,0,1,0,0,1,0,1,1,1,0,1,0,0,1,0,1,1,0,1,0,0,1,0,0,0,0,0,1,1,0,1,0,0,1,0,1,1,0,1
0,0,1,1,1,1,1,1,1,1,0,1,0,0,1,0,1,1,0,1,0,0,1,0,0,1,0,1,1,1,0,1,0,0,1,0,1,1,0,1
0,0,1,1,0,1,0,0,1,1,1,0,0,0,1,0,1,1,0,1,0,0,1,1,1,1,1,1,1,1,0,1,0,0,1,0,1,1,0,1
0,0,0,1,1,1,0,1,0,1,0,1,1,1,0,1,0,0,1,1,0,0,1,1,0,1,0,0,1,1,1,0,0,0,1,0,1,1,0,1
0,0,0,1,0,1,1,0,1,1,0,0,0,1,0,1,0,0,1,1,0,0,0,1,1,1,0,1,0,1,0,1,1,1,0,1,0,0,1,1
0,0,0,1,0,1,0,1,1,1,0,0,0,1,0,1,0,0,1,1,0,0,0,1,0,1,1,0,1,1,0,0,0,1,0,1,0,0,1,1
0,0,1,0,0,1,0,1,1,1,0,0,0,1,0,1,0,0,1,1,0,0,0,1,0,1,0,1,1,1,0,0,0,1,0,1,0,0,1,1
0,0,0,1,1,1,0,1,1,1,1,1,0,1,0,1,0,0,1,1,0,0,1,0,0,1,0,1,1,1,0,0,0,1,0,1,0,0,1,1
0,0,1,0,1,0,0,0,1,1,0,0,0,1,0,1,0,0,1,1,0,0,0,1,1,1,0,1,1,1,1,1,0,1,0,1,0,0,1,1
0,0,1,1,1,0,1,1,1,1,1,0,0,1,0,1,0,0,1,1,0,0,1,0,1,0,0,0,1,1,0,0,0,1,0,1,0,0,1,1
0,0,0,1,1,1,0,0,1,1,1,1,1,1,1,0,1,1,1,1,0,0,1,1,1,0,1,1,1,1,1,0,0,1,0,1,0,0,1,1
0,0,1,0,1,1,0,0,1,1,0,1,0,1,1,0,1,1,1,1,0,0,0,1,1,1,0,0,1,1,1,1,1,1,1,0,1,1,1,1
0,0,0,0,1,1,0,1,1,1,0,0,0,1,1,0,1,1,1,1,0,0,1,0,1,1,0,0,1,1,0,1,0,1,1,0,1,1,1,1
0,0,0,0,1,1,0,1,1,1,0,1,0,1,1,0,1,1,1,1,0,0,0,0,1,1,0,1,1,1,0,0,0,1,1,0,1,1,1,1
0,0,0,0,1,1,1,0,1,1,1,1,0,1,1,0,1,1,1,1,0,0,0,0,1,1,0,1,1,1,0,1,0,1,1,0,1,1,1,1
0,0,1,1,1,1,0,0,0,1,1,0,0,1,1,0,1,1,1,1,0,0,0,0,1,1,1,0,1,1,1,1,0,1,1,0,1,1,1,1
0,0,1,1,0,1,0,1,0,1,1,0,1,1,1,1,0,0,0,1,0,0,1,1,1,1,0,0,0,1,1,0,0,1,1,0,1,1,1,1
0,0,1,1,0,0,1,1,0,1,1,1,1,1,0,1,0,1,0,1,0,0,1,1,0,1,0,1,0,1,1,0,1,1,1,1,0,0,0,1
0,0,0,1,1,0,0,1,1,1,0,1,0,1,0,1,0,1,0,1,0,0,1,1,0,0,1,1,0,1,1,1,1,1,0,1,0,1,0,1
0,0,0,1,0,1,0,1,1,1,1,0,0,1,0,1,0,1,0,1,0,0,0,1,1,0,0,1,1,1,0,1,0,1,0,1,0,1,0,1
0,0,1,0,0,1,0,1,1,1,0,0,0,1,0,1,0,1,0,1,0,0,0,1,0,1,0,1,1,1,1,0,0,1,0,1,0,1,0,1
0,0,0,1,1,0,0,1,1,1,0,1,0,1,0,1,0,1,0,1,0,0,1,0,0,1,0,1,1,1,0,0,0,1,0,1,0,1,0,1
0,0,1,1,1,1,0,0,0,1,0,1,0,1,0,1,0,1,0,1,0,0,0,1,1,0,0,1,1,1,0,1,0,1,0,1,0,1,0,1
0,0,0,0,1,1,1,1,1,1,1,1,0,1,0,1,0,1,0,1,0,0,1,1,1,1,0,0,0,1,0,1,0,1,0,1,0,1,0,1
0,0,1,0,0,1,0,0,1,1,1,1,0,1,0,1,0,1,0,1,0,0,0,0,1,1,1,1,1,1,1,1,0,1,0,1,0,1,0,1
0,0,1,0,1,1,0,1,0,1,0,0,0,1,0,1,0,1,0,1,0,0,1,0,0,1,0,0,1,1,1,1,0,1,0,1,0,1,0,1
0,0,0,0,0,0,1,1,1,1,1,1,0,1,0,1,0,1,0,1,0,0,1,0,1,1,0,1,0,1,0,0,0,1,0,1,0,1,0,1
0,0,0,0,1,0,1,1,1,1,1,1,0,1,0,1,0,1,0,1,0,0,0,0,0,0,1,1,1,1,1,1,0,1,0,1,0,1,0,1
0,0,0,1,1,0,1,1,1,1,0,1,0,1,0,1,0,1,0,1,0,0,0,0,1,0,1,1,1,1,1,1,0,1,0,1,0,1,0,1
0,0,1,0,0,1,0,0,1,1,0,1,0,1,0,1,0,1,0,1,0,0,0,1,1,0,1,1,1,1,0,1,0,1,0,1,0,1,0,1
0,0,1,0,0,1,0,1,1,1,0,0,0,1,0,1,0,1,0,1,0,0,1,0,0,1,0,0,1,1,0,1,0,1,0,1,0,1,0,1
0,0,0,0,1,1,0,1,0,1,0,0,0,1,0,1,0,1,0,1,0,0,1,0,0,1,0,1,1,1,0,0,0,1,0,1,0,1,0,1
0,0,1,0,0,0,0,1,1,1,1,1,0,1,0,1,0,1,0,1,0,0,0,0,1,1,0,1,0,1,0,0,0,1,0,1,0,1,0,1
0,0,1,1,0,0,1,0,1,1,1,1,0,1,0,1,0,1,0,1,0,0,1,0,0,0,0,1,1,1,1,1,0,1,0,1,0,1,0,1
0,0,0,1,1,1,0,0,1,1,0,1,0,1,0,1,0,1,0,1,0,0,1,1,0,0,1,0,1,1,1,1,0,1,0,1,0,1,0,1
0,0,1,0,1,1,1,0,1,1,1,0,0,1,0,1,0,1,0,1,0,0,0,1,1,1,0,0,1,1,0,1,0,1,0,1,0,1,0,1
0,0,0,0,1,0,0,0,1,1,0,1,1,0,1,1,1,0,1,1,0,0,1,0,1,1,1,0,1,1,1,0,0,1,0,1,0,1,0,1
0,0,1,0,0,1,0,1,1,1,1,0,0,0,1,1,1,0,1,1,0,0,0,0,1,0,0,0,1,1,0,1,1,0,1,1,1,0,1,1
0,0,0,1,1,0,0,0,1,1,0,1,1,0,0,1,0,1,1,1,0,0,1,0,0,1,0,1,1,1,1,0,0,0,1,1,1,0,1,1
0,0,1,1,1,0,1,1,1,1,0,0,0,0,0,1,0,1,1,1,0,0,0,1,1,0,0,0,1,1,0,1,1,0,0,1,0,1,1,1
0,0,1,0,1,1,0,0,1,1,0,0,0,0,0,1,0,1,1,1,0,0,1,1,1,0,1,1,1,1,0,0,0,0,0,1,0,1,1,1
0,0,1,1,1,1,1,0,1,1,1,1,0,0,0,1,0,1,1,1,0,0,1,0,1,1,0,0,1,1,0,0,0,0,0,1,0,1,1,1
0,0,1,1,1,1,1,0,0,1,1,0,0,0,0,1,0,1,1,1,0,0,1,1,1,1,1,0,1,1,1,1,0,0,0,1,0,1,1,1
0,0,1,0,0,1,0,1,0,1,1,0,1,1,1,1,1,0,0,1,0,0,1,1,1,1,1,0,0,1,1,0,0,0,0,1,0,1,1,1
0,0,1,0,1,1,1,0,1,1,0,1,1,0,0,1,0,1,0,1,0,0,1,0,0,1,0,1,0,1,1,0,1,1,1,1,1,0,0,1
0,0,1,1,1,1,1,1,1,1,1,1,0,0,0,1,0,1,0,1,0,0,1,0,1,1,1,0,1,1,0,1,1,0,0,1,0,1,0,1
0,0,0,0,0,0,0,1,1,1,0,1,0,0,0,1,0,1,0,1,0,0,1,1,1,1,1,1,1,1,1,1,0,0,0,1,0,1,0,1
0,0,1,0,0,0,1,1,1,1,1,1,0,0,0,1,0,1,0,1,0,0,0,0,0,0,0,1,1,1,0,1,0,0,0,1,0,1,0,1
0,0,1,0,1,1,1,0,1,1,1,0,0,0,0,1,0,1,0,1,0,0,1,0,0,0,1,1,1,1,1,1,0,0,0,1,0,1,0,1
0,0,1,0,0,1,0,1,1,1,1,1,1,0,1,1,1,0,1,1,0,0,1,0,1,1,1,0,1,1,1,0,0,0,0,1,0,1,0,1
0,0,0,0,1,1,1,0,1,1,0,0,0,0,1,1,1,0,1,1,0,0,1,0,0,1,0,1,1,1,1,1,1,0,1,1,1,0,1,1
0,0,0,1,0,1,1,1,1,1,1,1,0,0,1,1,1,0,1,1,0,0,0,0,1,1,1,0,1,1,0,0,0,0,1,1,1,0,1,1
0,0,1,0,0,1,1,1,1,1,0,0,0,0,1,1,1,0,1,1,0,0,0,1,0,1,1,1,1,1,1,1,0,0,1,1,1,0,1,1
0,0,0,1,1,0,1,0,1,1,1,1,0,0,1,1,1,0,1,1,0,0,1,0,0,1,1,1,1,1,0,0,0,0,1,1,1,0,1,1
0,0,0,1,0,1,1,0,1,1,0,1,0,0,1,1,1,0,1,1,0,0,0,1,1,0,1,0,1,1,1,1,0,0,1,1,1,0,1,1
0,0,0,0,0,1,0,1,1,1,0,0,0,0,1,1,1,0,1,1,0,0,0,1,0,1,1,0,1,1,0,1,0,0,1,1,1,0,1,1
0,0,1,0,1,1,1,1,1,1,0,0,0,0,1,1,1,0,1,1,0,0,0,0,0,1,0,1,1,1,0,0,0,0,1,1,1,0,1,1
0,0,0,1,0,1,1,0,1,1,1,0,0,0,1,1,1,0,1,1,0,0,1,0,1,1,1,1,1,1,0,0,0,0,1,1,1,0,1,1
0,0,0,0,1,1,0,0,1,1,0,0,0,1,0,1,1,0,1,1,0,0,0,1,0,1,1,0,1,1,1,0,0,0,1,1,1,0,1,1
0,0,1,0,0,0,1,0,1,1,1,1,0,1,0,1,1,0,1,1,0,0,0,0,1,1,0,0,1,1,0,0,0,1,0,1,1,0,1,1
0,0,0,1,1,1,1,1,1,1,1,1,0,1,0,1,1,0,1,1,0,0,1,0,0,0,1,0,1,1,1,1,0,1,0,1,1,0,1,1
0,0,0,0,0,1,0,0,1,1,0,0,0,1,0,1,1,0,1,1,0,0,0,1,1,1,1,1,1,1,1,1,0,1,0,1,1,0,1,1
0,0,1,1,1,0,0,1,0,1,1,1,0,1,0,1,1,0,1,1,0,0,0,0,0,1,0,0,1,1,0,0,0,1,0,1,1,0,1,1
0,0,0,1,1,0,0,1,0,1,1,1,0,1,0,1,1,0,1,1,0,0,1,1,1,0,0,1,0,1,1,1,0,1,0,1,1,0,1,1
0,0,1,0,0,0,1,1,1,1,0,0,0,1,0,1,1,0,1,1,0,0,0,1,1,0,0,1,0,1,1,1,0,1,0,1,1,0,1,1
0,0,0,0,0,1,0,1,1,1,0,0,0,1,0,1,1,0,1,1,0,0,1,0,0,0,1,1,1,1,0,0,0,1,0,1,1,0,1,1
0,0,1,1,1,1,1,0,1,1,1,0,0,1,0,1,1,0,1,1,0,0,0,0,0,1,0,1,1,1,0,0,0,1,0,1,1,0,1,1
0,0,1,0,1,0,0,1,1,1,1,1,1,1,1,1,1,0,1,1,0,0,1,1,1,1,1,0,1,1,1,0,0,1,0,1,1,0,1,1
0,0,0,1,1,1,1,0,1,1,0,0,0,1,1,1,1,0,1,1,0,0,1,0,1,0,0,1,1,1,1,1,1,1,1,1,1,0,1,1
0,0,1,1,1,0,0,1,1,1,1,1,0,1,1,1,1,0,1,1,0,0,0,1,1,1,1,0,1,1,0,0,0,1,1,1,1,0,1,1
0,0,0,1,0,0,1,0,0,1,0,0,0,1,1,1,1,0,1,1,0,0,1,1,1,0,0,1,1,1,1,1,0,1,1,1,1,0,1,1
0,0,1,1,1,1,0,1,1,1,0,0,0,1,1,1,1,0,1,1,0,0,0,1,0,0,1,0,0,1,0,0,0,1,1,1,1,0,1,1
0,0,0,1,1,0,1,1,1,1,1,1,0,1,1,1,1,0,1,1,0,0,1,1,1,1,0,1,1,1,0,0,0,1,1,1,1,0,1,1
0,0,1,1,0,0,0,1,1,1,0,0,0,1,1,1,1,0,1,1,0,0,0,1,1,0,1,1,1,1,1,1,0,1,1,1,1,0,1,1
0,0,0,0,0,1,0,1,1,1,0,1,0,1,1,1,1,0,1,1,0,0,1,1,0,0,0,1,1,1,0,0,0,1,1,1,1,0,1,1
0,0,1,0,1,0,1,0,1,1,1,1,0,1,1,1,1,0,1,1,0,0,0,0,0,1,0,1,1,1,0,1,0,1,1,1,1,0,1,1
0,0,1,0,1,1,0,0,1,1,1,0,0,1,1,1,1,0,1,1,0,0,1,0,1,0,1,0,1,1,1,1,0,1,1,1,1,0,1,1
0,0,0,1,0,0,0,0,0,1,1,0,1,0,1,1,0,0,1,1,0,0,1,0,1,1,0,0,1,1,1,0,0,1,1,1,1,0,1,1
0,0,0,0,1,1,0,1,0,1,1,0,0,1,0,0,0,0,0,1,0,0,0,1,0,0,0,0,0,1,1,0,1,0,1,1,0,0,1,1
0,0,0,1,1,1,1,0,1,1,0,1,0,0,1,1,0,1,0,1,0,0,0,0,1,1,0,1,0,1,1,0,0,1,0,0,0,0,0,1
0,0,0,1,0,1,1,0,1,1,0,1,0,0,1,1,0,1,0,1,0,0,0,1,1,1,1,0,1,1,0,1,0,0,1,1,0,1,0,1
0,0,1,0,0,0,1,1,1,1,1,1,0,0,1,1,0,1,0,1,0,0,0,1,0,1,1,0,1,1,0,1,0,0,1,1,0,1,0,1
0,0,0,0,1,0,1,1,1,1,0,1,0,0,1,1,0,1,0,1,0,0,1,0,0,0,1,1,1,1,1,1,0,0,1,1,0,1,0,1
0,0,1,0,0,0,1,1,1,1,1,1,0,0,1,1,0,1,0,1,0,0,0,0,1,0,1,1,1,1,0,1,0,0,1,1,0,1,0,1
0,0,0,1,1,1,1,1,1,1,0,0,0,0,1,1,0,1,0,1,0,0,1,0,0,0,1,1,1,1,1,1,0,0,1,1,0,1,0,1
0,0,0,0,0,1,0,0,1,1,0,0,0,0,1,1,0,1,0,1,0,0,0,1,1,1,1,1,1,1,0,0,0,0,1,1,0,1,0,1
0,0,1,0,1,1,0,0,1,1,0,1,0,0,1,1,0,1,0,1,0,0,0,0,0,1,0,0,1,1,0,0,0,0,1,1,0,1,0,1
0,0,1,1,0,0,0,1,1,1,1,1,0,0,1,1,0,1,0,1,0,0,1,0,1,1,0,0,1,1,0,1,0,0,1,1,0,1,0,1
0,0,0,1,0,0,0,0,1,1,1,1,0,0,1,1,0,1,0,1,0,0,1,1,0,0,0,1,1,1,1,1,0,0,1,1,0,1,0,1
0,0,1,0,1,1,1,0,1,1,0,1,0,0,1,1,0,1,0,1,0,0,0,1,0,0,0,0,1,1,1,1,0,0,1,1,0,1,0,1
0,0,1,0,1,1,1,0,1,1,1,0,0,0,1,1,0,1,0,1,0,0,1,0,1,1,1,0,1,1,0,1,0,0,1,1,0,1,0,1
0,0,1,1,0,1,0,1,1,1,1,0,1,0,1,1,0,1,0,1,0,0,1,0,1,1,1,0,1,1,1,0,0,0,1,1,0,1,0,1
0,0,1,0,1,0,0,1,0,1,0,1,1,1,0,1,0,1,1,1,0,0,1,1,0,1,0,1,1,1,1,0,1,0,1,1,0,1,0,1
0,0,1,1,1,1,0,0,1,1,1,0,0,1,0,1,0,1,1,1,0,0,1,0,1,0,0,1,0,1,0,1,1,1,0,1,0,1,1,1
0,0,1,1,1,0,0,0,0,1,0,1,1,1,1,1,0,0,1,1,0,0,1,1,1,1,0,0,1,1,1,0,0,1,0,1,0,1,1,1
0,0,0,1,1,1,1,0,0,1,0,0,0,1,1,1,0,0,1,1,0,0,1,1,1,0,0,0,0,1,0,1,1,1,1,1,0,0,1,1
0,0,0,0,1,0,1,0,1,1,1,0,0,1,1,1,0,0,1,1,0,0,0,1,1,1,1,0,0,1,0,0,0,1,1,1,0,0,1,1
0,0,0,0,0,0,1,0,1,1,0,0,0,0,1,0,1,0,1,1,0,0,0,0,1,0,1,0,1,1,1,0,0,1,1,1,0,0,1,1
0,0,0,1,0,1,0,1,1,1,1,0,0,0,1,0,1,0,1,1,0,0,0,0,0,0,1,0,1,1,0,0,0,0,1,0,1,0,1,1
0,0,0,0,0,0,0,1,0,1,0,1,0,1,0,1,0,1,1,1,0,0,0,1,0,1,0,1,1,1,1,0,0,0,1,0,1,0,1,1
0,0,0,0,0,1,0,1,0,1,1,1,0,1,0,1,0,1,1,1,0,0,0,0,0,0,0,1,0,1,0,1,0,1,0,1,0,1,1,1
0,0,0,0,0,1,1,1,0,1,1,0,0,1,0,1,0,1,1,1,0,0,0,0,0,1,0,1,0,1,1,1,0,1,0,1,0,1,1,1
0,0,1,0,1,0,0,1,0,1,0,0,0,0,0,1,1,1,0,1,0,0,0,0,0,1,1,1,0,1,1,0,0,1,0,1,0,1,1,1
0,0,1,0,1,0,1,1,0,1,1,1,0,0,0,1,1,1,0,1,0,0,1,0,1,0,0,1,0,1,0,0,0,0,0,1,1,1,0,1
0,0,1,0,1,0,1,1,1,1,0,0,0,0,0,1,1,1,0,1,0,0,1,0,1,0,1,1,0,1,1,1,0,0,0,1,1,1,0,1
0,0,1,0,1,0,0,1,1,1,0,1,0,0,0,1,1,1,0,1,0,0,1,0,1,0,1,1,1,1,0,0,0,0,0,1,1,1,0,1
0,0,1,0,0,1,1,1,1,1,1,0,0,0,0,1,1,1,0,1,0,0,1,0,1,0,0,1,1,1,0,1,0,0,0,1,1,1,0,1
0,0,1,0,0,1,0,0,1,1,1,0,1,0,0,1,1,1,1,1,0,0,1,0,0,1,1,1,1,1,1,0,0,0,0,1,1,1,0,1
0,0,1,1,0,0,1,1,1,1,1,1,1,0,0,1,0,0,1,1,0,0,1,0,0,1,0,0,1,1,1,0,1,0,0,1,1,1,1,1
0,0,0,0,1,0,1,1,1,1,0,0,0,0,0,1,0,0,1,1,0,0,1,1,0,0,1,1,1,1,1,1,1,0,0,1,0,0,1,1
0,0,1,1,0,1,1,1,1,1,1,1,0,0,0,1,0,0,1,1,0,0,0,0,1,0,1,1,1,1,0,0,0,0,0,1,0,0,1,1
0,0,0,0,1,0,1,1,0,1,0,1,0,0,0,1,0,0,1,1,0,0,1,1,0,1,1,1,1,1,1,1,0,0,0,1,0,0,1,1
0,0,1,0,0,1,1,0,1,1,0,1,0,0,0,1,0,0,1,1,0,0,0,0,1,0,1,1,0,1,0,1,0,0,0,1,0,0,1,1
0,0,1,0,1,1,1,0,0,1,0,0,0,0,0,1,0,0,1,1,0,0,1,0,0,1,1,0,1,1,0,1,0,0,0,1,0,0,1,1
0,0,0,0,1,0,0,1,1,1,0,1,0,0,0,1,0,0,1,1,0,0,1,0,1,1,1,0,0,1,0,0,0,0,0,1,0,0,1,1
0,0,0,0,1,0,0,0,0,1,1,1,0,0,0,1,0,0,1,1,0,0,0,0,1,0,0,1,1,1,0,1,0,0,0,1,0,0,1,1
0,0,1,1,0,0,1,1,0,1,1,1,0,0,0,1,0,0,1,1,0,0,0,0,1,0,0,0,0,1,1,1,0,0,0,1,0,0,1,1
0,0,0,1,0,1,0,1,0,1,0,0,0,0,0,1,0,0,1,1,0,0,1,1,0,0,1,1,0,1,1,1,0,0,0,1,0,0,1,1
0,0,0,0,1,1,0,0,1,1,1,0,0,0,0,1,0,0,1,1,0,0,0,1,0,1,0,1,0,1,0,0,0,0,0,1,0,0,1,1
0,0,0,1,0,1,0,0,1,1,1,0,0,0,1,1,0,0,1,1,0,0,0,0,1,1,0,0,1,1,1,0,0,0,0,1,0,0,1,1
0,0,0,1,1,0,1,1,1,1,1,0,0,1,0,1,0,0,1,1,0,0,0,1,0,1,0,0,1,1,1,0,0,0,1,1,0,0,1,1
0,0,0,0,1,0,1,1,0,1,1,1,0,1,1,0,1,1,1,1,0,0,0,1,1,0,1,1,1,1,1,0,0,1,0,1,0,0,1,1
0,0,1,0,0,1,1,1,1,1,0,0,0,1,1,0,1,1,1,1,0,0,0,0,1,0,1,1,0,1,1,1,0,1,1,0,1,1,1,1
0,0,1,0,1,0,0,0,1,1,1,0,0,1,1,0,1,1,1,1,0,0,1,0,0,1,1,1,1,1,0,0,0,1,1,0,1,1,1,1
0,0,1,0,1,1,1,0,1,1,1,0,1,0,1,0,0,0,1,1,0,0,1,0,1,0,0,0,1,1,1,0,0,1,1,0,1,1,1,1
0,0,1,1,0,1,1,1,0,1,0,1,1,0,1,1,1,0,1,1,0,0,1,0,1,1,1,0,1,1,1,0,1,0,1,0,0,0,1,1
0,0,1,1,0,0,1,1,0,1,1,0,0,0,1,1,1,0,1,1,0,0,1,1,0,1,1,1,0,1,0,1,1,0,1,1,1,0,1,1
0,0,1,0,0,0,0,1,1,1,1,0,1,1,0,0,1,1,0,1,0,0,1,1,0,0,1,1,0,1,1,0,0,0,1,1,1,0,1,1
0,0,0,0,0,0,0,1,0,1,0,1,1,0,0,0,0,1,1,1,0,0,1,0,0,0,0,1,1,1,1,0,1,1,0,0,1,1,0,1
0,0,1,0,0,1,1,0,1,1,0,1,0,0,0,0,0,1,1,1,0,0,0,0,0,0,0,1,0,1,0,1,1,0,0,0,0,1,1,1
0,0,0,0,1,0,1,1,1,1,1,1,0,0,0,0,0,1,1,1,0,0,1,0,0,1,1,0,1,1,0,1,0,0,0,0,0,1,1,1
0,0,1,1,1,1,1,0,1,1,0,1,0,0,0,0,0,1,1,1,0,0,0,0,1,0,1,1,1,1,1,1,0,0,0,0,0,1,1,1
0,0,0,1,0,1,1,1,1,1,1,0,0,0,0,0,0,1,1,1,0,0,1,1,1,1,1,0,1,1,0,1,0,0,0,0,0,1,1,1
0,0,0,1,1,0,0,1,0,1,1,1,0,1,0,1,1,1,1,1,0,0,0,1,0,1,1,1,1,1,1,0,0,0,0,0,0,1,1,1
0,0,1,0,1,1,0,1,1,1,1,1,0,1,0,1,1,1,1,1,0,0,0,1,1,0,0,1,0,1,1,1,0,1,0,1,1,1,1,1
0,0,1,0,0,0,0,1,1,1,1,0,0,1,0,1,1,1,1,1,0,0,1,0,1,1,0,1,1,1,1,1,0,1,0,1,1,1,1,1
0,0,0,0,1,0,1,1,1,1,0,0,1,0,0,0,0,1,1,1,0,0,1,0,0,0,0,1,1,1,1,0,0,1,0,1,1,1,1,1
0,0,0,1,1,1,1,1,1,1,1,0,1,0,0,0,0,1,1,1,0,0,0,0,1,0,1,1,1,1,0,0,1,0,0,0,0,1,1,1
0,0,1,0,1,1,1,1,1,1,1,0,0,1,1,1,1,1,1,1,0,0,0,1,1,1,1,1,1,1,1,0,1,0,0,0,0,1,1,1
0,0,0,0,1,0,1,1,1,1,0,0,1,0,1,1,1,1,1,1,0,0,1,0,1,1,1,1,1,1,1,0,0,1,1,1,1,1,1,1
0,0,0,0,1,1,1,0,1,1,1,0,1,0,1,1,1,1,1,1,0,0,0,0,1,0,1,1,1,1,0,0,1,0,1,1,1,1,1,1
0,0,1,1,1,1,1,0,1,1,0,1,0,0,1,1,1,0,1,1,0,0,0,0,1,1,1,0,1,1,1,0,1,0,1,1,1,1,1,1
0,0,1,1,0,0,0,1,1,1,0,1,0,0,1,1,1,0,1,1,0,0,1,1,1,1,1,0,1,1,0,1,0,0,1,1,1,0,1,1
0,0,0,1,0,1,0,0,1,1,0,0,0,0,1,1,1,0,1,1,0,0,1,1,0,0,0,1,1,1,0,1,0,0,1,1,1,0,1,1
0,0,1,0,1,1,0,0,1,1,1,0,0,0,1,1,1,0,1,1,0,0,0,1,0,1,0,0,1,1,0,0,0,0,1,1,1,0,1,1
0,0,1,1,0,0,1,0,1,1,1,0,1,0,1,1,0,0,1,1,0,0,1,0,1,1,0,0,1,1,1,0,0,0,1,1,1,0,1,1
0,0,0,1,1,1,1,1,1,1,0,1,1,1,0,0,1,0,1,1,0,0,1,1,0,0,1,0,1,1,1,0,1,0,1,1,0,0,1,1
0,0,1,0,0,0,0,0,1,1,1,0,0,1,0,0,1,0,1,1,0,0,0,1,1,1,1,1,1,1,0,1,1,1,0,0,1,0,1,1
0,0,1,0,1,1,0,1,0,1,1,0,1,0,0,0,0,0,1,1,0,0,1,0,0,0,0,0,1,1,1,0,0,1,0,0,1,0,1,1
0,0,1,0,1,0,0,1,0,1,1,0,1,0,1,1,0,1,0,1,0,0,1,0,1,1,0,1,0,1,1,0,1,0,0,0,0,0,1,1
0,0,0,0,0,0,1,0,1,1,0,1,1,0,1,0,0,1,0,1,0,0,1,0,1,0,0,1,0,1,1,0,1,0,1,1,0,1,0,1
0,0,0,0,0,0,1,1,1,1,0,1,0,0,1,0,0,1,0,1,0,0,0,0,0,0,1,0,1,1,0,1,1,0,1,0,0,1,0,1
0,0,1,1,1,1,0,0,1,1,0,0,0,0,1,0,0,1,0,1,0,0,0,0,0,0,1,1,1,1,0,1,0,0,1,0,0,1,0,1
0,0,0,0,1,0,1,0,0,1,0,0,0,0,1,0,0,1,0,1,0,0,1,1,1,1,0,0,1,1,0,0,0,0,1,0,0,1,0,1
0,0,0,1,1,1,1,0,0,1,0,0,0,0,1,0,0,1,0,1,0,0,0,0,1,0,1,0,0,1,0,0,0,0,1,0,0,1,0,1
0,0,1,1,0,1,0,0,1,1,0,1,0,0,1,0,0,1,0,1,0,0,0,1,1,1,1,0,0,1,0,0,0,0,1,0,0,1,0,1
0,0,0,0,0,0,0,1,1,1,1,0,0,0,1,0,0,1,0,1,0,0,1,1,0,1,0,0,1,1,0,1,0,0,1,0,0,1,0,1
0,0,1,0,0,0,0,1,0,1,1,0,0,0,0,0,0,1,1,1,0,0,0,0,0,0,0,1,1,1,1,0,0,0,1,0,0,1,0,1
0,0,1,1,0,1,0,1,1,1,1,1,1,0,0,0,0,1,0,1,0,0,1,0,0,0,0,1,0,1,1,0,0,0,0,0,0,1,1,1
0,0,0,0,1,1,1,0,0,1,1,0,0,0,0,0,0,1,0,1,0,0,1,1,0,1,0,1,1,1,1,1,1,0,0,0,0,1,0,1
0,0,0,1,0,0,0,0,1,1,0,0,0,0,1,1,1,0,0,1,0,0,0,0,1,1,1,0,0,1,1,0,0,0,0,0,0,1,0,1
0,0,1,0,1,0,0,0,1,1,1,1,0,0,1,1,1,0,0,1,0,0,0,1,0,0,0,0,1,1,0,0,0,0,1,1,1,0,0,1
0,0,0,0,0,1,1,0,0,1,1,0,0,0,1,1,1,0,0,1,0,0,1,0,1,0,0,0,1,1,1,1,0,0,1,1,1,0,0,1
0,0,1,1,0,1,0,1,1,1,0,1,0,0,0,1,1,0,0,1,0,0,0,0,0,1,1,0,0,1,1,0,0,0,1,1,1,0,0,1
0,0,1,1,0,0,0,0,0,1,1,0,0,0,0,1,1,0,0,1,0,0,1,1,0,1,0,1,1,1,0,1,0,0,0,1,1,0,0,1
0,0,0,0,1,0,1,1,0,1,0,1,1,1,0,0,0,0,0,1,0,0,1,1,0,0,0,0,0,1,1,0,0,0,0,1,1,0,0,1
0,0,0,1,0,0,1,1,1,1,0,0,0,1,0,0,0,0,0,1,0,0,0,0,1,0,1,1,0,1,0,1,1,1,0,0,0,0,0,1
0,0,0,0,1,0,0,0,1,1,0,0,0,1,0,0,0,0,0,1,0,0,0,1,0,0,1,1,1,1,0,0,0,1,0,0,0,0,0,1
0,0,0,0,1,0,1,1,1,1,0,0,0,1,0,0,0,0,0,1,0,0,0,0,1,0,0,0,1,1,0,0,0,1,0,0,0,0,0,1
0,0,1,0,0,0,0,0,0,1,1,1,0,1,0,0,0,0,0,1,0,0,0,0,1,0,1,1,1,1,0,0,0,1,0,0,0,0,0,1
0,0,0,1,1,0,1,1,0,1,1,1,0,1,0,0,0,0,0,1,0,0,1,0,0,0,0,0,0,1,1,1,0,1,0,0,0,0,0,1
0,0,1,0,1,1,1,1,0,1,0,1,0,1,0,0,0,0,0,1,0,0,0,1,1,0,1,1,0,1,1,1,0,1,0,0,0,0,0,1
0,0,0,1,1,1,0,1,1,1,0,1,0,1,0,0,0,0,0,1,0,0,1,0,1,1,1,1,0,1,0,1,0,1,0,0,0,0,0,1
0,0,0,0,1,0,0,0,1,1,1,0,0,1,0,0,0,0,0,1,0,0,0,1,1,1,0,1,1,1,0,1,0,1,0,0,0,0,0,1
0,0,1,0,0,0,1,0,1,1,0,0,0,0,1,0,0,0,1,1,0,0,0,0,1,0,0,0,1,1,1,0,0,1,0,0,0,0,0,1
0,0,0,0,1,1,0,1,0,1,1,1,0,0,1,0,0,0,1,1,0,0,1,0,0,0,1,0,1,1,0,0,0,0,1,0,0,0,1,1
0,0,0,1,1,1,1,1,0,1,1,1,0,0,1,0,0,0,1,1,0,0,0,0,1,1,0,1,0,1,1,1,0,0,1,0,0,0,1,1
0,0,0,0,1,0,1,1,0,1,1,0,0,0,1,0,0,0,1,1,0,0,0,1,1,1,1,1,0,1,1,1,0,0,1,0,0,0,1,1
0,0,1,0,0,1,0,1,0,1,0,1,0,0,1,0,1,1,0,1,0,0,0,0,1,0,1,1,0,1,1,0,0,0,1,0,0,0,1,1
0,0,1,0,1,1,0,1,1,1,0,0,0,0,1,0,1,1,0,1,0,0,1,0,0,1,0,1,0,1,0,1,0,0,1,0,1,1,0,1
0,0,1,1,1,0,1,0,1,1,1,1,0,0,1,0,1,1,0,1,0,0,1,0,1,1,0,1,1,1,0,0,0,0,1,0,1,1,0,1
0,0,0,1,1,0,1,0,0,1,1,0,0,0,1,0,1,1,0,1,0,0,1,1,1,0,1,0,1,1,1,1,0,0,1,0,1,1,0,1
0,0,1,0,1,1,0,1,0,1,0,1,0,1,1,0,1,0,0,1,0,0,0,1,1,0,1,0,0,1,1,0,0,0,1,0,1,1,0,1
0,0,0,1,0,0,0,1,0,1,0,1,0,1,1,0,1,0,0,1,0,0,1,0,1,1,0,1,0,1,0,1,0,1,1,0,1,0,0,1
0,0,1,0,1,1,1,1,0,1,1,1,0,1,1,0,1,0,0,1,0,0,0,1,0,0,0,1,0,1,0,1,0,1,1,0,1,0,0,1
0,0,0,0,1,1,0,1,1,1,0,1,0,1,1,0,1,0,0,1,0,0,1,0,1,1,1,1,0,1,1,1,0,1,1,0,1,0,0,1
0,0,0,1,0,0,0,0,0,1,0,0,0,1,1,0,1,0,0,1,0,0,0,0,1,1,0,1,1,1,0,1,0,1,1,0,1,0,0,1
0,0,1,1,1,1,1,0,1,1,1,0,0,1,1,0,1,0,0,1,0,0,0,1,0,0,0,0,0,1,0,0,0,1,1,0,1,0,0,1
0,0,0,0,0,0,0,0,1,1,1,0,1,1,1,1,1,0,1,1,0,0,1,1,1,1,1,0,1,1,1,0,0,1,1,0,1,0,0,1
0,0,1,1,1,1,0,0,1,1,0,1,0,0,0,0,0,0,1,1,0,0,0,0,0,0,0,0,1,1,1,0,1,1,1,1,1,0,1,1
0,0,0,0,0,1,0,0,0,1,0,1,0,0,0,0,0,0,1,1,0,0,1,1,1,1,0,0,1,1,0,1,0,0,0,0,0,0,1,1
0,0,0,0,0,1,1,0,0,1,1,1,0,0,0,0,0,0,1,1,0,0,0,0,0,1,0,0,0,1,0,1,0,0,0,0,0,0,1,1
0,0,1,0,1,1,1,1,1,1,1,1,0,0,0,0,0,0,1,1,0,0,0,0,0,1,1,0,0,1,1,1,0,0,0,0,0,0,1,1
0,0,1,0,0,0,1,1,1,1,0,1,0,0,0,0,0,0,1,1,0,0,1,0,1,1,1,1,1,1,1,1,0,0,0,0,0,0,1,1
0,0,0,1,0,1,1,1,1,1,1,1,0,0,0,0,0,0,1,1,0,0,1,0,0,0,1,1,1,1,0,1,0,0,0,0,0,0,1,1
0,0,1,0,1,0,0,0,1,1,1,1,0,0,0,0,0,0,1,1,0,0,0,1,0,1,1,1,1,1,1,1,0,0,0,0,0,0,1,1
0,0,0,1,0,1,0,0,1,1,1,1,0,0,0,0,0,0,1,1,0,0,1,0,1,0,0,0,1,1,1,1,0,0,0,0,0,0,1,1
0,0,1,0,1,1,1,0,1,1,1,1,0,0,0,0,0,0,1,1,0,0,0,1,0,1,0,0,1,1,1,1,0,0,0,0,0,0,1,1
0,0,0,1,0,0,1,0,1,1,0,1,0,0,0,0,0,0,1,1,0,0,1,0,1,1,1,0,1,1,1,1,0,0,0,0,0,0,1,1
0,0,0,1,1,0,0,1,1,1,1,1,0,0,0,0,0,0,1,1,0,0,0,1,0,0,1,0,1,1,0,1,0,0,0,0,0,0,1,1
0,0,0,1,0,0,1,1,1,1,1,0,0,0,0,0,0,0,1,1,0,0,0,1,1,0,0,1,1,1,1,1,0,0,0,0,0,0,1,1
0,0,1,1,1,0,1,1,1,1,0,0,0,1,0,0,1,1,1,1,0,0,0,1,0,0,1,1,1,1,1,0,0,0,0,0,0,0,1,1
0,0,0,1,1,1,1,1,1,1,0,1,0,1,0,0,1,1,1,1,0,0,1,1,1,0,1,1,1,1,0,0,0,1,0,0,1,1,1,1
0,0,0,0,1,1,1,1,1,1,1,1,0,1,0,0,1,1,1,1,0,0,0,1,1,1,1,1,1,1,0,1,0,1,0,0,1,1,1,1
0,0,0,1,1,0,0,1,1,1,0,1,0,1,0,0,1,1,1,1,0,0,0,0,1,1,1,1,1,1,1,1,0,1,0,0,1,1,1,1
0,0,1,1,0,1,1,1,1,1,1,1,0,1,0,0,1,1,1,1,0,0,0,1,1,0,0,1,1,1,0,1,0,1,0,0,1,1,1,1
0,0,1,1,0,1,0,0,1,1,1,0,0,1,0,0,1,1,1,1,0,0,1,1,0,1,1,1,1,1,1,1,0,1,0,0,1,1,1,1
0,0,1,1,0,0,0,1,1,1,1,0,1,1,0,1,0,0,1,1,0,0,1,1,0,1,0,0,1,1,1,0,0,1,0,0,1,1,1,1
0,0,1,1,0,1,1,0,1,1,0,1,1,1,0,0,0,1,1,1,0,0,1,1,0,0,0,1,1,1,1,0,1,1,0,1,0,0,1,1
0,0,1,1,1,0,1,0,0,1,0,1,0,1,0,0,0,1,1,1,0,0,1,1,0,1,1,0,1,1,0,1,1,1,0,0,0,1,1,1
0,0,1,0,1,0,0,1,0,1,0,0,0,1,0,0,0,1,1,1,0,0,1,1,1,0,1,0,0,1,0,1,0,1,0,0,0,1,1,1
0,0,0,0,1,0,0,1,0,1,0,0,0,1,0,0,0,1,1,1,0,0,1,0,1,0,0,1,0,1,0,0,0,1,0,0,0,1,1,1
0,0,1,1,0,0,0,1,1,1,0,1,0,1,0,0,0,1,1,1,0,0,0,0,1,0,0,1,0,1,0,0,0,1,0,0,0,1,1,1
0,0,0,0,1,0,1,1,1,1,1,0,0,1,0,0,0,1,1,1,0,0,1,1,0,0,0,1,1,1,0,1,0,1,0,0,0,1,1,1
0,0,0,1,1,1,0,0,1,1,1,0,0,0,1,0,1,1,1,1,0,0,0,0,1,0,1,1,1,1,1,0,0,1,0,0,0,1,1,1
0,0,0,0,1,0,0,1,0,1,0,1,0,1,1,1,0,0,1,1,0,0,0,1,1,1,0,0,1,1,1,0,0,0,1,0,1,1,1,1
0,0,0,1,1,0,0,1,0,1,0,1,0,1,1,1,0,0,1,1,0,0,0,0,1,0,0,1,0,1,0,1,0,1,1,1,0,0,1,1
0,0,1,0,0,0,0,1,0,1,0,0,0,1,1,1,0,0,1,1,0,0,0,1,1,0,0,1,0,1,0,1,0,1,1,1,0,0,1,1
0,0,1,1,0,1,0,0,1,1,0,1,0,1,1,1,0,0,1,1,0,0,1,0,0,0,0,1,0,1,0,0,0,1,1,1,0,0,1,1
0,0,0,1,1,1,1,0,1,1,1,1,0,1,1,1,0,0,1,1,0,0,1,1,0,1,0,0,1,1,0,1,0,1,1,1,0,0,1,1
0,0,1,0,1,0,0,1,1,1,0,1,0,1,1,1,0,0,1,1,0,0,0,1,1,1,1,0,1,1,1,1,0,1,1,1,0,0,1,1
0,0,0,0,0,1,0,0,1,1,0,1,0,1,1,1,0,0,1,1,0,0,1,0,1,0,0,1,1,1,0,1,0,1,1,1,0,0,1,1
0,0,0,0,1,1,1,1,1,1,0,1,0,1,1,1,0,0,1,1,0,0,0,0,0,1,0,0,1,1,0,1,0,1,1,1,0,0,1,1
0,0,1,0,0,1,1,1,1,1,1,1,0,1,1,1,0,0,1,1,0,0,0,0,1,1,1,1,1,1,0,1,0,1,1,1,0,0,1,1
0,0,1,1,1,1,0,1,1,1,1,1,0,1,1,1,0,0,1,1,0,0,1,0,0,1,1,1,1,1,1,1,0,1,1,1,0,0,1,1
0,0,0,0,0,0,1,1,1,1,0,1,0,1,1,1,0,0,1,1,0,0,1,1,1,1,0,1,1,1,1,1,0,1,1,1,0,0,1,1
0,0,1,1,1,0,1,1,1,1,1,0,0,1,1,1,0,0,1,1,0,0,0,0,0,0,1,1,1,1,0,1,0,1,1,1,0,0,1,1
0,0,1,1,1,0,0,1,1,1,0,1,1,1,1,0,1,0,1,1,0,0,1,1,1,0,1,1,1,1,1,0,0,1,1,1,0,0,1,1
0,0,1,1,1,1,0,1,0,1,1,0,0,1,1,0,1,0,1,1,0,0,1,1,1,0,0,1,1,1,0,1,1,1,1,0,1,0,1,1
0,0,0,0,1,0,1,0,1,1,0,1,1,1,1,1,0,1,0,1,0,0,1,1,1,1,0,1,0,1,1,0,0,1,1,0,1,0,1,1
0,0,1,0,1,0,0,0,1,1,0,0,0,1,1,1,0,1,0,1,0,0,0,0,1,0,1,0,1,1,0,1,1,1,1,1,0,1,0,1
0,0,0,0,0,1,0,0,1,1,1,1,0,1,1,1,0,1,0,1,0,0,1,0,1,0,0,0,1,1,0,0,0,1,1,1,0,1,0,1
0,0,0,1,1,1,1,1,1,1,1,0,0,1,1,1,0,1,0,1,0,0,0,0,0,1,0,0,1,1,1,1,0,1,1,1,0,1,0,1
0,0,0,1,0,0,0,1,1,1,1,1,0,1,1,1,1,1,0,1,0,0,0,1,1,1,1,1,1,1,1,0,0,1,1,1,0,1,0,1
0,0,0,0,0,1,0,0,1,1,0,1,0,1,1,1,1,1,0,1,0,0,0,1,0,0,0,1,1,1,1,1,0,1,1,1,1,1,0,1
0,0,0,0,0,0,0,1,0,1,1,0,0,1,1,1,1,1,0,1,0,0,0,0,0,1,0,0,1,1,0,1,0,1,1,1,1,1,0,1
0,0,1,0,0,1,1,0,1,1,1,1,0,0,0,0,0,1,0,1,0,0,0,0,0,0,0,1,0,1,1,0,0,1,1,1,1,1,0,1
0,0,0,1,1,0,1,0,0,1,1,1,0,0,0,0,0,1,0,1,0,0,1,0,0,1,1,0,1,1,1,1,0,0,0,0,0,1,0,1
0,0,0,0,1,1,0,0,1,1,1,0,0,0,0,0,0,1,0,1,0,0,0,1,1,0,1,0,0,1,1,1,0,0,0,0,0,1,0,1
0,0,0,0,1,1,0,1,1,1,1,0,0,0,1,1,0,0,1,1,0,0,0,0,1,1,0,0,1,1,1,0,0,0,0,0,0,1,0,1
0,0,0,1,1,1,0,1,0,1,1,1,0,0,1,1,0,1,1,1,0,0,0,0,1,1,0,1,1,1,1,0,0,0,1,1,0,0,1,1
0,0,1,0,1,1,0,0,0,1,0,0,0,0,1,1,0,1,1,1,0,0,0,1,1,1,0,1,0,1,1,1,0,0,1,1,0,1,1,1
0,0,1,1,0,1,0,0,1,1,0,1,0,0,1,1,0,1,1,1,0,0,1,0,1,1,0,0,0,1,0,0,0,0,1,1,0,1,1,1
0,0,1,0,1,1,1,1,1,1,0,1,0,0,1,1,0,1,1,1,0,0,1,1,0,1,0,0,1,1,0,1,0,0,1,1,0,1,1,1
0,0,1,1,1,1,1,0,1,1,0,1,0,0,1,1,0,1,1,1,0,0,1,0,1,1,1,1,1,1,0,1,0,0,1,1,0,1,1,1
0,0,0,1,1,1,0,1,1,1,1,0,0,0,1,1,0,1,1,1,0,0,1,1,1,1,1,0,1,1,0,1,0,0,1,1,0,1,1,1
0,0,0,1,1,0,1,1,1,1,1,1,0,1,1,1,0,1,1,1,0,0,0,1,1,1,0,1,1,1,1,0,0,0,1,1,0,1,1,1
0,0,1,1,0,0,1,1,1,1,1,0,0,1,1,1,0,1,1,1,0,0,0,1,1,0,1,1,1,1,1,1,0,1,1,1,0,1,1,1
0,0,1,0,0,1,0,0,1,1,1,1,1,1,0,0,1,1,1,1,0,0,1,1,0,0,1,1,1,1,1,0,0,1,1,1,0,1,1,1
0,0,0,0,0,0,1,0,1,1,0,0,0,1,0,0,1,1,1,1,0,0,1,0,0,1,0,0,1,1,1,1,1,1,0,0,1,1,1,1
0,0,1,1,1,0,1,1,1,1,1,1,0,1,0,0,1,1,1,1,0,0,0,0,0,0,1,0,1,1,0,0,0,1,0,0,1,1,1,1
0,0,0,1,0,1,1,1,1,1,1,1,0,1,0,0,1,1,1,1,0,0,1,1,1,0,1,1,1,1,1,1,0,1,0,0,1,1,1,1
0,0,0,1,0,0,1,1,1,1,0,0,0,1,0,0,1,1,1,1,0,0,0,1,0,1,1,1,1,1,1,1,0,1,0,0,1,1,1,1
0,0,0,1,0,1,0,0,1,1,1,0,0,1,0,0,1,1,1,1,0,0,0,1,0,0,1,1,1,1,0,0,0,1,0,0,1,1,1,1
0,0,0,0,0,0,1,0,1,1,1,0,0,1,0,1,0,0,1,1,0,0,0,1,0,1,0,0,1,1,1,0,0,1,0,0,1,1,1,1
0,0,0,0,0,1,1,0,1,1,1,1,0,0,0,0,1,0,1,1,0,0,0,0,0,0,1,0,1,1,1,0,0,1,0,1,0,0,1,1
0,0,1,1,0,1,1,0,1,1,1,0,0,0,0,0,1,0,1,1,0,0,0,0,0,1,1,0,1,1,1,1,0,0,0,0,1,0,1,1
0,0,0,1,1,1,0,0,1,1,0,1,1,1,0,1,1,0,1,1,0,0,1,1,0,1,1,0,1,1,1,0,0,0,0,0,1,0,1,1
0,0,0,1,0,0,0,1,1,1,0,0,0,1,0,1,1,0,1,1,0,0,0,1,1,1,0,0,1,1,0,1,1,1,0,1,1,0,1,1
0,0,1,1,0,0,0,0,1,1,0,0,0,1,0,1,1,0,1,1,0,0,0,1,0,0,0,1,1,1,0,0,0,1,0,1,1,0,1,1
0,0,0,1,0,1,0,1,1,1,0,1,0,1,0,1,1,0,1,1,0,0,1,1,0,0,0,0,1,1,0,0,0,1,0,1,1,0,1,1
0,0,0,0,1,0,0,0,0,1,0,1,0,1,0,1,1,0,1,1,0,0,0,1,0,1,0,1,1,1,0,1,0,1,0,1,1,0,1,1
0,0,1,0,0,1,1,0,0,1,0,1,0,1,0,1,1,0,1,1,0,0,0,0,1,0,0,0,0,1,0,1,0,1,0,1,1,0,1,1
0,0,1,0,0,0,0,1,0,1,0,0,0,1,0,1,1,0,1,1,0,0,1,0,0,1,1,0,0,1,0,1,0,1,0,1,1,0,1,1
0,0,0,0,1,0,0,1,1,1,0,0,0,1,0,1,1,0,1,1,0,0,1,0,0,0,0,1,0,1,0,0,0,1,0,1,1,0,1,1
0,0,0,0,1,1,1,1,1,1,1,0,0,1,0,1,1,0,1,1,0,0,0,0,1,0,0,1,1,1,0,0,0,1,0,1,1,0,1,1
0,0,0,0,1,1,1,0,1,1,0,0,0,0,1,1,1,1,1,1,0,0,0,0,1,1,1,1,1,1,1,0,0,1,0,1,1,0,1,1
0,0,0,0,0,0,0,1,1,1,1,1,0,0,1,1,1,1,1,1,0,0,0,0,1,1,1,0,1,1,0,0,0,0,1,1,1,1,1,1
0,0,0,1,1,0,1,1,1,1,1,1,0,0,1,1,1,1,1,1,0,0,0,0,0,0,0,1,1,1,1,1,0,0,1,1,1,1,1,1
0,0,0,0,1,1,0,1,1,1,0,0,0,0,1,1,1,1,1,1,0,0,0,1,1,0,1,1,1,1,1,1,0,0,1,1,1,1,1,1
0,0,0,1,0,1,0,1,1,1,0,0,0,0,1,1,1,1,1,1,0,0,0,0,1,1,0,1,1,1,0,0,0,0,1,1,1,1,1,1
0,0,0,1,1,1,1,1,1,1,1,1,0,0,1,1,1,1,1,1,0,0,0,1,0,1,0,1,1,1,0,0,0,0,1,1,1,1,1,1
0,0,1,1,1,0,1,0,0,1,0,1,0,0,1,1,1,1,1,1,0,0,0,1,1,1,1,1,1,1,1,1,0,0,1,1,1,1,1,1
0,0,0,0,1,1,1,0,0,1,1,1,0,0,1,1,1,1,1,1,0,0,1,1,1,0,1,0,0,1,0,1,0,0,1,1,1,1,1,1
0,0,0,1,0,1,1,0,0,1,0,0,0,0,1,1,1,1,1,1,0,0,0,0,1,1,1,0,0,1,1,1,0,0,1,1,1,1,1,1
0,0,1,0,1,0,0,0,1,1,1,0,0,0,1,1,1,1,1,1,0,0,0,1,0,1,1,0,0,1,0,0,0,0,1,1,1,1,1,1
0,0,1,0,1,1,0,1,1,1,0,1,1,0,1,0,0,0,1,1,0,0,1,0,1,0,0,0,1,1,1,0,0,0,1,1,1,1,1,1
0,0,1,1,0,1,0,1,0,1,1,1,0,0,1,0,0,0,1,1,0,0,1,0,1,1,0,1,1,1,0,1,1,0,1,0,0,0,1,1
0,0,0,0,0,0,0,0,0,1,0,1,0,0,1,0,0,0,1,1,0,0,1,1,0,1,0,1,0,1,1,1,0,0,1,0,0,0,1,1
0,0,1,1,0,0,0,0,0,1,1,1,0,0,1,0,0,0,1,1,0,0,0,0,0,0,0,0,0,1,0,1,0,0,1,0,0,0,1,1
0,0,1,1,0,1,1,1,1,1,0,0,0,0,1,0,0,0,1,1,0,0,1,1,0,0,0,0,0,1,1,1,0,0,1,0,0,0,1,1
0,0,1,0,0,0,1,0,1,1,1,0,0,0,1,0,0,0,1,1,0,0,1,1,0,1,1,1,1,1,0,0,0,0,1,0,0,0,1,1
0,0,0,0,1,1,1,0,0,1,1,0,1,0,0,0,1,0,1,1,0,0,1,0,0,0,1,0,1,1,1,0,0,0,1,0,0,0,1,1
0,0,0,0,0,0,0,1,1,1,1,1,0,0,1,1,1,0,0,1,0,0,0,0,1,1,1,0,0,1,1,0,1,0,0,0,1,0,1,1
0,0,0,0,0,0,0,1,1,1,0,1,0,0,1,1,1,0,0,1,0,0,0,0,0,0,0,1,1,1,1,1,0,0,1,1,1,0,0,1
0,0,1,0,0,1,0,0,1,1,1,0,0,0,1,1,1,0,0,1,0,0,0,0,0,0,0,1,1,1,0,1,0,0,1,1,1,0,0,1
0,0,1,0,1,0,0,1,1,1,1,0,1,0,0,1,0,0,1,1,0,0,1,0,0,1,0,0,1,1,1,0,0,0,1,1,1,0,0,1
0,0,1,1,1,0,0,1,1,1,1,1,1,0,1,0,0,1,1,1,0,0,1,0,1,0,0,1,1,1,1,0,1,0,0,1,0,0,1,1
0,0,1,1,1,1,1,0,0,1,1,1,0,0,1,0,0,1,1,1,0,0,1,1,1,0,0,1,1,1,1,1,1,0,1,0,0,1,1,1
0,0,1,1,1,1,0,0,0,1,0,1,0,0,1,0,0,1,1,1,0,0,1,1,1,1,1,0,0,1,1,1,0,0,1,0,0,1,1,1
0,0,1,1,1,0,0,1,0,1,1,1,0,0,1,0,0,1,1,1,0,0,1,1,1,1,0,0,0,1,0,1,0,0,1,0,0,1,1,1
0,0,1,0,0,0,0,0,1,1,0,1,0,0,1,0,0,1,1,1,0,0,1,1,1,0,0,1,0,1,1,1,0,0,1,0,0,1,1,1
0,0,0,1,0,1,0,0,0,1,1,1,0,0,1,0,0,1,1,1,0,0,1,0,0,0,0,0,1,1,0,1,0,0,1,0,0,1,1,1
0,0,1,1,1,1,0,0,0,1,0,1,0,0,1,0,0,1,1,1,0,0,0,1,0,1,0,0,0,1,1,1,0,0,1,0,0,1,1,1
0,0,1,1,1,0,1,1,0,1,0,1,0,0,1,0,0,1,1,1,0,0,1,1,1,1,0,0,0,1,0,1,0,0,1,0,0,1,1,1
0,0,0,1,0,0,0,1,0,1,0,1,0,0,1,0,0,1,1,1,0,0,1,1,1,0,1,1,0,1,0,1,0,0,1,0,0,1,1,1
0,0,1,1,1,0,0,0,1,1,1,0,0,0,1,0,0,1,1,1,0,0,0,1,0,0,0,1,0,1,0,1,0,0,1,0,0,1,1,1
0,0,0,1,1,0,1,1,0,1,0,0,1,1,1,0,0,0,1,1,0,0,1,1,1,0,0,0,1,1,1,0,0,0,1,0,0,1,1,1
0,0,0,1,1,1,1,0,0,1,0,0,1,1,1,0,0,0,1,1,0,0,0,1,1,0,1,1,0,1,0,0,1,1,1,0,0,0,1,1
0,0,1,1,0,1,0,0,0,1,0,0,1,1,1,0,0,0,1,1,0,0,0,1,1,1,1,0,0,1,0,0,1,1,1,0,0,0,1,1
0,0,1,0,0,0,0,0,1,1,1,0,1,1,1,0,0,0,1,1,0,0,1,1,0,1,0,0,0,1,0,0,1,1,1,0,0,0,1,1
0,0,1,1,1,1,0,0,0,1,0,0,1,0,0,0,0,0,1,1,0,0,1,0,0,0,0,0,1,1,1,0,1,1,1,0,0,0,1,1
0,0,1,1,0,0,1,0,1,1,1,1,1,0,0,0,0,0,1,1,0,0,1,1,1,1,0,0,0,1,0,0,1,0,0,0,0,0,1,1
0,0,0,1,1,0,0,0,1,1,0,0,0,0,0,0,0,0,1,1,0,0,1,1,0,0,1,0,1,1,1,1,1,0,0,0,0,0,1,1
0,0,1,1,1,1,0,0,1,1,1,1,0,0,0,0,0,0,1,1,0,0,0,1,1,0,0,0,1,1,0,0,0,0,0,0,0,0,1,1
0,0,0,1,1,0,0,0,0,1,0,0,0,0,0,0,0,0,1,1,0,0,1,1,1,1,0,0,1,1,1,1,0,0,0,0,0,0,1,1
0,0,1,1,0,1,0,1,1,1,1,0,0,0,0,0,0,0,1,1,0,0,0,1,1,0,0,0,0,1,0,0,0,0,0,0,0,0,1,1
0,0,1,0,0,0,0,0,1,1,0,1,1,1,0,1,0,1,1,1,0,0,1,1,0,1,0,1,1,1,1,0,0,0,0,0,0,0,1,1
0,0,1,0,0,1,0,0,0,1,0,1,0,1,0,1,0,1,1,1,0,0,1,0,0,0,0,0,1,1,0,1,1,1,0,1,0,1,1,1
0,0,1,1,0,1,0,0,0,1,0,1,0,1,0,1,0,1,1,1,0,0,1,0,0,1,0,0,0,1,0,1,0,1,0,1,0,1,1,1
0,0,0,0,0,0,0,1,1,1,0,0,0,1,0,1,0,1,1,1,0,0,1,1,0,1,0,0,0,1,0,1,0,1,0,1,0,1,1,1
0,0,0,0,0,0,0,0,1,1,0,1,0,1,0,1,0,1,1,1,0,0,0,0,0,0,0,1,1,1,0,0,0,1,0,1,0,1,1,1
0,0,0,0,1,1,0,1,1,1,0,0,0,1,0,1,0,1,1,1,0,0,0,0,0,0,0,0,1,1,0,1,0,1,0,1,0,1,1,1
0,0,0,0,0,0,1,1,1,1,0,0,0,1,0,1,0,1,1,1,0,0,0,0,1,1,0,1,1,1,0,0,0,1,0,1,0,1,1,1
0,0,1,0,0,1,0,1,1,1,1,1,0,1,0,1,0,1,1,1,0,0,0,0,0,0,1,1,1,1,0,0,0,1,0,1,0,1,1,1
0,0,1,0,0,0,1,1,1,1,0,1,0,1,0,1,0,1,1,1,0,0,1,0,0,1,0,1,1,1,1,1,0,1,0,1,0,1,1,1
0,0,1,0,0,0,0,0,1,1,0,0,0,1,0,1,0,1,1,1,0,0,1,0,0,0,1,1,1,1,0,1,0,1,0,1,0,1,1,1
0,0,0,1,0,0,1,1,1,1,0,0,0,1,0,1,0,1,1,1,0,0,1,0,0,0,0,0,1,1,0,0,0,1,0,1,0,1,1,1
0,0,1,1,0,0,1,1,0,1,0,0,0,1,0,1,0,1,1,1,0,0,0,1,0,0,1,1,1,1,0,0,0,1,0,1,0,1,1,1
0,0,0,1,0,0,1,0,1,1,0,0,0,1,0,1,0,1,1,1,0,0,1,1,0,0,1,1,0,1,0,0,0,1,0,1,0,1,1,1
0,0,1,1,1,1,0,0,1,1,1,1,0,1,0,1,0,1,1,1,0,0,0,1,0,0,1,0,1,1,0,0,0,1,0,1,0,1,1,1
0,0,1,1,1,1,0,0,1,1,1,1,0,1,0,1,0,1,1,1,0,0,1,1,1,1,0,0,1,1,1,1,0,1,0,1,0,1,1,1
0,0,1,1,0,1,1,1,1,1,1,1,0,1,0,1,0,1,1,1,0,0,1,1,1,1,0,0,1,1,1,1,0,1,0,1,0,1,1,1
0,0,0,1,0,0,0,0,1,1,0,1,0,1,0,1,0,1,1,1,0,0,1,1,0,1,1,1,1,1,1,1,0,1,0,1,0,1,1,1
0,0,1,1,1,0,1,1,1,1,0,1,0,1,0,1,0,1,1,1,0,0,0,1,0,0,0,0,1,1,0,1,0,1,0,1,0,1,1,1
0,0,0,0,0,0,1,0,1,1,1,0,0,1,0,1,0,1,1,1,0,0,1,1,1,0,1,1,1,1,0,1,0,1,0,1,0,1,1,1
0,0,0,0,1,1,1,0,1,1,1,0,0,0,0,0,1,0,1,1,0,0,0,0,0,0,1,0,1,1,1,0,0,1,0,1,0,1,1,1
0,0,0,0,1,0,1,1,1,1,1,0,0,0,1,1,1,0,1,1,0,0,0,0,1,1,1,0,1,1,1,0,0,0,0,0,1,0,1,1
0,0,0,0,0,0,0,1,0,1,0,0,0,0,1,0,1,1,1,1,0,0,0,0,1,0,1,1,1,1,1,0,0,0,1,1,1,0,1,1
0,0,1,1,0,1,1,1,0,1,1,1,0,0,1,0,1,1,1,1,0,0,0,0,0,0,0,1,0,1,0,0,0,0,1,0,1,1,1,1
0,0,1,1,1,0,0,0,0,1,0,0,0,0,1,0,1,1,1,1,0,0,1,1,0,1,1,1,0,1,1,1,0,0,1,0,1,1,1,1
0,0,1,0,0,0,0,1,1,1,0,1,0,0,1,0,1,1,1,1,0,0,1,1,1,0,0,0,0,1,0,0,0,0,1,0,1,1,1,1
0,0,1,0,0,1,1,0,0,1,1,0,0,0,1,0,1,1,1,1,0,0,1,0,0,0,0,1,1,1,0,1,0,0,1,0,1,1,1,1
0,0,0,0,0,1,0,0,0,1,0,0,1,0,0,1,1,0,0,1,0,0,1,0,0,1,1,0,0,1,1,0,0,0,1,0,1,1,1,1
0,0,1,1,0,1,0,0,1,1,0,0,1,0,0,1,1,0,0,1,0,0,0,0,0,1,0,0,0,1,0,0,1,0,0,1,1,0,0,1
0,0,1,1,0,1,0,1,1,1,1,1,1,0,0,1,1,0,0,1,0,0,1,1,0,1,0,0,1,1,0,0,1,0,0,1,1,0,0,1
0,0,0,1,1,0,0,1,1,1,1,0,0,0,0,1,1,0,0,1,0,0,1,1,0,1,0,1,1,1,1,1,1,0,0,1,1,0,0,1
0,0,1,0,0,0,0,0,1,1,1,1,0,1,1,0,0,1,1,1,0,0,0,1,1,0,0,1,1,1,1,0,0,0,0,1,1,0,0,1
0,0,0,1,1,1,0,0,0,1,0,0,0,1,1,0,0,1,1,1,0,0,1,0,0,0,0,0,1,1,1,1,0,1,1,0,0,1,1,1
0,0,0,1,1,1,0,0,1,1,0,0,0,1,1,0,0,1,1,1,0,0,0,1,1,1,0,0,0,1,0,0,0,1,1,0,0,1,1,1
0,0,0,1,1,0,0,0,0,1,1,1,0,1,1,0,0,1,1,1,0,0,0,1,1,1,0,0,1,1,0,0,0,1,1,0,0,1,1,1
0,0,0,1,1,0,0,0,0,1,1,0,0,1,1,0,0,1,1,1,0,0,0,1,1,0,0,0,0,1,1,1,0,1,1,0,0,1,1,1
0,0,0,0,0,0,0,1,0,1,1,0,0,1,1,0,0,1,1,1,0,0,0,1,1,0,0,0,0,1,1,0,0,1,1,0,0,1,1,1
0,0,0,1,1,1,0,0,0,1,0,0,0,0,0,0,0,1,1,1,0,0,0,0,0,0,0,1,0,1,1,0,0,1,1,0,0,1,1,1
0,0,1,1,0,0,0,0,1,1,0,0,0,0,0,0,0,1,1,1,0,0,0,1,1,1,0,0,0,1,0,0,0,0,0,0,0,1,1,1
0,0,1,1,0,0,1,1,1,1,1,1,0,0,0,0,0,1,1,1,0,0,1,1,0,0,0,0,1,1,0,0,0,0,0,0,0,1,1,1
0,0,0,0,1,0,0,1,0,1,0,1,0,0,0,0,0,1,1,1,0,0,1,1,0,0,1,1,1,1,1,1,0,0,0,0,0,1,1,1
0,0,0,1,0,1,0,0,0,1,0,0,0,0,0,0,0,1,1,1,0,0,0,0,1,0,0,1,0,1,0,1,0,0,0,0,0,1,1,1
0,0,1,0,1,1,1,1,1,1,1,0,0,0,0,0,0,1,1,1,0,0,0,1,0,1,0,0,0,1,0,0,0,0,0,0,0,1,1,1
0,0,1,1,0,1,0,1,1,1,0,0,1,0,1,1,1,1,1,1,0,0,1,0,1,1,1,1,1,1,1,0,0,0,0,0,0,1,1,1
0,0,0,0,1,1,0,0,1,1,1,0,1,0,1,1,1,1,1,1,0,0,1,1,0,1,0,1,1,1,0,0,1,0,1,1,1,1,1,1
0,0,0,1,0,1,1,0,1,1,1,1,0,0,1,1,0,0,1,1,0,0,0,0,1,1,0,0,1,1,1,0,1,0,1,1,1,1,1,1
0,0,1,1,1,0,1,0,1,1,1,0,0,0,1,1,0,0,1,1,0,0,0,1,0,1,1,0,1,1,1,1,0,0,1,1,0,0,1,1
0,0,1,0,0,0,0,1,1,1,0,0,1,1,1,0,1,0,1,1,0,0,1,1,1,0,1,0,1,1,1,0,0,0,1,1,0,0,1,1
0,0,0,1,0,1,0,0,0,1,0,1,1,1,1,0,1,0,1,1,0,0,1,0,0,0,0,1,1,1,0,0,1,1,1,0,1,0,1,1
0,0,0,0,0,0,0,1,0,1,0,1,0,1,1,0,1,0,1,1,0,0,0,1,0,1,0,0,0,1,0,1,1,1,1,0,1,0,1,1
0,0,0,0,0,0,1,1,1,1,1,0,0,1,1,0,1,0,1,1,0,0,0,0,0,0,0,1,0,1,0,1,0,1,1,0,1,0,1,1
0,0,0,1,0,1,1,0,1,1,0,0,0,0,0,0,1,1,1,1,0,0,0,0,0,0,1,1,1,1,1,0,0,1,1,0,1,0,1,1
0,0,1,1,1,1,1,0,1,1,0,1,0,0,0,0,1,1,1,1,0,0,0,1,0,1,1,0,1,1,0,0,0,0,0,0,1,1,1,1
0,0,0,1,1,0,1,1,1,1,0,0,0,0,0,0,1,1,1,1,0,0,1,1,1,1,1,0,1,1,0,1,0,0,0,0,1,1,1,1
0,0,1,1,1,0,1,1,1,1,1,1,0,0,0,0,1,1,1,1,0,0,0,1,1,0,1,1,1,1,0,0,0,0,0,0,1,1,1,1
0,0,1,0,1,1,0,1,1,1,1,1,0,0,0,0,1,1,1,1,0,0,1,1,1,0,1,1,1,1,1,1,0,0,0,0,1,1,1,1
0,0,0,1,0,1,0,1,0,1,1,0,0,0,0,0,1,1,1,1,0,0,1,0,1,1,0,1,1,1,1,1,0,0,0,0,1,1,1,1
0,0,1,0,0,1,1,1,0,1,1,0,0,1,0,1,0,1,0,1,0,0,0,1,0,1,0,1,0,1,1,0,0,0,0,0,1,1,1,1
0,0,1,1,0,0,1,1,0,1,1,1,1,0,0,1,1,1,0,1,0,0,1,0,0,1,1,1,0,1,1,0,0,1,0,1,0,1,0,1
0,0,1,1,1,0,1,1,0,1,0,1,0,0,0,1,1,1,0,1,0,0,1,1,0,0,1,1,0,1,1,1,1,0,0,1,1,1,0,1
0,0,0,0,0,0,1,1,0,1,1,1,0,0,0,1,1,1,0,1,0,0,1,1,1,0,1,1,0,1,0,1,0,0,0,1,1,1,0,1
0,0,0,0,1,1,1,1,0,1,1,0,0,0,0,1,1,1,0,1,0,0,0,0,0,0,1,1,0,1,1,1,0,0,0,1,1,1,0,1
0,0,1,0,1,0,0,0,1,1,0,1,0,0,1,1,1,1,0,1,0,0,0,0,1,1,1,1,0,1,1,0,0,0,0,1,1,1,0,1
0,0,0,1,1,1,1,1,1,1,1,0,0,0,1,1,1,1,0,1,0,0,1,0,1,0,0,0,1,1,0,1,0,0,1,1,1,1,0,1
0,0,0,1,0,1,0,1,0,1,1,0,0,1,1,1,1,1,1,1,0,0,0,1,1,1,1,1,1,1,1,0,0,0,1,1,1,1,0,1
0,0,0,1,0,0,0,0,1,1,1,0,0,1,0,1,0,1,0,1,0,0,0,1,0,1,0,1,0,1,1,0,0,1,1,1,1,1,1,1
0,0,1,0,0,0,1,0,1,1,0,0,0,1,0,0,0,0,1,1,0,0,0,1,0,0,0,0,1,1,1,0,0,1,0,1,0,1,0,1
0,0,1,0,0,0,0,0,1,1,0,0,0,1,0,0,0,0,1,1,0,0,1,0,0,0,1,0,1,1,0,0,0,1,0,0,0,0,1,1
0,0,0,0,1,0,0,1,0,1,0,1,0,1,0,0,0,0,1,1,0,0,1,0,0,0,0,0,1,1,0,0,0,1,0,0,0,0,1,1
0,0,0,1,0,1,0,1,0,1,0,0,0,1,0,0,0,0,1,1,0,0,0,0,1,0,0,1,0,1,0,1,0,1,0,0,0,0,1,1
0,0,1,0,1,1,1,1,1,1,1,0,0,1,0,0,0,0,1,1,0,0,0,1,0,1,0,1,0,1,0,0,0,1,0,0,0,0,1,1
0,0,1,0,0,1,1,0,1,1,1,0,1,0,1,1,1,1,1,1,0,0,1,0,1,1,1,1,1,1,1,0,0,1,0,0,0,0,1,1
0,0,1,0,0,1,0,1,1,1,1,1,1,0,0,1,1,0,1,1,0,0,1,0,0,1,1,0,1,1,1,0,1,0,1,1,1,1,1,1
0,0,1,0,1,1,1,0,1,1,0,1,0,0,0,1,1,0,1,1,0,0,1,0,0,1,0,1,1,1,1,1,1,0,0,1,1,0,1,1
0,0,0,0,0,1,1,1,1,1,0,0,0,0,0,1,1,0,1,1,0,0,1,0,1,1,1,0,1,1,0,1,0,0,0,1,1,0,1,1
0,0,1,1,1,1,1,1,1,1,0,1,0,0,0,1,1,0,1,1,0,0,0,0,0,1,1,1,1,1,0,0,0,0,0,1,1,0,1,1
0,0,1,0,0,1,1,0,1,1,1,1,0,0,0,1,1,0,1,1,0,0,1,1,1,1,1,1,1,1,0,1,0,0,0,1,1,0,1,1
0,0,0,1,0,1,1,1,1,1,0,1,0,0,0,1,1,0,1,1,0,0,1,0,0,1,1,0,1,1,1,1,0,0,0,1,1,0,1,1
0,0,1,0,1,1,0,0,1,1,1,0,0,0,0,1,1,0,1,1,0,0,0,1,0,1,1,1,1,1,0,1,0,0,0,1,1,0,1,1
0,0,0,1,0,0,1,0,1,1,0,0,1,0,1,1,0,0,1,1,0,0,1,0,1,1,0,0,1,1,1,0,0,0,0,1,1,0,1,1
0,0,0,0,0,1,1,0,1,1,1,1,1,0,1,1,0,0,1,1,0,0,0,1,0,0,1,0,1,1,0,0,1,0,1,1,0,0,1,1
0,0,1,0,1,1,0,1,0,1,1,0,0,0,1,1,0,0,1,1,0,0,0,0,0,1,1,0,1,1,1,1,1,0,1,1,0,0,1,1
0,0,1,0,1,1,0,1,0,1,1,1,1,0,1,1,0,1,0,1,0,0,1,0,1,1,0,1,0,1,1,0,0,0,1,1,0,0,1,1
0,0,0,0,0,1,1,1,1,1,0,0,0,0,1,1,0,1,0,1,0,0,1,0,1,1,0,1,0,1,1,1,1,0,1,1,0,1,0,1
0,0,1,0,0,0,1,1,0,1,1,0,0,0,1,1,0,1,0,1,0,0,0,0,0,1,1,1,1,1,0,0,0,0,1,1,0,1,0,1
0,0,1,0,0,0,1,1,0,1,0,0,1,0,0,0,1,1,0,1,0,0,1,0,0,0,1,1,0,1,1,0,0,0,1,1,0,1,0,1
0,0,0,1,0,1,1,0,1,1,0,1,1,0,0,0,1,1,0,1,0,0,1,0,0,0,1,1,0,1,0,0,1,0,0,0,1,1,0,1
0,0,0,0,1,0,0,1,0,1,0,1,0,0,0,0,1,1,0,1,0,0,0,1,0,1,1,0,1,1,0,1,1,0,0,0,1,1,0,1
0,0,0,0,0,0,1,1,0,1,1,0,0,0,0,0,1,1,0,1,0,0,0,0,1,0,0,1,0,1,0,1,0,0,0,0,1,1,0,1
0,0,1,1,0,0,0,1,1,1,1,1,0,0,0,0,1,1,0,1,0,0,0,0,0,0,1,1,0,1,1,0,0,0,0,0,1,1,0,1
0,0,1,0,1,1,1,0,1,1,1,0,0,0,0,0,1,1,0,1,0,0,1,1,0,0,0,1,1,1,1,1,0,0,0,0,1,1,0,1
0,0,0,1,1,0,1,1,1,1,1,1,1,0,1,1,1,0,1,1,0,0,1,0,1,1,1,0,1,1,1,0,0,0,0,0,1,1,0,1
0,0,0,1,1,0,1,1,0,1,0,0,0,0,1,1,1,0,1,1,0,0,0,1,1,0,1,1,1,1,1,1,1,0,1,1,1,0,1,1
0,0,1,1,1,1,1,1,1,1,0,0,0,0,1,1,1,0,1,1,0,0,0,1,1,0,1,1,0,1,0,0,0,0,1,1,1,0,1,1
0,0,0,0,1,1,0,1,1,1,0,0,0,0,1,1,1,0,1,1,0,0,1,1,1,1,1,1,1,1,0,0,0,0,1,1,1,0,1,1
0,0,0,0,1,0,0,1,1,1,0,1,0,0,1,1,1,0,1,1,0,0,0,0,1,1,0,1,1,1,0,0,0,0,1,1,1,0,1,1
0,0,0,0,0,0,1,1,1,1,0,1,0,0,1,1,1,0,1,1,0,0,0,0,1,0,0,1,1,1,0,1,0,0,1,1,1,0,1,1
0,0,0,1,0,1,0,1,1,1,1,0,0,0,1,1,1,0,1,1,0,0,0,0,0,0,1,1,1,1,0,1,0,0,1,1,1,0,1,1
0,0,0,0,1,1,0,1,1,1,1,0,0,1,0,1,0,1,1,1,0,0,0,1,0,1,0,1,1,1,1,0,0,0,1,1,1,0,1,1
0,0,1,1,1,1,0,1,0,1,0,0,0,0,1,1,0,1,1,1,0,0,0,0,1,1,0,1,1,1,1,0,0,1,0,1,0,1,1,1
0,0,0,1,1,0,0,1,1,1,0,1,0,0,1,1,0,1,1,1,0,0,1,1,1,1,0,1,0,1,0,0,0,0,1,1,0,1,1,1
0,0,0,0,0,1,0,0,1,1,0,1,0,0,1,1,0,1,1,1,0,0,0,1,1,0,0,1,1,1,0,1,0,0,1,1,0,1,1,1
0,0,1,0,0,0,1,1,1,1,0,1,0,0,1,1,0,1,1,1,0,0,0,0,0,1,0,0,1,1,0,1,0,0,1,1,0,1,1,1
0,0,0,1,1,0,1,0,1,1,1,0,0,0,1,1,0,1,1,1,0,0,1,0,0,0,1,1,1,1,0,1,0,0,1,1,0,1,1,1
0,0,1,0,0,0,1,1,1,1,1,1,0,1,1,0,1,0,1,1,0,0,0,1,1,0,1,0,1,1,1,0,0,0,1,1,0,1,1,1
0,0,1,1,1,0,1,1,1,1,0,1,0,1,1,0,1,0,1,1,0,0,1,0,0,0,1,1,1,1,1,1,0,1,1,0,1,0,1,1
0,0,0,1,0,1,0,1,1,1,1,1,0,1,1,0,1,0,1,1,0,0,1,1,1,0,1,1,1,1,0,1,0,1,1,0,1,0,1,1
0,0,0,0,1,0,1,1,1,1,0,0,0,1,1,0,1,0,1,1,0,0,0,1,0,1,0,1,1,1,1,1,0,1,1,0,1,0,1,1
0,0,1,1,0,1,1,0,1,1,1,1,0,1,1,0,1,0,1,1,0,0,0,0,1,0,1,1,1,1,0,0,0,1,1,0,1,0,1,1
0,0,1,1,0,0,0,0,0,1,0,1,0,1,1,0,1,0,1,1,0,0,1,1,0,1,1,0,1,1,1,1,0,1,1,0,1,0,1,1
0,0,0,0,1,1,1,0,0,1,0,0,0,1,1,0,1,0,1,1,0,0,1,1,0,0,0,0,0,1,0,1,0,1,1,0,1,0,1,1
0,0,1,0,1,0,0,1,1,1,0,0,0,1,1,0,1,0,1,1,0,0,0,0,1,1,1,0,0,1,0,0,0,1,1,0,1,0,1,1
0,0,0,0,0,0,0,0,0,1,0,0,0,1,1,0,1,0,1,1,0,0,1,0,1,0,0,1,1,1,0,0,0,1,1,0,1,0,1,1
0,0,0,1,0,0,1,1,0,1,0,0,0,1,1,0,1,0,1,1,0,0,0,0,0,0,0,0,0,1,0,0,0,1,1,0,1,0,1,1
0,0,0,1,1,1,1,1,0,1,0,0,0,1,1,0,1,0,1,1,0,0,0,1,0,0,1,1,0,1,0,0,0,1,1,0,1,0,1,1
0,0,0,0,1,1,0,1,0,1,0,0,0,1,1,0,1,0,1,1,0,0,0,1,1,1,1,1,0,1,0,0,0,1,1,0,1,0,1,1
0,0,0,0,0,1,1,0,1,1,1,0,0,1,1,0,1,0,1,1,0,0,0,0,1,1,0,1,0,1,0,0,0,1,1,0,1,0,1,1
0,0,0,1,1,0,0,1,1,1,0,0,0,0,0,1,1,0,1,1,0,0,0,0,0,1,1,0,1,1,1,0,0,1,1,0,1,0,1,1
0,0,0,0,0,1,0,1,1,1,1,1,0,0,0,1,1,0,1,1,0,0,0,1,1,0,0,1,1,1,0,0,0,0,0,1,1,0,1,1
0,0,1,1,0,0,1,1,1,1,0,1,0,0,0,1,1,0,1,1,0,0,0,0,0,1,0,1,1,1,1,1,0,0,0,1,1,0,1,1
0,0,0,0,1,1,1,0,1,1,0,1,0,0,0,1,1,0,1,1,0,0,1,1,0,0,1,1,1,1,0,1,0,0,0,1,1,0,1,1
0,0,0,1,1,0,0,1,1,1,0,0,0,0,0,1,1,0,1,1,0,0,0,0,1,1,1,0,1,1,0,1,0,0,0,1,1,0,1,1
0,0,0,0,1,1,1,1,1,1,1,1,0,0,0,1,1,0,1,1,0,0,0,1,1,0,0,1,1,1,0,0,0,0,0,1,1,0,1,1
0,0,1,0,1,0,1,1,1,1,1,1,0,0,0,1,1,0,1,1,0,0,0,0,1,1,1,1,1,1,1,1,0,0,0,1,1,0,1,1
0,0,0,1,0,1,0,1,1,1,1,1,0,0,0,1,1,0,1,1,0,0,1,0,1,0,1,1,1,1,1,1,0,0,0,1,1,0,1,1
0,0,0,1,0,0,1,1,1,1,0,0,0,0,0,1,1,0,1,1,0,0,0,1,0,1,0,1,1,1,1,1,0,0,0,1,1,0,1,1
0,0,1,0,1,0,1,1,0,1,1,0,0,0,0,1,1,0,1,1,0,0,0,1,0,0,1,1,1,1,0,0,0,0,0,1,1,0,1,1
0,0,1,1,0,0,1,0,1,1,1,1,1,0,1,0,1,1,0,1,0,0,1,0,1,0,1,1,0,1,1,0,0,0,0,1,1,0,1,1
0,0,0,0,0,1,0,1,0,1,1,0,0,0,1,0,1,1,0,1,0,0,1,1,0,0,1,0,1,1,1,1,1,0,1,0,1,1,0,1
0,0,0,0,1,1,0,0,0,1,0,0,0,0,0,1,0,1,0,1,0,0,0,0,0,1,0,1,0,1,1,0,0,0,1,0,1,1,0,1
0,0,0,0,1,0,1,1,0,1,0,1,0,0,0,1,0,1,0,1,0,0,0,0,1,1,0,0,0,1,0,0,0,0,0,1,0,1,0,1
0,0,1,0,0,1,0,1,1,1,1,0,0,0,0,1,0,1,0,1,0,0,0,0,1,0,1,1,0,1,0,1,0,0,0,1,0,1,0,1
0,0,1,0,0,1,1,1,1,1,0,1,1,0,0,1,0,1,1,1,0,0,1,0,0,1,0,1,1,1,1,0,0,0,0,1,0,1,0,1
0,0,1,0,1,0,1,0,1,1,0,0,0,0,0,1,0,1,1,1,0,0,1,0,0,1,1,1,1,1,0,1,1,0,0,1,0,1,1,1
0,0,1,1,1,1,0,0,1,1,0,1,0,0,0,1,0,1,1,1,0,0,1,0,1,0,1,0,1,1,0,0,0,0,0,1,0,1,1,1
0,0,0,1,0,1,1,0,0,1,0,0,0,0,0,1,0,1,1,1,0,0,1,1,1,1,0,0,1,1,0,1,0,0,0,1,0,1,1,1
0,0,1,1,1,1,1,0,0,1,0,0,0,0,0,1,0,1,1,1,0,0,0,1,0,1,1,0,0,1,0,0,0,0,0,1,0,1,1,1
0,0,0,1,0,1,1,0,1,1,0,0,0,0,0,1,0,1,1,1,0,0,1,1,1,1,1,0,0,1,0,0,0,0,0,1,0,1,1,1
0,0,1,0,1,0,0,1,1,1,0,1,0,0,0,1,0,1,1,1,0,0,0,1,0,1,1,0,1,1,0,0,0,0,0,1,0,1,1,1
0,0,0,1,1,0,0,1,1,1,0,1,0,0,0,1,0,1,1,1,0,0,1,0,1,0,0,1,1,1,0,1,0,0,0,1,0,1,1,1
0,0,0,0,1,1,0,1,1,1,0,0,0,0,0,1,0,1,1,1,0,0,0,1,1,0,0,1,1,1,0,1,0,0,0,1,0,1,1,1
0,0,1,0,0,0,0,0,1,1,1,0,0,0,0,1,0,1,1,1,0,0,0,0,1,1,0,1,1,1,0,0,0,0,0,1,0,1,1,1
0,0,0,1,0,1,0,0,0,1,0,1,1,0,0,0,0,0,1,1,0,0,1,0,0,0,0,0,1,1,1,0,0,0,0,1,0,1,1,1
0,0,0,1,1,0,1,0,0,1,0,1,0,0,0,0,0,0,1,1,0,0,0,1,0,1,0,0,0,1,0,1,1,0,0,0,0,0,1,1
0,0,0,0,0,1,1,1,1,1,1,0,0,0,0,0,0,0,1,1,0,0,0,1,1,0,1,0,0,1,0,1,0,0,0,0,0,0,1,1
0,0,1,1,1,1,0,1,1,1,0,1,0,0,0,1,1,1,1,1,0,0,0,0,0,1,1,1,1,1,1,0,0,0,0,0,0,0,1,1
0,0,1,0,0,1,0,0,1,1,1,0,0,0,0,1,1,1,1,1,0,0,1,1,1,1,0,1,1,1,0,1,0,0,0,1,1,1,1,1
0,0,0,1,0,0,1,1,0,1,0,1,1,0,0,1,0,0,1,1,0,0,1,0,0,1,0,0,1,1,1,0,0,0,0,1,1,1,1,1
0,0,1,1,0,0,1,1,0,1,1,1,0,0,0,1,0,0,1,1,0,0,0,1,0,0,1,1,0,1,0,1,1,0,0,1,0,0,1,1
0,0,0,0,1,1,0,1,0,1,0,1,0,0,0,1,0,0,1,1,0,0,1,1,0,0,1,1,0,1,1,1,0,0,0,1,0,0,1,1
0,0,0,1,1,0,0,0,1,1,0,1,0,0,0,1,0,0,1,1,0,0,0,0,1,1,0,1,0,1,0,1,0,0,0,1,0,0,1,1
0,0,0,0,1,0,0,1,0,1,1,1,0,0,0,1,0,0,1,1,0,0,0,1,1,0,0,0,1,1,0,1,0,0,0,1,0,0,1,1
0,0,0,0,0,1,0,0,0,1,0,0,0,0,0,1,0,0,1,1,0,0,0,0,1,0,0,1,0,1,1,1,0,0,0,1,0,0,1,1
0,0,0,0,0,0,0,0,1,1,1,1,0,0,0,1,0,0,1,1,0,0,0,0,0,1,0,0,0,1,0,0,0,0,0,1,0,0,1,1
0,0,1,0,1,1,0,0,1,1,1,0,0,0,0,1,0,0,1,1,0,0,0,0,0,0,0,0,1,1,1,1,0,0,0,1,0,0,1,1
0,0,0,0,1,1,1,0,0,1,1,0,1,0,1,1,0,0,1,1,0,0,1,0,1,1,0,0,1,1,1,0,0,0,0,1,0,0,1,1
0,0,0,1,0,0,1,1,1,1,0,0,0,0,1,1,1,0,0,1,0,0,0,0,1,1,1,0,0,1,1,0,1,0,1,1,0,0,1,1
0,0,0,0,1,1,1,1,1,1,1,1,0,0,1,1,1,0,0,1,0,0,0,1,0,0,1,1,1,1,0,0,0,0,1,1,1,0,0,1
0,0,1,1,1,1,0,0,1,1,1,1,0,0,1,1,1,0,0,1,0,0,0,0,1,1,1,1,1,1,1,1,0,0,1,1,1,0,0,1
0,0,1,1,0,0,0,1,1,1,0,0,0,0,1,1,1,0,0,1,0,0,1,1,1,1,0,0,1,1,1,1,0,0,1,1,1,0,0,1
0,0,0,1,0,0,1,1,1,1,1,0,0,0,1,1,1,0,0,1,0,0,1,1,0,0,0,1,1,1,0,0,0,0,1,1,1,0,0,1
0,0,0,0,1,0,0,1,1,1,0,0,0,1,0,0,1,1,1,1,0,0,0,1,0,0,1,1,1,1,1,0,0,0,1,1,1,0,0,1
0,0,0,0,1,1,1,0,1,1,0,1,0,1,0,0,1,1,1,1,0,0,0,0,1,0,0,1,1,1,0,0,0,1,0,0,1,1,1,1
0,0,1,1,1,0,0,0,1,1,0,0,0,1,0,0,1,1,1,1,0,0,0,0,1,1,1,0,1,1,0,1,0,1,0,0,1,1,1,1
0,0,1,0,0,1,0,0,0,1,1,1,0,1,0,0,1,1,1,1,0,0,1,1,1,0,0,0,1,1,0,0,0,1,0,0,1,1,1,1
0,0,1,0,1,0,1,1,0,1,1,1,0,1,0,0,1,1,1,1,0,0,1,0,0,1,0,0,0,1,1,1,0,1,0,0,1,1,1,1
0,0,1,1,0,1,1,0,0,1,1,1,0,1,0,0,1,1,1,1,0,0,1,0,1,0,1,1,0,1,1,1,0,1,0,0,1,1,1,1
0,0,1,0,0,1,0,0,1,1,1,0,0,1,0,0,1,1,1,1,0,0,1,1,0,1,1,0,0,1,1,1,0,1,0,0,1,1,1,1
0,0,0,0,1,0,1,0,0,1,1,1,1,0,0,1,0,0,1,1,0,0,1,0,0,1,0,0,1,1,1,0,0,1,0,0,1,1,1,1
0,0,0,1,0,0,0,0,1,1,0,0,0,0,0,1,0,0,1,1,0,0,0,0,1,0,1,0,0,1,1,1,1,0,0,1,0,0,1,1
0,0,0,1,0,0,1,0,1,1,0,0,0,0,0,1,0,0,1,1,0,0,0,1,0,0,0,0,1,1,0,0,0,0,0,1,0,0,1,1
0,0,1,1,0,1,0,1,1,1,0,1,0,0,0,1,0,0,1,1,0,0,0,1,0,0,1,0,1,1,0,0,0,0,0,1,0,0,1,1
0,0,1,1,0,1,1,1,1,1,0,1,0,0,0,1,0,0,1,1,0,0,1,1,0,1,0,1,1,1,0,1,0,0,0,1,0,0,1,1
0,0,1,0,1,0,1,1,1,1,1,0,0,0,0,1,0,0,1,1,0,0,1,1,0,1,1,1,1,1,0,1,0,0,0,1,0,0,1,1
0,0,0,1,0,0,1,1,1,1,1,0,1,0,1,0,1,1,1,1,0,0,1,0,1,0,1,1,1,1,1,0,0,0,0,1,0,0,1,1
0,0,1,0,0,1,1,1,1,1,0,0,0,1,0,0,1,1,1,1,0,0,0,1,0,0,1,1,1,1,1,0,1,0,1,0,1,1,1,1
0,0,0,1,0,1,0,0,1,1,1,1,0,1,0,0,1,1,1,1,0,0,1,0,0,1,1,1,1,1,0,0,0,1,0,0,1,1,1,1
0,0,1,1,1,1,1,0,1,1,0,0,0,1,0,0,1,1,1,1,0,0,0,1,0,1,0,0,1,1,1,1,0,1,0,0,1,1,1,1
0,0,1,1,1,1,0,0,1,1,1,1,0,1,0,0,1,1,1,1,0,0,1,1,1,1,1,0,1,1,0,0,0,1,0,0,1,1,1,1
0,0,0,0,1,1,1,1,1,1,0,0,0,1,0,0,1,1,1,1,0,0,1,1,1,1,0,0,1,1,1,1,0,1,0,0,1,1,1,1
0,0,1,0,0,1,1,1,0,1,0,0,0,1,0,0,1,1,1,1,0,0,0,0,1,1,1,1,1,1,0,0,0,1,0,0,1,1,1,1
0,0,0,0,1,0,1,0,0,1,1,1,0,1,0,0,1,1,1,1,0,0,1,0,0,1,1,1,0,1,0,0,0,1,0,0,1,1,1,1
0,0,1,0,0,1,0,1,1,1,0,1,0,1,0,0,1,1,1,1,0,0,0,0,1,0,1,0,0,1,1,1,0,1,0,0,1,1,1,1
0,0,1,0,0,1,1,1,1,1,0,0,0,1,0,0,1,1,1,1,0,0,1,0,0,1,0,1,1,1,0,1,0,1,0,0,1,1,1,1
0,0,1,0,1,0,0,1,1,1,0,1,0,1,0,0,1,1,1,1,0,0,1,0,0,1,1,1,1,1,0,0,0,1,0,0,1,1,1,1
0,0,0,1,0,1,0,1,1,1,0,1,0,1,0,0,1,1,1,1,0,0,1,0,1,0,0,1,1,1,0,1,0,1,0,0,1,1,1,1
0,0,0,1,1,0,0,1,1,1,0,1,0,1,0,0,1,1,1,1,0,0,0,1,0,1,0,1,1,1,0,1,0,1,0,0,1,1,1,1
0,0,1,0,1,1,0,1,1,1,0,1,0,1,0,0,1,1,1,1,0,0,0,1,1,0,0,1,1,1,0,1,0,1,0,0,1,1,1,1
0,0,1,1,0,1,0,1,1,1,1,0,0,1,0,0,1,1,1,1,0,0,1,0,1,1,0,1,1,1,0,1,0,1,0,0,1,1,1,1
0,0,0,1,0,1,0,1,1,1,1,1,1,1,0,1,1,1,1,1,0,0,1,1,0,1,0,1,1,1,1,0,0,1,0,0,1,1,1,1
0,0,1,1,0,0,0,0,1,1,1,0,0,1,0,1,1,1,1,1,0,0,0,1,0,1,0,1,1,1,1,1,1,1,0,1,1,1,1,1
0,0,1,1,0,0,0,1,1,1,0,0,1,1,0,0,0,0,1,1,0,0,1,1,0,0,0,0,1,1,1,0,0,1,0,1,1,1,1,1
0,0,1,0,1,0,0,0,0,1,1,0,1,1,0,0,0,0,1,1,0,0,1,1,0,0,0,1,1,1,0,0,1,1,0,0,0,0,1,1
0,0,0,0,0,1,0,1,0,1,1,1,1,0,1,0,0,0,0,1,0,0,1,0,1,0,0,0,0,1,1,0,1,1,0,0,0,0,1,1
0,0,0,1,1,1,0,1,0,1,1,0,0,0,1,0,0,0,0,1,0,0,0,0,0,1,0,1,0,1,1,1,1,0,1,0,0,0,0,1
0,0,0,0,0,1,1,0,1,1,0,1,0,1,1,1,0,1,0,1,0,0,0,1,1,1,0,1,0,1,1,0,0,0,1,0,0,0,0,1
0,0,1,0,0,1,1,0,1,1,1,1,0,1,1,1,0,1,0,1,0,0,0,0,0,1,1,0,1,1,0,1,0,1,1,1,0,1,0,1
0,0,1,1,0,0,0,1,1,1,1,1,0,1,1,1,0,1,0,1,0,0,1,0,0,1,1,0,1,1,1,1,0,1,1,1,0,1,0,1
0,0,0,1,1,0,1,1,1,1,0,1,0,1,1,1,0,1,0,1,0,0,1,1,0,0,0,1,1,1,1,1,0,1,1,1,0,1,0,1
0,0,1,0,0,0,0,0,1,1,1,0,0,1,1,1,0,1,0,1,0,0,0,1,1,0,1,1,1,1,0,1,0,1,1,1,0,1,0,1
0,0,0,0,1,0,1,0,0,1,1,0,1,0,0,0,0,0,1,1,0,0,1,0,0,0,0,0,1,1,1,0,0,1,1,1,0,1,0,1
0,0,0,1,0,0,0,1,1,1,0,1,0,0,1,0,1,0,0,1,0,0,0,0,1,0,1,0,0,1,1,0,1,0,0,0,0,0,1,1
0,0,1,1,0,0,1,1,0,1,1,1,0,0,1,0,1,0,0,1,0,0,0,1,0,0,0,1,1,1,0,1,0,0,1,0,1,0,0,1
0,0,1,1,1,1,1,1,0,1,1,0,0,0,1,0,1,0,0,1,0,0,1,1,0,0,1,1,0,1,1,1,0,0,1,0,1,0,0,1
0,0,0,1,0,0,1,0,0,1,1,0,1,1,1,1,1,1,0,1,0,0,1,1,1,1,1,1,0,1,1,0,0,0,1,0,1,0,0,1
0,0,1,1,0,1,1,0,0,1,0,1,0,1,0,0,1,0,0,1,0,0,0,1,0,0,1,0,0,1,1,0,1,1,1,1,1,1,0,1
0,0,0,1,0,1,1,0,0,1,1,1,0,1,0,0,1,0,0,1,0,0,1,1,0,1,1,0,0,1,0,1,0,1,0,0,1,0,0,1
0,0,1,0,0,1,1,0,1,1,1,1,0,1,0,0,1,0,0,1,0,0,0,1,0,1,1,0,0,1,1,1,0,1,0,0,1,0,0,1
0,0,1,1,0,1,1,0,1,1,1,1,0,1,0,0,1,0,0,1,0,0,1,0,0,1,1,0,1,1,1,1,0,1,0,0,1,0,0,1
0,0,1,1,0,0,1,1,1,1,0,1,0,1,0,0,1,0,0,1,0,0,1,1,0,1,1,0,1,1,1,1,0,1,0,0,1,0,0,1
0,0,0,0,0,1,0,0,1,1,1,0,0,1,0,0,1,0,0,1,0,0,1,1,0,0,1,1,1,1,0,1,0,1,0,0,1,0,0,1
0,0,1,0,1,0,1,1,1,1,1,1,0,0,0,1,0,0,1,1,0,0,0,0,0,1,0,0,1,1,1,0,0,1,0,0,1,0,0,1
0,0,1,0,0,1,1,1,1,1,0,1,0,0,0,1,0,0,1,1,0,0,1,0,1,0,1,1,1,1,1,1,0,0,0,1,0,0,1,1
0,0,0,1,1,0,1,0,1,1,1,0,0,0,0,1,0,0,1,1,0,0,1,0,0,1,1,1,1,1,0,1,0,0,0,1,0,0,1,1
0,0,1,0,0,1,1,0,1,1,0,0,0,1,1,0,1,0,1,1,0,0,0,1,1,0,1,0,1,1,1,0,0,0,0,1,0,0,1,1
0,0,0,1,0,1,0,1,1,1,1,0,0,1,1,0,1,0,1,1,0,0,1,0,0,1,1,0,1,1,0,0,0,1,1,0,1,0,1,1
0,0,0,1,1,1,1,1,0,1,0,0,0,1,0,1,0,1,1,1,0,0,0,1,0,1,0,1,1,1,1,0,0,1,1,0,1,0,1,1
0,0,1,1,0,0,1,0,1,1,1,1,0,1,0,1,0,1,1,1,0,0,0,1,1,1,1,1,0,1,0,0,0,1,0,1,0,1,1,1
0,0,0,1,1,0,1,1,0,1,0,1,0,1,0,1,0,1,1,1,0,0,1,1,0,0,1,0,1,1,1,1,0,1,0,1,0,1,1,1
0,0,1,0,0,0,0,1,0,1,1,0,0,1,0,1,0,1,1,1,0,0,0,1,1,0,1,1,0,1,0,1,0,1,0,1,0,1,1,1
0,0,1,0,0,1,0,1,0,1,0,1,1,0,0,0,0,1,1,1,0,0,1,0,0,0,0,1,0,1,1,0,0,1,0,1,0,1,1,1
0,0,1,1,0,0,0,1,0,1,1,1,0,0,0,0,0,1,1,1,0,0,1,0,0,1,0,1,0,1,0,1,1,0,0,0,0,1,1,1
0,0,0,1,0,0,1,1,0,1,1,1,0,0,0,0,0,1,1,1,0,0,1,1,0,0,0,1,0,1,1,1,0,0,0,0,0,1,1,1
0,0,1,0,1,1,1,1,0,1,1,0,0,0,0,0,0,1,1,1,0,0,0,1,0,0,1,1,0,1,1,1,0,0,0,0,0,1,1,1
0,0,1,1,0,0,1,1,0,1,1,1,1,0,1,1,1,1,1,1,0,0,1,0,1,1,1,1,0,1,1,0,0,0,0,0,0,1,1,1
0,0,1,0,1,0,1,1,0,1,0,0,0,0,1,1,1,1,1,1,0,0,1,1,0,0,1,1,0,1,1,1,1,0,1,1,1,1,1,1
0,0,0,0,0,0,1,0,1,1,1,1,0,0,1,1,1,1,1,1,0,0,1,0,1,0,1,1,0,1,0,0,0,0,1,1,1,1,1,1
0,0,0,1,0,0,0,1,1,1,1,0,0,0,1,1,1,1,1,1,0,0,0,0,0,0,1,0,1,1,1,1,0,0,1,1,1,1,1,1
0,0,1,1,0,0,0,0,1,1,0,0,0,1,0,0,0,1,1,1,0,0,0,1,0,0,0,1,1,1,1,0,0,0,1,1,1,1,1,1
0,0,1,0,1,0,1,0,1,1,0,1,0,1,0,0,0,1,1,1,0,0,1,1,0,0,0,0,1,1,0,0,0,1,0,0,0,1,1,1
0,0,1,0,1,0,1,0,1,1,0,1,0,1,0,0,0,1,1,1,0,0,1,0,1,0,1,0,1,1,0,1,0,1,0,0,0,1,1,1
0,0,1,0,0,1,1,0,1,1,0,1,0,1,0,0,0,1,1,1,0,0,1,0,1,0,1,0,1,1,0,1,0,1,0,0,0,1,1,1
0,0,0,1,1,1,1,0,1,1,1,0,0,1,0,0,0,1,1,1,0,0,1,0,0,1,1,0,1,1,0,1,0,1,0,0,0,1,1,1
0,0,1,0,1,0,0,0,1,1,1,1,0,1,1,1,1,1,1,1,0,0,0,1,1,1,1,0,1,1,1,0,0,1,0,0,0,1,1,1
0,0,0,1,0,0,0,1,1,1,1,1,0,1,1,1,1,1,1,1,0,0,1,0,1,0,0,0,1,1,1,1,0,1,1,1,1,1,1,1
0,0,1,1,1,0,1,0,1,1,1,1,0,1,1,1,1,1,1,1,0,0,0,1,0,0,0,1,1,1,1,1,0,1,1,1,1,1,1,1
0,0,1,1,0,0,1,0,1,1,0,0,0,1,1,1,1,1,1,1,0,0,1,1,1,0,1,0,1,1,1,1,0,1,1,1,1,1,1,1
0,0,1,1,0,0,0,1,0,1,1,0,0,1,1,1,1,1,1,1,0,0,1,1,0,0,1,0,1,1,0,0,0,1,1,1,1,1,1,1
0,0,0,1,1,1,1,0,1,1,0,0,1,1,0,0,0,1,0,1,0,0,1,1,0,0,0,1,0,1,1,0,0,1,1,1,1,1,1,1
0,0,1,1,0,1,1,1,1,1,0,0,1,1,0,0,0,1,0,1,0,0,0,1,1,1,1,0,1,1,0,0,1,1,0,0,0,1,0,1
0,0,1,1,1,0,0,1,1,1,0,0,1,1,0,0,0,1,0,1,0,0,1,1,0,1,1,1,1,1,0,0,1,1,0,0,0,1,0,1
0,0,1,1,0,0,1,0,0,1,0,1,1,1,0,0,0,1,0,1,0,0,1,1,1,0,0,1,1,1,0,0,1,1,0,0,0,1,0,1
0,0,0,1,0,0,0,0,0,1,0,1,0,1,0,0,0,1,0,1,0,0,1,1,0,0,1,0,0,1,0,1,1,1,0,0,0,1,0,1
0,0,0,0,0,0,0,0,1,1,1,1,0,1,0,0,0,1,0,1,0,0,0,1,0,0,0,0,0,1,0,1,0,1,0,0,0,1,0,1
0,0,0,1,0,1,1,0,1,1,1,1,0,1,0,0,0,1,0,1,0,0,0,0,0,0,0,0,1,1,1,1,0,1,0,0,0,1,0,1
0,0,0,1,0,0,0,1,0,1,1,1,0,1,0,0,0,1,0,1,0,0,0,1,0,1,1,0,1,1,1,1,0,1,0,0,0,1,0,1
0,0,1,1,0,1,1,1,1,1,0,1,0,1,0,0,0,1,0,1,0,0,0,1,0,0,0,1,0,1,1,1,0,1,0,0,0,1,0,1
0,0,1,1,0,1,0,1,0,1,0,1,0,1,0,0,0,1,0,1,0,0,1,1,0,1,1,1,1,1,0,1,0,1,0,0,0,1,0,1
0,0,0,0,1,0,1,1,1,1,1,0,0,1,0,0,0,1,0,1,0,0,1,1,0,1,0,1,0,1,0,1,0,1,0,0,0,1,0,1
0,0,1,0,0,0,0,1,1,1,0,1,0,0,1,0,1,1,1,1,0,0,0,0,1,0,1,1,1,1,1,0,0,1,0,0,0,1,0,1
0,0,1,0,0,0,0,0,1,1,0,1,0,0,1,0,1,1,1,1,0,0,1,0,0,0,0,1,1,1,0,1,0,0,1,0,1,1,1,1
0,0,0,0,0,1,0,0,0,1,0,0,0,0,1,0,1,1,1,1,0,0,1,0,0,0,0,0,1,1,0,1,0,0,1,0,1,1,1,1
0,0,0,1,0,1,1,0,0,1,0,0,0,0,1,0,1,1,1,1,0,0,0,0,0,1,0,0,0,1,0,0,0,0,1,0,1,1,1,1
0,0,1,0,1,0,0,1,0,1,0,0,0,0,1,0,1,1,1,1,0,0,0,1,0,1,1,0,0,1,0,0,0,0,1,0,1,1,1,1
0,0,1,1,0,0,1,0,0,1,0,1,0,0,1,0,1,1,1,1,0,0,1,0,1,0,0,1,0,1,0,0,0,0,1,0,1,1,1,1
0,0,0,1,1,1,0,0,0,1,1,1,0,0,1,0,1,1,1,1,0,0,1,1,0,0,1,0,0,1,0,1,0,0,1,0,1,1,1,1
0,0,1,1,0,0,0,1,1,1,0,0,0,0,1,0,1,1,1,1,0,0,0,1,1,1,0,0,0,1,1,1,0,0,1,0,1,1,1,1
0,0,1,0,0,0,0,1,1,1,0,0,0,0,1,0,1,1,1,1,0,0,1,1,0,0,0,1,1,1,0,0,0,0,1,0,1,1,1,1
0,0,0,0,1,1,1,1,0,1,0,1,0,0,1,0,1,1,1,1,0,0,1,0,0,0,0,1,1,1,0,0,0,0,1,0,1,1,1,1
0,0,1,0,1,0,0,1,1,1,0,0,0,0,1,0,1,1,1,1,0,0,0,0,1,1,1,1,0,1,0,1,0,0,1,0,1,1,1,1
0,0,1,1,0,1,1,1,1,1,0,0,0,0,1,0,1,1,1,1,0,0,1,0,1,0,0,1,1,1,0,0,0,0,1,0,1,1,1,1
0,0,1,1,1,0,1,1,1,1,1,1,0,0,1,0,1,1,1,1,0,0,1,1,0,1,1,1,1,1,0,0,0,0,1,0,1,1,1,1
0,0,0,0,0,1,0,0,0,1,0,1,0,0,1,0,1,1,1,1,0,0,1,1,1,0,1,1,1,1,1,1,0,0,1,0,1,1,1,1
0,0,1,0,1,1,1,0,0,1,0,1,0,0,1,0,1,1,1,1,0,0,0,0,0,1,0,0,0,1,0,1,0,0,1,0,1,1,1,1
0,0,0,0,0,0,0,1,1,1,0,1,0,0,1,0,1,1,1,1,0,0,1,0,1,1,1,0,0,1,0,1,0,0,1,0,1,1,1,1
0,0,1,1,1,1,0,1,1,1,1,0,0,0,1,0,1,1,1,1,0,0,0,0,0,0,0,1,1,1,0,1,0,0,1,0,1,1,1,1
0,0,0,0,0,0,1,0,0,1,0,0,1,1,1,1,0,1,1,1,0,0,1,1,1,1,0,1,1,1,1,0,0,0,1,0,1,1,1,1
0,0,1,1,1,1,1,0,1,1,0,0,1,1,1,1,0,1,1,1,0,0,0,0,0,0,1,0,0,1,0,0,1,1,1,1,0,1,1,1
0,0,1,0,1,0,1,1,1,1,0,0,1,1,1,1,0,1,1,1,0,0,1,1,1,1,1,0,1,1,0,0,1,1,1,1,0,1,1,1
0,0,1,0,0,1,1,1,1,1,1,0,1,1,1,1,0,1,1,1,0,0,1,0,1,0,1,1,1,1,0,0,1,1,1,1,0,1,1,1
0,0,0,1,0,0,1,0,1,1,0,1,1,0,0,1,1,1,1,1,0,0,1,0,0,1,1,1,1,1,1,0,1,1,1,1,0,1,1,1
0,0,1,1,0,1,1,0,1,1,1,0,0,0,0,1,1,1,1,1,0,0,0,1,0,0,1,0,1,1,0,1,1,0,0,1,1,1,1,1
0,0,0,1,0,0,0,0,1,1,0,1,1,1,0,1,1,0,1,1,0,0,1,1,0,1,1,0,1,1,1,0,0,0,0,1,1,1,1,1
0,0,0,1,0,0,0,1,1,1,0,0,0,1,0,1,1,0,1,1,0,0,0,1,0,0,0,0,1,1,0,1,1,1,0,1,1,0,1,1
0,0,1,0,1,0,0,1,1,1,1,1,0,1,0,1,1,0,1,1,0,0,0,1,0,0,0,1,1,1,0,0,0,1,0,1,1,0,1,1
0,0,0,0,0,1,1,1,1,1,1,1,0,1,0,1,1,0,1,1,0,0,1,0,1,0,0,1,1,1,1,1,0,1,0,1,1,0,1,1
0,0,0,0,1,1,1,0,1,1,1,0,0,1,0,1,1,0,1,1,0,0,0,0,0,1,1,1,1,1,1,1,0,1,0,1,1,0,1,1
0,0,0,1,0,0,0,1,0,1,1,1,0,0,1,1,1,0,1,1,0,0,0,0,1,1,1,0,1,1,1,0,0,1,0,1,1,0,1,1
0,0,0,0,0,1,0,1,0,1,1,1,0,0,1,1,1,0,1,1,0,0,0,1,0,0,0,1,0,1,1,1,0,0,1,1,1,0,1,1
0,0,1,0,1,0,0,1,0,1,0,1,0,0,1,1,1,0,1,1,0,0,0,0,0,1,0,1,0,1,1,1,0,0,1,1,1,0,1,1
0,0,1,1,0,0,0,0,0,1,0,1,0,0,1,1,1,0,1,1,0,0,1,0,1,0,0,1,0,1,0,1,0,0,1,1,1,0,1,1
0,0,1,0,1,0,1,1,1,1,1,1,0,0,1,1,1,0,1,1,0,0,1,1,0,0,0,0,0,1,0,1,0,0,1,1,1,0,1,1
0,0,0,0,1,0,0,1,1,1,0,0,0,0,1,1,1,0,1,1,0,0,1,0,1,0,1,1,1,1,1,1,0,0,1,1,1,0,1,1
0,0,1,1,0,1,0,1,0,1,0,0,0,0,1,1,1,0,1,1,0,0,0,0,1,0,0,1,1,1,0,0,0,0,1,1,1,0,1,1
0,0,1,1,0,0,0,0,0,1,1,0,0,0,1,1,1,0,1,1,0,0,1,1,0,1,0,1,0,1,0,0,0,0,1,1,1,0,1,1
0,0,1,1,1,0,1,0,1,1,0,1,1,1,0,0,0,0,0,1,0,0,1,1,0,0,0,0,0,1,1,0,0,0,1,1,1,0,1,1
0,0,1,0,0,1,1,1,1,1,0,0,0,1,0,0,0,0,0,1,0,0,1,1,1,0,1,0,1,1,0,1,1,1,0,0,0,0,0,1
0,0,0,0,0,0,1,1,1,1,0,0,0,1,0,0,0,0,0,1,0,0,1,0,0,1,1,1,1,1,0,0,0,1,0,0,0,0,0,1
0,0,1,0,1,0,1,0,1,1,1,0,0,1,0,0,0,0,0,1,0,0,0,0,0,0,1,1,1,1,0,0,0,1,0,0,0,0,0,1
0,0,1,0,0,1,1,0,0,1,0,1,1,0,1,0,1,0,1,1,0,0,1,0,1,0,1,0,1,1,1,0,0,1,0,0,0,0,0,1
0,0,0,1,1,0,0,0,1,1,0,0,0,0,1,0,1,0,1,1,0,0,1,0,0,1,1,0,0,1,0,1,1,0,1,0,1,0,1,1
0,0,0,1,1,0,1,0,1,1,1,0,0,0,1,0,1,0,1,1,0,0,0,1,1,0,0,0,1,1,0,0,0,0,1,0,1,0,1,1
0,0,0,0,1,1,0,0,1,1,1,1,0,1,1,0,1,0,1,1,0,0,0,1,1,0,1,0,1,1,1,0,0,0,1,0,1,0,1,1
0,0,0,0,1,1,0,1,1,1,1,1,0,1,1,0,1,0,1,1,0,0,0,0,1,1,0,0,1,1,1,1,0,1,1,0,1,0,1,1
0,0,0,0,1,0,1,1,1,1,1,0,0,1,1,0,1,0,1,1,0,0,0,0,1,1,0,1,1,1,1,1,0,1,1,0,1,0,1,1
0,0,1,0,1,0,1,0,1,1,0,0,0,0,1,0,1,1,1,1,0,0,0,0,1,0,1,1,1,1,1,0,0,1,1,0,1,0,1,1
0,0,0,0,0,0,0,1,0,1,0,0,0,0,1,0,1,1,1,1,0,0,1,0,1,0,1,0,1,1,0,0,0,0,1,0,1,1,1,1
0,0,1,1,0,1,1,0,1,1,0,1,0,0,1,0,1,1,1,1,0,0,0,0,0,0,0,1,0,1,0,0,0,0,1,0,1,1,1,1
0,0,1,1,1,0,0,0,1,1,1,0,0,0,1,0,1,1,1,1,0,0,1,1,0,1,1,0,1,1,0,1,0,0,1,0,1,1,1,1
0,0,1,0,1,1,1,1,1,1,1,1,1,1,1,0,0,0,1,1,0,0,1,1,1,0,0,0,1,1,1,0,0,0,1,0,1,1,1,1
0,0,1,1,0,1,0,0,0,1,1,0,0,1,1,0,0,0,1,1,0,0,1,0,1,1,1,1,1,1,1,1,1,1,1,0,0,0,1,1
0,0,1,1,1,1,1,1,1,1,0,0,1,1,0,1,0,0,0,1,0,0,1,1,0,1,0,0,0,1,1,0,0,1,1,0,0,0,1,1
0,0,0,0,1,0,0,1,0,1,0,0,1,1,0,1,0,0,0,1,0,0,1,1,1,1,1,1,1,1,0,0,1,1,0,1,0,0,0,1
0,0,1,1,0,1,0,0,0,1,1,1,1,1,0,1,0,0,0,1,0,0,0,0,1,0,0,1,0,1,0,0,1,1,0,1,0,0,0,1
0,0,1,0,0,1,1,0,1,1,0,0,0,1,0,1,0,0,0,1,0,0,1,1,0,1,0,0,0,1,1,1,1,1,0,1,0,0,0,1
0,0,0,0,0,1,1,1,0,1,1,0,0,1,0,1,0,0,0,1,0,0,1,0,0,1,1,0,1,1,0,0,0,1,0,1,0,0,0,1
0,0,1,0,0,0,1,1,0,1,1,1,0,0,0,1,1,1,0,1,0,0,0,0,0,1,1,1,0,1,1,0,0,1,0,1,0,0,0,1
0,0,1,1,1,1,0,1,1,1,0,0,0,0,0,1,1,1,0,1,0,0,1,0,0,0,1,1,0,1,1,1,0,0,0,1,1,1,0,1
0,0,1,0,1,0,1,0,0,1,0,1,0,0,0,1,1,1,0,1,0,0,1,1,1,1,0,1,1,1,0,0,0,0,0,1,1,1,0,1
0,0,1,0,1,0,1,1,1,1,0,1,0,0,0,1,1,1,0,1,0,0,1,0,1,0,1,0,0,1,0,1,0,0,0,1,1,1,0,1
0,0,1,1,0,0,1,0,0,1,0,1,0,0,0,1,1,1,0,1,0,0,1,0,1,0,1,1,1,1,0,1,0,0,0,1,1,1,0,1
0,0,0,1,0,1,1,1,0,1,1,1,0,0,0,1,1,1,0,1,0,0,1,1,0,0,1,0,0,1,0,1,0,0,0,1,1,1,0,1
0,0,1,1,0,1,1,1,0,1,1,1,0,0,0,1,1,1,0,1,0,0,0,1,0,1,1,1,0,1,1,1,0,0,0,1,1,1,0,1
0,0,0,1,1,0,0,0,1,1,1,1,0,0,0,1,1,1,0,1,0,0,1,1,0,1,1,1,0,1,1,1,0,0,0,1,1,1,0,1
0,0,0,1,1,0,1,0,1,1,1,0,0,0,0,1,1,1,0,1,0,0,0,1,1,0,0,0,1,1,1,1,0,0,0,1,1,1,0,1
0,0,1,1,0,1,0,0,1,1,0,0,0,1,1,0,1,0,1,1,0,0,0,1,1,0,1,0,1,1,1,0,0,0,0,1,1,1,0,1
0,0,1,0,0,0,0,1,1,1,1,1,0,1,1,0,1,0,1,1,0,0,1,1,0,1,0,0,1,1,0,0,0,1,1,0,1,0,1,1
0,0,1,1,1,0,1,0,1,1,1,0,0,1,1,0,1,0,1,1,0,0,1,0,0,0,0,1,1,1,1,1,0,1,1,0,1,0,1,1
0,0,1,1,0,1,0,0,1,1,0,1,1,1,1,0,1,0,1,1,0,0,1,1,1,0,1,0,1,1,1,0,0,1,1,0,1,0,1,1
0,0,0,1,0,0,1,1,1,1,0,0,0,1,1,0,1,0,1,1,0,0,1,1,0,1,0,0,1,1,0,1,1,1,1,0,1,0,1,1
0,0,1,0,0,0,0,1,1,1,0,0,0,1,1,0,1,0,1,1,0,0,0,1,0,0,1,1,1,1,0,0,0,1,1,0,1,0,1,1
0,0,1,0,0,0,0,0,0,1,1,1,0,1,1,0,1,0,1,1,0,0,1,0,0,0,0,1,1,1,0,0,0,1,1,0,1,0,1,1
0,0,0,1,0,1,1,0,0,1,1,0,0,1,1,0,1,0,1,1,0,0,1,0,0,0,0,0,0,1,1,1,0,1,1,0,1,0,1,1
0,0,0,1,1,0,0,1,1,1,1,1,0,1,0,1,1,0,1,1,0,0,0,1,0,1,1,0,0,1,1,0,0,1,1,0,1,0,1,1
0,0,1,0,0,1,1,0,0,1,0,0,0,1,0,1,1,0,1,1,0,0,0,1,1,0,0,1,1,1,1,1,0,1,0,1,1,0,1,1
0,0,0,1,0,0,1,0,1,1,0,0,0,1,0,1,1,0,1,1,0,0,1,0,0,1,1,0,0,1,0,0,0,1,0,1,1,0,1,1
0,0,0,0,0,1,1,0,0,1,0,1,0,1,0,1,1,0,1,1,0,0,0,1,0,0,1,0,1,1,0,0,0,1,0,1,1,0,1,1
0,0,1,0,1,1,1,1,1,1,0,0,0,1,0,1,1,0,1,1,0,0,0,0,0,1,1,0,0,1,0,1,0,1,0,1,1,0,1,1
0,0,1,1,0,1,1,1,1,1,1,1,0,1,0,1,1,0,1,1,0,0,1,0,1,1,1,1,1,1,0,0,0,1,0,1,1,0,1,1
0,0,0,0,1,1,1,1,1,1,1,1,0,1,0,1,1,0,1,1,0,0,1,1,0,1,1,1,1,1,1,1,0,1,0,1,1,0,1,1
0,0,1,1,1,0,0,1,1,1,0,0,0,1,0,1,1,0,1,1,0,0,0,0,1,1,1,1,1,1,1,1,0,1,0,1,1,0,1,1
0,0,0,1,1,1,0,1,1,1,1,1,0,1,0,1,1,0,1,1,0,0,1,1,1,0,0,1,1,1,0,0,0,1,0,1,1,0,1,1
0,0,0,1,1,1,1,1,0,1,1,0,0,1,0,1,1,0,1,1,0,0,0,1,1,1,0,1,1,1,1,1,0,1,0,1,1,0,1,1
0,0,1,1,1,1,0,0,0,1,0,1,0,1,1,1,1,1,0,1,0,0,0,1,1,1,1,1,0,1,1,0,0,1,0,1,1,0,1,1
0,0,1,1,1,0,0,1,1,1,1,1,0,1,1,1,1,1,0,1,0,0,1,1,1,1,0,0,0,1,0,1,0,1,1,1,1,1,0,1
0,0,0,0,0,1,1,0,1,1,0,0,0,1,1,1,1,1,0,1,0,0,1,1,1,0,0,1,1,1,1,1,0,1,1,1,1,1,0,1
0,0,0,1,1,1,0,1,1,1,0,1,0,1,1,1,1,1,0,1,0,0,0,0,0,1,1,0,1,1,0,0,0,1,1,1,1,1,0,1
0,0,1,1,1,0,0,1,1,1,0,0,0,1,1,1,1,1,0,1,0,0,0,1,1,1,0,1,1,1,0,1,0,1,1,1,1,1,0,1
0,0,0,1,1,1,1,1,1,1,1,0,0,1,1,1,1,1,0,1,0,0,1,1,1,0,0,1,1,1,0,0,0,1,1,1,1,1,0,1
0,0,1,0,0,0,1,1,1,1,0,1,0,1,1,1,1,1,1,1,0,0,0,1,1,1,1,1,1,1,1,0,0,1,1,1,1,1,0,1
0,0,0,0,1,0,1,1,1,1,1,0,0,1,1,1,1,1,1,1,0,0,1,0,0,0,1,1,1,1,0,1,0,1,1,1,1,1,1,1
0,0,1,1,0,0,1,1,0,1,0,0,0,0,1,0,1,1,1,1,0,0,0,0,1,0,1,1,1,1,1,0,0,1,1,1,1,1,1,1
0,0,0,1,1,0,0,0,1,1,0,1,0,0,1,0,1,1,1,1,0,0,1,1,0,0,1,1,0,1,0,0,0,0,1,0,1,1,1,1
0,0,1,1,0,0,0,0,0,1,0,0,0,0,1,0,1,1,1,1,0,0,0,1,1,0,0,0,1,1,0,1,0,0,1,0,1,1,1,1
0,0,0,0,0,1,0,0,0,1,1,1,0,0,1,0,1,1,1,1,0,0,1,1,0,0,0,0,0,1,0,0,0,0,1,0,1,1,1,1
0,0,0,1,0,0,0,0,0,1,1,1,0,0,1,0,1,1,1,1,0,0,0,0,0,1,0,0,0,1,1,1,0,0,1,0,1,1,1,1
0,0,0,0,1,0,0,1,0,1,0,0,0,0,1,0,1,1,1,1,0,0,0,1,0,0,0,0,0,1,1,1,0,0,1,0,1,1,1,1
0,0,1,0,0,0,0,1,1,1,0,0,0,0,1,0,1,1,1,1,0,0,0,0,1,0,0,1,0,1,0,0,0,0,1,0,1,1,1,1
0,0,0,0,0,1,0,1,1,1,1,0,0,0,1,0,1,1,1,1,0,0,1,0,0,0,0,1,1,1,0,0,0,0,1,0,1,1,1,1
0,0,0,0,1,1,1,1,1,1,0,1,0,0,0,1,0,1,1,1,0,0,0,0,0,1,0,1,1,1,1,0,0,0,1,0,1,1,1,1
0,0,0,1,0,1,0,0,1,1,1,0,0,0,0,1,0,1,1,1,0,0,0,0,1,1,1,1,1,1,0,1,0,0,0,1,0,1,1,1
0,0,1,1,0,1,1,1,1,1,0,0,0,1,0,1,0,0,1,1,0,0,0,1,0,1,0,0,1,1,1,0,0,0,0,1,0,1,1,1
0,0,1,1,1,0,1,1,1,1,1,1,0,1,0,1,0,0,1,1,0,0,1,1,0,1,1,1,1,1,0,0,0,1,0,1,0,0,1,1
0,0,1,0,0,1,0,1,1,1,0,1,0,1,0,1,0,0,1,1,0,0,1,1,1,0,1,1,1,1,1,1,0,1,0,1,0,0,1,1
0,0,1,1,0,1,1,1,0,1,0,0,0,1,0,1,0,0,1,1,0,0,1,0,0,1,0,1,1,1,0,1,0,1,0,1,0,0,1,1
0,0,0,1,0,1,1,1,1,1,0,1,0,1,0,1,0,0,1,1,0,0,1,1,0,1,1,1,0,1,0,0,0,1,0,1,0,0,1,1
0,0,0,0,1,1,1,0,1,1,0,1,0,1,0,1,0,0,1,1,0,0,0,1,0,1,1,1,1,1,0,1,0,1,0,1,0,0,1,1
0,0,1,0,1,1,1,1,1,1,0,1,0,1,0,1,0,0,1,1,0,0,0,0,1,1,1,0,1,1,0,1,0,1,0,1,0,0,1,1
0,0,0,0,1,1,0,0,1,1,1,1,0,1,0,1,0,0,1,1,0,0,1,0,1,1,1,1,1,1,0,1,0,1,0,1,0,0,1,1
0,0,0,0,1,1,0,0,1,1,1,0,0,1,0,1,0,0,1,1,0,0,0,0,1,1,0,0,1,1,1,1,0,1,0,1,0,0,1,1
0,0,1,0,0,1,0,1,0,1,1,0,0,0,1,1,0,0,1,1,0,0,0,0,1,1,0,0,1,1,1,0,0,1,0,1,0,0,1,1
0,0,0,1,1,1,1,1,0,1,1,0,1,0,0,1,0,1,0,1,0,0,1,0,0,1,0,1,0,1,1,0,0,0,1,1,0,0,1,1
0,0,0,0,1,1,0,1,0,1,1,1,0,1,1,1,1,1,0,1,0,0,0,1,1,1,1,1,0,1,1,0,1,0,0,1,0,1,0,1
0,0,1,0,1,0,0,1,0,1,0,1,0,1,1,1,1,1,0,1,0,0,0,0,1,1,0,1,0,1,1,1,0,1,1,1,1,1,0,1
0,0,0,1,1,1,0,0,1,1,1,0,0,1,1,1,1,1,0,1,0,0,1,0,1,0,0,1,0,1,0,1,0,1,1,1,1,1,0,1
0,0,1,1,0,1,1,1,1,1,0,0,0,1,1,1,0,0,1,1,0,0,0,1,1,1,0,0,1,1,1,0,0,1,1,1,1,1,0,1
0,0,0,0,0,1,0,0,0,1,1,0,0,1,1,1,0,0,1,1,0,0,1,1,0,1,1,1,1,1,0,0,0,1,1,1,0,0,1,1
0,0,0,1,1,0,0,0,1,1,1,1,0,0,0,1,0,0,0,1,0,0,0,0,0,1,0,0,0,1,1,0,0,1,1,1,0,0,1,1
0,0,1,1,1,1,1,0,0,1,1,0,0,0,0,1,0,0,0,1,0,0,0,1,1,0,0,0,1,1,1,1,0,0,0,1,0,0,0,1
0,0,0,0,0,1,1,1,0,1,1,0,1,1,1,1,1,0,0,1,0,0,1,1,1,1,1,0,0,1,1,0,0,0,0,1,0,0,0,1
0,0,0,1,0,1,1,1,0,1,1,0,0,0,0,1,1,1,0,1,0,0,0,0,0,1,1,1,0,1,1,0,1,1,1,1,1,0,0,1
0,0,1,1,1,1,1,1,1,1,1,1,0,1,0,1,1,1,0,1,0,0,0,1,0,1,1,1,0,1,1,0,0,0,0,1,1,1,0,1
0,0,1,0,0,0,0,0,1,1,0,0,0,1,0,1,1,1,0,1,0,0,1,1,1,1,1,1,1,1,1,1,0,1,0,1,1,1,0,1
0,0,1,0,1,1,0,1,1,1,0,0,0,1,0,1,1,1,0,1,0,0,1,0,0,0,0,0,1,1,0,0,0,1,0,1,1,1,0,1
0,0,1,0,1,0,0,1,0,1,1,1,0,1,0,1,1,1,0,1,0,0,1,0,1,1,0,1,1,1,0,0,0,1,0,1,1,1,0,1
0,0,1,1,0,0,1,0,1,1,1,1,0,1,0,1,1,1,0,1,0,0,1,0,1,0,0,1,0,1,1,1,0,1,0,1,1,1,0,1
0,0,0,1,0,1,0,1,1,1,1,0,0,1,0,1,1,1,0,1,0,0,1,1,0,0,1,0,1,1,1,1,0,1,0,1,1,1,0,1
0,0,0,1,0,0,1,1,1,1,1,1,0,1,0,1,0,1,1,1,0,0,0,1,0,1,0,1,1,1,1,0,0,1,0,1,1,1,0,1
0,0,0,0,1,0,1,1,0,1,1,0,0,1,0,1,0,1,1,1,0,0,0,1,0,0,1,1,1,1,1,1,0,1,0,1,0,1,1,1
0,0,1,0,1,1,1,1,0,1,0,0,0,0,1,0,1,1,0,1,0,0,0,0,1,0,1,1,0,1,1,0,0,1,0,1,0,1,1,1
0,0,1,1,1,0,0,1,1,1,0,0,0,0,1,0,1,1,0,1,0,0,1,0,1,1,1,1,0,1,0,0,0,0,1,0,1,1,0,1
0,0,1,1,0,0,1,0,0,1,0,1,0,0,1,0,1,1,0,1,0,0,1,1,1,0,0,1,1,1,0,0,0,0,1,0,1,1,0,1
0,0,1,1,1,1,0,0,0,1,1,1,0,0,1,0,1,1,0,1,0,0,1,1,0,0,1,0,0,1,0,1,0,0,1,0,1,1,0,1
0,0,1,0,1,1,0,1,0,1,1,1,0,0,1,0,1,1,0,1,0,0,1,1,1,1,0,0,0,1,1,1,0,0,1,0,1,1,0,1
0,0,1,1,1,1,1,1,0,1,1,1,0,0,1,0,1,1,0,1,0,0,1,0,1,1,0,1,0,1,1,1,0,0,1,0,1,1,0,1
0,0,0,0,1,0,1,0,1,1,1,1,0,0,1,0,1,1,0,1,0,0,1,1,1,1,1,1,0,1,1,1,0,0,1,0,1,1,0,1
0,0,1,0,1,0,1,0,1,1,0,0,0,0,1,0,1,1,0,1,0,0,0,0,1,0,1,0,1,1,1,1,0,0,1,0,1,1,0,1
0,0,0,1,0,0,1,1,0,1,1,1,0,0,1,0,1,1,0,1,0,0,1,0,1,0,1,0,1,1,0,0,0,0,1,0,1,1,0,1
0,0,0,1,0,1,0,1,1,1,1,1,0,0,1,0,1,1,0,1,0,0,0,1,0,0,1,1,0,1,1,1,0,0,1,0,1,1,0,1
0,0,0,0,0,1,1,1,0,1,0,1,0,0,1,0,1,1,0,1,0,0,0,1,0,1,0,1,1,1,1,1,0,0,1,0,1,1,0,1
