clk,req2,req1,gnt1,rst,state,gnt2,[1]clk,[1]req2,[1]req1,[1]gnt1,[1]rst,[1]state,[1]gnt2,[2]clk,[2]req2,[2]req1,[2]gnt1,[2]rst,[2]state,[2]gnt2,[3]clk,[3]req2,[3]req1,[3]gnt1,[3]rst,[3]state,[3]gnt2
0,0,1,1,0,0,0,0,1,1,0,0,1,1,0,1,1,1,0,0,0,0,1,0,0,0,0,1
0,1,1,0,0,1,1,0,0,1,1,0,0,0,0,1,1,0,0,1,1,0,1,1,1,0,0,0
0,1,0,0,0,0,1,0,1,1,0,0,1,1,0,0,1,1,0,0,0,0,1,1,0,0,1,1
0,0,1,1,0,0,0,0,1,0,0,0,0,1,0,1,1,0,0,1,1,0,0,1,1,0,0,0
0,0,1,1,0,1,0,0,0,1,1,0,0,0,0,1,0,0,0,0,1,0,1,1,0,0,1,1
0,0,1,1,0,1,0,0,0,1,1,0,1,0,0,0,1,1,0,0,0,0,1,0,0,0,0,1
0,1,1,0,0,1,1,0,0,1,1,0,1,0,0,0,1,1,0,1,0,0,0,1,1,0,0,0
0,1,0,0,0,0,1,0,1,1,0,0,1,1,0,0,1,1,0,1,0,0,0,1,1,0,1,0
0,0,0,0,0,0,0,0,1,0,0,0,0,1,0,1,1,0,0,1,1,0,0,1,1,0,1,0
0,1,0,0,0,0,1,0,0,0,0,0,0,0,0,1,0,0,0,0,1,0,1,1,0,0,1,1
0,1,0,0,0,0,1,0,1,0,0,0,0,1,0,0,0,0,0,0,0,0,1,0,0,0,0,1
0,1,1,1,0,0,0,0,1,0,0,0,0,1,0,1,0,0,0,0,1,0,0,0,0,0,0,0
0,0,1,1,0,1,0,0,1,1,1,0,0,0,0,1,0,0,0,0,1,0,1,0,0,0,0,1
0,0,0,0,0,1,0,0,0,1,1,0,1,0,0,1,1,1,0,0,0,0,1,0,0,0,0,1
0,1,0,0,0,0,1,0,0,0,0,0,1,0,0,0,1,1,0,1,0,0,1,1,1,0,0,0
0,1,0,0,0,0,1,0,1,0,0,0,0,1,0,0,0,0,0,1,0,0,0,1,1,0,1,0
0,1,1,1,0,0,0,0,1,0,0,0,0,1,0,1,0,0,0,0,1,0,0,0,0,0,1,0
0,1,1,0,0,1,1,0,1,1,1,0,0,0,0,1,0,0,0,0,1,0,1,0,0,0,0,1
0,0,0,0,0,0,0,0,1,1,0,0,1,1,0,1,1,1,0,0,0,0,1,0,0,0,0,1
0,1,1,1,0,0,0,0,0,0,0,0,0,0,0,1,1,0,0,1,1,0,1,1,1,0,0,0
0,0,1,1,0,1,0,0,1,1,1,0,0,0,0,0,0,0,0,0,0,0,1,1,0,0,1,1
0,0,0,0,0,1,0,0,0,1,1,0,1,0,0,1,1,1,0,0,0,0,0,0,0,0,0,0
0,0,0,0,0,0,0,0,0,0,0,0,1,0,0,0,1,1,0,1,0,0,1,1,1,0,0,0
0,0,1,1,0,0,0,0,0,0,0,0,0,0,0,0,0,0,0,1,0,0,0,1,1,0,1,0
0,1,0,0,0,1,1,0,0,1,1,0,0,0,0,0,0,0,0,0,0,0,0,0,0,0,1,0
0,0,1,1,0,0,0,0,1,0,0,0,1,1,0,0,1,1,0,0,0,0,0,0,0,0,0,0
0,0,0,0,0,1,0,0,0,1,1,0,0,0,0,1,0,0,0,1,1,0,0,1,1,0,0,0
0,0,0,0,0,0,0,0,0,0,0,0,1,0,0,0,1,1,0,0,0,0,1,0,0,0,1,1
0,1,1,1,0,0,0,0,0,0,0,0,0,0,0,0,0,0,0,1,0,0,0,1,1,0,0,0
0,1,1,0,0,1,1,0,1,1,1,0,0,0,0,0,0,0,0,0,0,0,0,0,0,0,1,0
0,0,1,1,0,0,0,0,1,1,0,0,1,1,0,1,1,1,0,0,0,0,0,0,0,0,0,0
0,1,0,0,0,1,1,0,0,1,1,0,0,0,0,1,1,0,0,1,1,0,1,1,1,0,0,0
0,1,1,1,0,0,0,0,1,0,0,0,1,1,0,0,1,1,0,0,0,0,1,1,0,0,1,1
0,0,0,0,0,1,0,0,1,1,1,0,0,0,0,1,0,0,0,1,1,0,0,1,1,0,0,0
0,1,1,1,0,0,0,0,0,0,0,0,1,0,0,1,1,1,0,0,0,0,1,0,0,0,1,1
0,1,0,0,0,1,1,0,1,1,1,0,0,0,0,0,0,0,0,1,0,0,1,1,1,0,0,0
0,0,1,1,0,0,0,0,1,0,0,0,1,1,0,1,1,1,0,0,0,0,0,0,0,0,1,0
0,1,1,0,0,1,1,0,0,1,1,0,0,0,0,1,0,0,0,1,1,0,1,1,1,0,0,0
0,0,1,1,0,0,0,0,1,1,0,0,1,1,0,0,1,1,0,0,0,0,1,0,0,0,1,1
0,1,1,0,0,1,1,0,0,1,1,0,0,0,0,1,1,0,0,1,1,0,0,1,1,0,0,0
0,0,0,0,0,0,0,0,1,1,0,0,1,1,0,0,1,1,0,0,0,0,1,1,0,0,1,1
0,0,0,0,0,0,0,0,0,0,0,0,0,0,0,1,1,0,0,1,1,0,0,1,1,0,0,0
0,1,1,1,0,0,0,0,0,0,0,0,0,0,0,0,0,0,0,0,0,0,1,1,0,0,1,1
0,0,0,0,0,1,0,0,1,1,1,0,0,0,0,0,0,0,0,0,0,0,0,0,0,0,0,0
0,1,1,1,0,0,0,0,0,0,0,0,1,0,0,1,1,1,0,0,0,0,0,0,0,0,0,0
0,1,1,0,0,1,1,0,1,1,1,0,0,0,0,0,0,0,0,1,0,0,1,1,1,0,0,0
0,0,1,1,0,0,0,0,1,1,0,0,1,1,0,1,1,1,0,0,0,0,0,0,0,0,1,0
0,0,1,1,0,0,0,0,1,1,0,0,1,1,0,0,1,1,0,0,0,0,1,1,0,0,1,1
0,0,0,0,0,1,0,0,0,1,1,0,0,0,0,1,1,0,0,1,1,0,0,1,1,0,0,0
0,0,0,0,0,0,0,0,0,0,0,0,1,0,0,0,1,1,0,0,0,0,1,1,0,0,1,1
0,0,0,0,0,0,0,0,0,0,0,0,0,0,0,0,0,0,0,1,0,0,0,1,1,0,0,0
0,1,1,1,0,0,0,0,0,0,0,0,0,0,0,0,0,0,0,0,0,0,0,0,0,0,1,0
0,1,1,0,0,1,1,0,1,1,1,0,0,0,0,0,0,0,0,0,0,0,0,0,0,0,0,0
0,1,1,1,0,0,0,0,0,0,0,0,0,0,0,1,1,0,0,1,1,0,0,1,1,0,0,0
0,1,0,0,0,1,1,0,1,1,1,0,0,0,0,0,0,0,0,0,0,0,1,1,0,0,1,1
0,1,1,1,0,0,0,0,1,0,0,0,1,1,0,1,1,1,0,0,0,0,0,0,0,0,0,0
0,0,1,1,0,1,0,0,1,1,1,0,0,0,0,1,0,0,0,1,1,0,1,1,1,0,0,0
0,0,0,0,0,1,0,0,0,1,1,0,1,0,0,1,1,1,0,0,0,0,1,0,0,0,1,1
0,0,1,1,0,0,0,0,0,0,0,0,1,0,0,0,1,1,0,1,0,0,1,1,1,0,0,0
0,0,0,0,0,1,0,0,0,1,1,0,0,0,0,0,0,0,0,1,0,0,0,1,1,0,1,0
0,1,1,1,0,0,0,0,0,0,0,0,1,0,0,0,1,1,0,0,0,0,0,0,0,0,1,0
0,0,0,0,0,1,0,0,1,1,1,0,0,0,0,0,0,0,0,1,0,0,0,1,1,0,0,0
0,0,1,1,0,0,0,0,0,0,0,0,1,0,0,1,1,1,0,0,0,0,0,0,0,0,1,0
0,0,0,0,0,1,0,0,0,1,1,0,0,0,0,0,0,0,0,1,0,0,1,1,1,0,0,0
0,0,1,1,0,0,0,0,0,0,0,0,1,0,0,0,1,1,0,0,0,0,0,0,0,0,1,0
0,1,0,0,0,1,1,0,0,1,1,0,0,0,0,0,0,0,0,1,0,0,0,1,1,0,0,0
0,1,0,0,0,0,1,0,1,0,0,0,1,1,0,0,1,1,0,0,0,0,0,0,0,0,1,0
0,1,1,1,0,0,0,0,1,0,0,0,0,1,0,1,0,0,0,1,1,0,0,1,1,0,0,0
0,1,1,0,0,1,1,0,1,1,1,0,0,0,0,1,0,0,0,0,1,0,1,0,0,0,1,1
0,1,0,0,0,0,1,0,0,0,0,0,0,0,0,1,1,0,0,1,1,0,1,1,1,0,0,0
0,0,0,0,0,0,0,0,1,0,0,0,0,1,0,0,0,0,0,0,0,0,1,1,0,0,1,1
0,1,1,1,0,0,0,0,0,0,0,0,0,0,0,1,0,0,0,0,1,0,0,0,0,0,0,0
0,0,0,0,0,1,0,0,1,1,1,0,0,0,0,0,0,0,0,0,0,0,1,0,0,0,0,1
0,1,0,0,0,0,1,0,0,0,0,0,1,0,0,1,1,1,0,0,0,0,0,0,0,0,0,0
0,0,1,1,0,0,0,0,1,0,0,0,0,1,0,0,0,0,0,1,0,0,1,1,1,0,0,0
0,0,0,0,0,1,0,0,0,1,1,0,0,0,0,1,0,0,0,0,1,0,0,0,0,0,1,0
0,1,1,1,0,0,0,0,0,0,0,0,1,0,0,0,1,1,0,0,0,0,1,0,0,0,0,1
0,1,0,0,0,0,1,0,0,0,0,0,1,0,0,1,1,1,0,0,0,0,0,0,0,0,1,0
0,0,0,0,0,0,0,0,1,0,0,0,0,1,0,0,0,0,0,1,0,0,1,1,1,0,0,0
0,0,1,1,0,0,0,0,0,0,0,0,0,0,0,1,0,0,0,0,1,0,0,0,0,0,1,0
0,0,0,0,0,1,0,0,0,1,1,0,0,0,0,0,0,0,0,0,0,0,1,0,0,0,0,1
0,0,1,1,0,0,0,0,0,0,0,0,1,0,0,0,1,1,0,0,0,0,0,0,0,0,0,0
0,1,1,0,0,1,1,0,0,1,1,0,0,0,0,0,0,0,0,1,0,0,0,1,1,0,0,0
0,0,0,0,0,0,0,0,1,1,0,0,1,1,0,0,1,1,0,0,0,0,0,0,0,0,1,0
0,0,1,1,0,0,0,0,0,0,0,0,0,0,0,0,0,0,0,0,0,0,1,1,0,0,1,1
0,0,0,0,0,1,0,0,0,1,1,0,0,0,0,0,0,0,0,0,0,0,0,0,0,0,0,0
0,1,0,0,0,0,1,0,0,0,0,0,1,0,0,0,1,1,0,0,0,0,0,0,0,0,0,0
0,1,1,1,0,0,0,0,1,0,0,0,0,1,0,0,0,0,0,1,0,0,0,1,1,0,0,0
0,1,0,0,0,1,1,0,1,1,1,0,0,0,0,1,0,0,0,0,1,0,0,0,0,0,1,0
0,1,1,1,0,0,0,0,1,0,0,0,1,1,0,1,1,1,0,0,0,0,1,0,0,0,0,1
0,0,0,0,0,1,0,0,1,1,1,0,0,0,0,1,0,0,0,1,1,0,1,1,1,0,0,0
0,0,1,1,0,0,0,0,0,0,0,0,1,0,0,1,1,1,0,0,0,0,0,0,0,0,0,0
0,1,0,0,0,1,1,0,0,1,1,0,0,0,0,0,0,0,0,1,0,0,1,1,1,0,0,0
0,0,0,0,0,0,0,0,1,0,0,0,1,1,0,0,1,1,0,0,0,0,0,0,0,0,1,0
0,0,1,1,0,0,0,0,0,0,0,0,0,0,0,1,0,0,0,1,1,0,0,1,1,0,0,0
0,1,0,0,0,1,1,0,0,1,1,0,0,0,0,0,0,0,0,0,0,0,1,0,0,0,1,1
0,1,1,1,0,0,0,0,1,0,0,0,1,1,0,0,1,1,0,0,0,0,0,0,0,0,0,0
0,1,0,0,0,0,1,0,0,0,0,0,1,0,0,1,1,1,0,0,0,0,1,0,0,0,1,1
0,0,0,0,0,0,0,0,1,0,0,0,0,1,0,0,0,0,0,1,0,0,0,1,1,0,0,0
0,1,0,0,0,0,1,0,0,0,0,0,0,0,0,1,0,0,0,0,1,0,0,0,0,0,1,0
0,0,1,1,0,0,0,0,1,0,0,0,0,1,0,0,0,0,0,0,0,0,1,0,0,0,0,1
0,1,1,0,0,1,1,0,0,1,1,0,0,0,0,1,0,0,0,0,1,0,0,0,0,0,0,0
0,1,1,1,0,0,0,0,1,1,0,0,1,1,0,0,1,1,0,0,0,0,1,0,0,0,0,1
0,1,0,0,0,1,1,0,1,1,1,0,0,0,0,1,1,0,0,1,1,0,0,1,1,0,0,0
0,1,1,1,0,0,0,0,1,0,0,0,1,1,0,1,1,1,0,0,0,0,1,1,0,0,1,1
0,0,1,1,0,0,0,0,0,0,0,0,1,0,0,1,1,1,0,0,0,0,1,0,0,0,1,1
0,0,1,1,0,0,0,0,1,0,0,0,1,1,0,0,1,1,0,0,0,0,0,0,0,0,1,0
0,1,0,0,0,1,1,0,0,1,1,0,0,0,0,1,0,0,0,1,1,0,0,1,1,0,0,0
0,0,0,0,0,0,0,0,1,0,0,0,1,1,0,0,1,1,0,0,0,0,1,0,0,0,1,1
0,1,1,0,0,1,1,0,0,1,1,0,0,0,0,0,0,0,0,0,0,0,1,0,0,0,1,1
0,1,0,0,0,0,1,0,1,1,0,0,1,1,0,0,1,1,0,0,0,0,0,0,0,0,0,0
0,1,0,0,0,0,1,0,1,0,0,0,0,1,0,1,1,0,0,1,1,0,0,1,1,0,0,0
0,0,0,0,0,0,0,0,1,0,0,0,0,1,0,1,0,0,0,0,1,0,1,1,0,0,1,1
0,0,1,1,0,0,0,0,0,0,0,0,0,0,0,1,0,0,0,0,1,0,1,0,0,0,0,1
0,1,1,1,0,0,0,0,0,0,0,0,1,0,0,0,1,1,0,0,0,0,0,0,0,0,0,0
0,1,1,0,0,1,1,0,1,1,1,0,0,0,0,0,0,0,0,1,0,0,0,1,1,0,0,0
0,1,0,0,0,0,1,0,0,0,0,0,0,0,0,0,0,0,0,1,0,0,0,1,1,0,0,0
0,1,1,1,0,0,0,0,1,0,0,0,0,1,0,0,0,0,0,0,0,0,0,0,0,0,1,0
0,1,1,0,0,1,1,0,1,1,1,0,0,0,0,1,0,0,0,0,1,0,0,0,0,0,0,0
0,1,1,1,0,0,0,0,1,1,0,0,1,1,0,1,1,1,0,0,0,0,1,0,0,0,0,1
0,1,0,0,0,1,1,0,1,1,1,0,0,0,0,1,1,0,0,1,1,0,1,1,1,0,0,0
0,1,1,0,0,1,1,0,1,1,1,0,0,0,0,1,0,0,0,1,1,0,1,1,1,0,0,0
0,1,1,1,0,0,0,0,1,1,0,0,1,1,0,1,1,1,0,0,0,0,1,0,0,0,1,1
0,0,1,1,0,1,0,0,1,1,1,0,0,0,0,1,1,0,0,1,1,0,1,1,1,0,0,0
0,1,0,0,0,1,1,0,0,1,1,0,1,0,0,1,1,1,0,0,0,0,1,1,0,0,1,1
0,0,1,1,0,0,0,0,1,0,0,0,1,1,0,0,1,1,0,1,0,0,1,1,1,0,0,0
0,0,0,0,0,1,0,0,0,1,1,0,0,0,0,1,0,0,0,1,1,0,0,1,1,0,1,0
0,1,0,0,0,0,1,0,0,0,0,0,1,0,0,0,1,1,0,0,0,0,1,0,0,0,1,1
0,0,0,0,0,0,0,0,0,0,0,0,0,0,0,1,0,0,0,0,1,0,0,0,0,0,1,0
0,0,0,0,0,0,0,0,0,0,0,0,0,0,0,0,0,0,0,0,0,0,1,0,0,0,0,1
0,0,1,1,0,0,0,0,0,0,0,0,0,0,0,0,0,0,0,0,0,0,0,0,0,0,0,0
0,1,0,0,0,1,1,0,0,1,1,0,0,0,0,0,0,0,0,0,0,0,0,0,0,0,0,0
0,0,0,0,0,0,0,0,1,0,0,0,1,1,0,0,1,1,0,0,0,0,0,0,0,0,0,0
0,0,0,0,0,0,0,0,0,0,0,0,0,0,0,1,0,0,0,1,1,0,0,1,1,0,0,0
0,1,1,1,0,0,0,0,0,0,0,0,0,0,0,0,0,0,0,0,0,0,1,0,0,0,1,1
0,0,1,1,0,1,0,0,0,1,1,0,0,0,0,1,1,0,0,1,1,0,0,1,1,0,0,0
0,1,0,0,0,1,1,0,0,1,1,0,1,0,0,0,1,1,0,0,0,0,1,1,0,0,1,1
0,0,1,1,0,0,0,0,1,0,0,0,1,1,0,0,1,1,0,1,0,0,0,1,1,0,0,0
0,0,1,1,0,1,0,0,0,1,1,0,0,0,0,1,0,0,0,1,1,0,0,1,1,0,1,0
0,1,0,0,0,1,1,0,0,1,1,0,1,0,0,0,1,1,0,0,0,0,1,0,0,0,1,1
0,0,0,0,0,0,0,0,1,0,0,0,1,1,0,0,1,1,0,1,0,0,0,1,1,0,0,0
0,0,0,0,0,0,0,0,0,0,0,0,0,0,0,1,0,0,0,1,1,0,0,1,1,0,1,0
0,1,0,0,0,0,1,0,1,1,0,0,1,1,0,1,1,1,0,0,0,0,0,0,0,0,0,0
0,1,1,1,0,0,0,0,1,0,0,0,0,1,0,1,1,0,0,1,1,0,1,1,1,0,0,0
0,1,1,0,0,1,1,0,1,1,1,0,0,0,0,1,0,0,0,0,1,0,1,1,0,0,1,1
0,1,0,0,0,0,1,0,1,0,0,0,1,1,0,1,1,1,0,0,0,0,1,1,0,0,1,1
0,0,0,0,0,0,0,0,1,0,0,0,0,1,0,1,0,0,0,1,1,0,1,1,1,0,0,0
0,0,1,1,0,0,0,0,0,0,0,0,0,0,0,1,0,0,0,0,1,0,1,0,0,0,1,1
0,0,0,0,0,0,0,0,0,0,0,0,1,0,0,0,1,1,0,0,0,0,0,0,0,0,0,0
0,0,1,1,0,0,0,0,0,0,0,0,0,0,0,0,0,0,0,1,0,0,0,1,1,0,0,0
0,0,0,0,0,1,0,0,0,1,1,0,0,0,0,0,0,0,0,0,0,0,0,0,0,0,1,0
0,1,0,0,0,0,1,0,1,0,0,0,0,1,0,0,0,0,0,0,0,0,0,0,0,0,1,0
0,0,0,0,0,0,0,0,1,0,0,0,0,1,0,1,0,0,0,0,1,0,0,0,0,0,0,0
0,1,1,0,0,1,1,0,0,1,1,0,0,0,0,0,0,0,0,0,0,0,1,0,0,0,0,1
0,0,0,0,0,0,0,0,0,0,0,0,0,0,0,1,0,0,0,0,1,0,1,0,0,0,0,1
0,0,1,1,0,0,0,0,0,0,0,0,0,0,0,0,0,0,0,0,0,0,1,0,0,0,0,1
0,0,1,1,0,1,0,0,0,1,1,0,0,0,0,0,0,0,0,0,0,0,0,0,0,0,0,0
0,1,1,0,0,1,1,0,0,1,1,0,1,0,0,0,1,1,0,0,0,0,0,0,0,0,0,0
0,1,0,0,0,0,1,0,1,1,0,0,1,1,0,0,1,1,0,1,0,0,0,1,1,0,0,0
0,1,0,0,0,0,1,0,1,0,0,0,0,1,0,1,1,0,0,1,1,0,0,1,1,0,1,0
0,1,1,1,0,0,0,0,1,0,0,0,0,1,0,1,0,0,0,0,1,0,1,1,0,0,1,1
0,1,0,0,0,1,1,0,1,1,1,0,0,0,0,1,0,0,0,0,1,0,1,0,0,0,0,1
0,0,1,1,0,0,0,0,1,0,0,0,1,1,0,1,1,1,0,0,0,0,1,0,0,0,0,1
0,1,0,0,0,1,1,0,0,1,1,0,0,0,0,1,0,0,0,1,1,0,1,1,1,0,0,0
0,0,1,1,0,0,0,0,1,0,0,0,1,1,0,0,1,1,0,0,0,0,1,0,0,0,1,1
0,1,1,1,0,0,0,0,0,0,0,0,0,0,0,1,0,0,0,1,1,0,0,1,1,0,0,0
0,0,0,0,0,1,0,0,1,1,1,0,0,0,0,0,0,0,0,0,0,0,1,0,0,0,1,1
0,0,1,1,0,1,0,0,0,1,1,0,0,0,0,1,0,0,0,1,1,0,0,1,1,0,0,0
0,1,1,0,0,1,1,0,0,1,1,0,1,0,0,0,1,1,0,0,0,0,1,0,0,0,1,1
0,1,1,1,0,0,0,0,1,0,0,0,0,1,0,1,1,0,0,1,1,0,0,1,1,0,1,0
0,1,0,0,0,1,1,0,1,1,1,0,0,0,0,1,0,0,0,0,1,0,1,1,0,0,1,1
0,1,0,0,0,1,1,0,1,1,1,0,0,0,0,0,0,0,0,0,0,0,1,0,0,0,1,1
0,1,0,0,0,0,1,0,1,0,0,0,1,1,0,1,1,1,0,0,0,0,0,0,0,0,0,0
0,1,1,1,0,0,0,0,1,0,0,0,0,1,0,1,0,0,0,1,1,0,1,1,1,0,0,0
0,0,1,1,0,1,0,0,1,1,1,0,0,0,0,1,0,0,0,0,1,0,1,0,0,0,1,1
0,1,0,0,0,1,1,0,0,1,1,0,1,0,0,1,1,1,0,0,0,0,1,0,0,0,0,1
0,1,0,0,0,0,1,0,1,0,0,0,1,1,0,0,1,1,0,1,0,0,1,1,1,0,0,0
0,1,0,0,0,0,1,0,1,0,0,0,0,1,0,1,0,0,0,1,1,0,0,1,1,0,1,0
0,0,1,1,0,0,0,0,1,0,0,0,0,1,0,1,0,0,0,0,1,0,1,0,0,0,1,1
0,1,0,0,0,1,1,0,0,1,1,0,0,0,0,1,0,0,0,0,1,0,1,0,0,0,0,1
0,1,1,1,0,0,0,0,1,0,0,0,1,1,0,0,1,1,0,0,0,0,1,0,0,0,0,1
0,1,1,1,0,0,0,0,1,0,0,0,1,1,0,0,1,1,0,0,0,0,0,0,0,0,1,0
0,1,0,0,0,1,1,0,1,1,1,0,0,0,0,1,0,0,0,1,1,0,0,1,1,0,0,0
0,0,1,1,0,0,0,0,1,0,0,0,1,1,0,1,1,1,0,0,0,0,1,0,0,0,1,1
0,0,0,0,0,1,0,0,0,1,1,0,0,0,0,1,0,0,0,1,1,0,1,1,1,0,0,0
0,1,1,1,0,0,0,0,0,0,0,0,1,0,0,0,1,1,0,0,0,0,1,0,0,0,1,1
0,0,1,1,0,1,0,0,1,1,1,0,0,0,0,0,0,0,0,1,0,0,0,1,1,0,0,0
0,0,0,0,0,1,0,0,0,1,1,0,1,0,0,1,1,1,0,0,0,0,0,0,0,0,1,0
0,1,1,1,0,0,0,0,0,0,0,0,1,0,0,0,1,1,0,1,0,0,1,1,1,0,0,0
0,1,1,0,0,1,1,0,1,1,1,0,0,0,0,0,0,0,0,1,0,0,0,1,1,0,1,0
0,1,0,0,0,0,1,0,1,1,0,0,1,1,0,1,1,1,0,0,0,0,0,0,0,0,1,0
0,0,0,0,0,0,0,0,1,0,0,0,1,1,0,1,1,1,0,0,0,0,1,1,0,0,1,1
0,1,0,0,0,0,1,0,0,0,0,0,0,0,0,1,0,0,0,1,1,0,1,1,1,0,0,0
0,1,1,1,0,0,0,0,1,0,0,0,0,1,0,0,0,0,0,0,0,0,1,0,0,0,1,1
0,1,1,0,0,1,1,0,1,1,1,0,0,0,0,1,1,0,0,1,1,0,1,1,1,0,0,0
0,0,0,0,0,0,0,0,1,1,0,0,1,1,0,1,1,1,0,0,0,0,1,1,0,0,1,1
0,1,0,0,0,0,1,0,0,0,0,0,0,0,0,1,0,0,0,0,1,0,0,0,0,0,0,0
0,0,0,0,0,1,0,0,0,1,1,0,0,0,0,1,0,0,0,0,1,0,0,0,0,0,0,0
0,1,0,0,0,1,1,0,1,1,1,0,0,0,0,0,0,0,0,1,0,0,0,1,1,0,0,0
0,1,0,0,0,0,1,0,1,0,0,0,1,1,0,1,1,1,0,0,0,0,0,0,0,0,1,0
0,1,0,0,0,0,1,0,0,0,0,0,0,0,0,1,0,0,0,0,1,0,1,0,0,0,1,1
0,1,1,1,0,0,0,0,1,0,0,0,0,1,0,0,0,0,0,0,0,0,1,0,0,0,0,1
0,1,0,0,0,1,1,0,1,1,1,0,0,0,0,1,0,0,0,0,1,0,0,0,0,0,0,0
0,1,0,0,0,0,1,0,1,0,0,0,1,1,0,1,1,1,0,0,0,0,1,0,0,0,0,1
0,1,0,0,0,0,1,0,1,0,0,0,0,1,0,1,0,0,0,1,1,0,1,1,1,0,0,0
0,0,0,0,0,1,0,0,0,1,1,0,0,0,0,1,0,0,0,0,1,0,1,0,0,0,0,1
0,1,0,0,0,0,1,0,0,0,0,0,1,0,0,0,1,1,0,0,0,0,1,0,0,0,0,1
0,0,1,1,0,0,0,0,1,0,0,0,0,1,0,0,0,0,0,1,0,0,0,1,1,0,0,0
0,1,0,0,0,1,1,0,0,1,1,0,0,0,0,1,0,0,0,0,1,0,0,0,0,0,1,0
0,1,0,0,0,0,1,0,1,0,0,0,1,1,0,0,1,1,0,0,0,0,1,0,0,0,0,1
0,1,0,0,0,0,1,0,1,0,0,0,0,1,0,1,0,0,0,1,1,0,0,1,1,0,0,0
0,1,1,0,0,1,1,0,0,1,1,0,0,0,0,1,0,0,0,0,1,0,1,0,0,0,0,1
0,0,0,0,0,0,0,0,1,1,0,0,1,1,0,0,1,1,0,0,0,0,1,0,0,0,0,1
0,0,0,0,0,1,0,0,0,1,1,0,0,0,0,1,1,0,0,1,1,0,1,1,1,0,0,0
0,1,1,1,0,0,0,0,1,1,0,0,1,1,0,1,1,1,0,0,0,0,0,0,0,0,0,0
0,0,0,0,0,1,0,0,0,1,1,0,1,0,0,1,1,1,0,0,0,0,1,1,0,0,1,1
0,1,0,0,0,0,1,0,0,0,0,0,0,0,0,0,0,0,0,1,0,0,0,1,1,0,1,0
0,0,1,1,0,0,0,0,1,0,0,0,0,1,0,0,0,0,0,0,0,0,0,0,0,0,1,0
0,0,1,1,0,1,0,0,0,1,1,0,0,0,0,1,0,0,0,0,1,0,0,0,0,0,0,0
0,1,1,0,0,1,1,0,0,1,1,0,1,0,0,0,1,1,0,0,0,0,1,0,0,0,0,1
0,0,1,1,0,0,0,0,1,1,0,0,1,1,0,0,1,1,0,1,0,0,0,1,1,0,0,0
0,0,0,0,0,1,0,0,0,1,1,0,0,0,0,1,1,0,0,1,1,0,0,1,1,0,1,0
0,1,1,1,0,0,0,0,0,0,0,0,1,0,0,0,1,1,0,0,0,0,1,1,0,0,1,1
0,0,0,0,0,0,0,0,1,0,0,0,1,1,0,1,1,1,0,0,0,0,0,0,0,0,1,0
0,0,0,0,0,0,0,0,0,0,0,0,0,0,0,1,0,0,0,1,1,0,1,1,1,0,0,0
0,0,0,0,0,0,0,0,0,0,0,0,0,0,0,0,0,0,0,0,0,0,1,0,0,0,1,1
0,0,1,1,0,1,0,0,1,1,1,0,0,0,0,0,0,0,0,0,0,0,1,0,0,0,1,1
0,1,0,0,0,1,1,0,0,1,1,0,1,0,0,1,1,1,0,0,0,0,0,0,0,0,0,0
0,1,1,1,0,0,0,0,1,0,0,0,1,1,0,0,1,1,0,1,0,0,1,1,1,0,0,0
0,0,1,1,0,1,0,0,1,1,1,0,0,0,0,1,0,0,0,1,1,0,0,1,1,0,1,0
0,1,1,0,0,1,1,0,0,1,1,0,1,0,0,1,1,1,0,0,0,0,1,0,0,0,1,1
0,1,1,1,0,0,0,0,1,1,0,0,1,1,0,0,1,1,0,1,0,0,1,1,1,0,0,0
0,1,0,0,0,1,1,0,1,1,1,0,0,0,0,1,1,0,0,1,1,0,0,1,1,0,1,0
0,0,1,1,0,0,0,0,0,0,0,0,0,0,0,1,0,0,0,1,1,0,1,1,1,0,0,0
0,1,1,1,0,0,0,0,0,0,0,0,0,0,0,0,0,0,0,0,0,0,0,0,0,0,0,0
0,1,1,1,0,0,0,0,1,1,0,0,1,1,0,1,1,1,0,0,0,0,0,0,0,0,1,0
0,0,1,1,0,1,0,0,0,1,1,0,1,0,0,1,1,1,0,0,0,0,1,1,0,0,1,1
0,0,0,0,0,1,0,0,0,1,1,0,1,0,0,0,1,1,0,1,0,0,1,1,1,0,0,0
0,1,1,1,0,0,0,0,0,0,0,0,1,0,0,0,1,1,0,1,0,0,0,1,1,0,1,0
0,1,0,0,0,1,1,0,1,1,1,0,0,0,0,0,0,0,0,1,0,0,0,1,1,0,1,0
0,1,1,1,0,0,0,0,1,0,0,0,1,1,0,1,1,1,0,0,0,0,0,0,0,0,1,0
0,0,0,0,0,0,0,0,0,0,0,0,1,0,0,1,1,1,0,0,0,0,1,0,0,0,1,1
0,1,1,1,0,0,0,0,0,0,0,0,0,0,0,0,0,0,0,1,0,0,1,1,1,0,0,0
0,0,1,1,0,1,0,0,1,1,1,0,0,0,0,0,0,0,0,0,0,0,0,0,0,0,1,0
0,0,1,1,0,1,0,0,0,1,1,0,1,0,0,1,1,1,0,0,0,0,0,0,0,0,0,0
0,0,0,0,0,0,0,0,0,0,0,0,1,0,0,0,1,1,0,1,0,0,0,1,1,0,1,0
0,0,0,0,0,0,0,0,0,0,0,0,0,0,0,0,0,0,0,1,0,0,0,1,1,0,1,0
0,0,1,1,0,0,0,0,0,0,0,0,0,0,0,0,0,0,0,0,0,0,0,0,0,0,1,0
0,1,1,0,0,1,1,0,1,1,1,0,0,0,0,1,0,0,0,1,1,0,0,1,1,0,0,0
0,0,0,0,0,0,0,0,1,1,0,0,1,1,0,1,1,1,0,0,0,0,1,0,0,0,1,1
0,0,0,0,0,0,0,0,0,0,0,0,0,0,0,1,1,0,0,1,1,0,1,1,1,0,0,0
0,0,1,1,0,0,0,0,0,0,0,0,1,0,0,0,1,1,0,0,0,0,1,1,0,0,1,1
0,0,1,1,0,1,0,0,0,1,1,0,0,0,0,0,0,0,0,1,0,0,0,1,1,0,0,0
0,0,0,0,0,1,0,0,0,1,1,0,1,0,0,0,1,1,0,0,0,0,0,0,0,0,1,0
0,0,0,0,0,0,0,0,0,0,0,0,1,0,0,0,1,1,0,1,0,0,0,1,1,0,0,0
0,1,1,0,0,1,1,0,0,1,1,0,0,0,0,0,0,0,0,0,0,0,0,0,0,0,1,0
0,0,0,0,0,0,0,0,1,1,0,0,1,1,0,0,1,1,0,1,0,0,0,1,1,0,0,0
0,1,1,1,0,0,0,0,0,0,0,0,0,0,0,1,1,0,0,1,1,0,0,1,1,0,1,0
0,0,0,0,0,1,0,0,1,1,1,0,0,0,0,0,0,0,0,0,0,0,1,1,0,0,1,1
0,0,0,0,0,0,0,0,0,0,0,0,1,0,0,1,1,1,0,0,0,0,0,0,0,0,0,0
0,1,0,0,0,1,1,0,0,1,1,0,1,0,0,1,1,1,0,0,0,0,1,0,0,0,1,1
0,1,0,0,0,1,1,0,0,1,1,0,0,0,0,1,0,0,0,1,1,0,0,1,1,0,1,0
0,1,0,0,0,0,1,0,1,0,0,0,1,1,0,0,1,1,0,0,0,0,1,0,0,0,1,1
0,0,0,0,0,0,0,0,0,0,0,0,1,0,0,0,1,1,0,0,0,0,1,0,0,0,0,1
0,0,1,1,0,1,0,0,0,1,1,0,0,0,0,0,0,0,0,0,0,0,0,0,0,0,1,0
0,0,0,0,0,1,0,0,0,1,1,0,1,0,0,0,1,1,0,0,0,0,0,0,0,0,0,0
0,0,1,1,0,0,0,0,0,0,0,0,1,0,0,0,1,1,0,1,0,0,0,1,1,0,0,0
0,1,0,0,0,1,1,0,0,1,1,0,0,0,0,0,0,0,0,1,0,0,0,1,1,0,1,0
0,1,0,0,0,0,1,0,1,1,0,0,1,1,0,1,1,1,0,0,0,0,1,0,0,0,0,1
0,0,1,1,0,0,0,0,1,0,0,0,0,1,0,1,1,0,0,1,1,0,1,1,1,0,0,0
0,1,0,0,0,1,1,0,0,1,1,0,0,0,0,1,0,0,0,0,1,0,1,1,0,0,1,1
0,1,0,0,0,0,1,0,1,0,0,0,0,1,0,1,1,0,0,1,1,0,1,1,1,0,0,0
0,1,0,0,0,0,1,0,1,0,0,0,0,1,0,1,0,0,0,0,1,0,1,1,0,0,1,1
0,0,1,1,0,0,0,0,1,0,0,0,0,1,0,1,0,0,0,0,1,0,1,0,0,0,0,1
0,1,0,0,0,0,1,0,1,0,0,0,1,1,0,0,1,1,0,0,0,0,0,0,0,0,0,0
0,0,0,0,0,0,0,0,1,0,0,0,0,1,0,1,0,0,0,1,1,0,0,1,1,0,0,0
0,1,0,0,0,0,1,0,1,0,0,0,0,1,0,0,0,0,0,1,0,0,0,1,1,0,0,0
0,0,1,1,0,0,0,0,1,0,0,0,0,1,0,1,0,0,0,0,1,0,0,0,0,0,1,0
0,0,1,1,0,1,0,0,0,1,1,0,1,0,0,1,1,1,0,0,0,0,1,0,0,0,0,1
0,1,0,0,0,1,1,0,0,1,1,0,1,0,0,0,1,1,0,1,0,0,1,1,1,0,0,0
0,1,1,1,0,0,0,0,1,0,0,0,1,1,0,0,1,1,0,1,0,0,0,1,1,0,1,0
0,1,0,0,0,1,1,0,1,1,1,0,0,0,0,1,0,0,0,1,1,0,0,1,1,0,1,0
0,1,1,1,0,0,0,0,1,0,0,0,1,1,0,1,1,1,0,0,0,0,1,0,0,0,1,1
0,0,1,1,0,0,0,0,1,1,0,0,1,1,0,1,1,1,0,0,0,0,1,0,0,0,1,1
0,0,1,1,0,1,0,0,0,1,1,0,0,0,0,1,1,0,0,1,1,0,1,1,1,0,0,0
0,0,0,0,0,1,0,0,0,1,1,0,1,0,0,0,1,1,0,0,0,0,1,1,0,0,1,1
0,0,1,1,0,1,0,0,0,1,1,0,0,0,0,0,0,0,0,1,0,0,0,1,1,0,1,0
0,0,1,1,0,1,0,0,0,1,1,0,1,0,0,0,1,1,0,0,0,0,0,0,0,0,1,0
0,0,0,0,0,1,0,0,0,1,1,0,1,0,0,0,1,1,0,1,0,0,0,1,1,0,0,0
0,1,0,0,0,0,1,0,0,0,0,0,1,0,0,0,1,1,0,1,0,0,0,1,1,0,1,0
0,0,0,0,0,0,0,0,1,0,0,0,0,1,0,0,0,0,0,1,0,0,0,1,1,0,1,0
0,0,1,1,0,1,0,0,0,1,1,0,0,0,0,0,0,0,0,0,0,0,1,0,0,0,0,1
0,1,0,0,0,1,1,0,0,1,1,0,1,0,0,0,1,1,0,0,0,0,0,0,0,0,0,0
0,1,1,0,0,1,1,0,0,1,1,0,0,0,0,1,0,0,0,1,1,0,0,1,1,0,0,0
0,1,1,1,0,0,0,0,1,1,0,0,1,1,0,0,1,1,0,0,0,0,1,0,0,0,1,1
0,1,1,1,0,0,0,0,0,0,0,0,0,0,0,1,0,0,0,1,1,0,1,1,1,0,0,0
0,0,1,1,0,0,0,0,1,0,0,0,1,1,0,1,1,1,0,0,0,0,0,0,0,0,0,0
0,0,1,1,0,1,0,0,0,1,1,0,1,0,0,0,1,1,0,0,0,0,1,1,0,0,1,1
0,0,0,0,0,0,0,0,0,0,0,0,0,0,0,0,0,0,0,0,0,0,0,0,0,0,1,0
0,0,1,1,0,1,0,0,1,1,1,0,0,0,0,0,0,0,0,0,0,0,0,0,0,0,0,0
0,0,0,0,0,1,0,0,1,1,1,0,0,0,0,0,0,0,0,1,0,0,1,1,1,0,0,0
0,0,0,0,0,0,0,0,0,0,0,0,1,0,0,1,1,1,0,0,0,0,0,0,0,0,1,0
0,0,1,1,0,0,0,0,0,0,0,0,0,0,0,0,0,0,0,1,0,0,1,1,1,0,0,0
0,0,1,1,0,0,0,0,1,0,0,0,0,1,0,1,0,0,0,0,1,0,1,1,0,0,1,1
0,0,0,0,0,0,0,0,0,0,0,0,0,0,0,1,0,0,0,0,1,0,1,0,0,0,1,1
0,1,1,1,0,0,0,0,1,0,0,0,1,1,0,0,1,1,0,1,0,0,0,1,1,0,0,0
0,0,1,1,0,0,0,0,1,1,0,0,1,1,0,0,1,1,0,1,0,0,1,1,1,0,0,0
0,1,0,0,0,1,1,0,0,1,1,0,0,0,0,1,1,0,0,1,1,0,0,1,1,0,1,0
0,1,0,0,0,0,1,0,1,0,0,0,0,1,0,1,0,0,0,0,1,0,1,0,0,0,1,1
0,1,0,0,0,0,1,0,1,0,0,0,0,1,0,1,0,0,0,0,1,0,1,0,0,0,0,1
0,0,0,0,0,0,0,0,1,0,0,0,0,1,0,1,0,0,0,0,1,0,1,0,0,0,0,1
0,1,0,0,0,0,1,0,0,0,0,0,0,0,0,1,0,0,0,0,1,0,1,0,0,0,0,1
0,0,0,0,0,0,0,0,1,0,0,0,0,1,0,0,0,0,0,0,0,0,1,0,0,0,0,1
0,1,1,0,0,1,1,0,1,1,1,0,0,0,0,0,0,0,0,0,0,0,1,0,0,0,0,1
0,1,1,0,0,1,1,0,0,1,1,0,1,0,0,1,1,1,0,0,0,0,1,0,0,0,0,1
0,0,0,0,0,1,0,0,1,1,1,0,0,0,0,1,1,0,0,1,1,0,0,1,1,0,1,0
0,1,0,0,0,0,1,0,0,0,0,0,1,0,0,1,1,1,0,0,0,0,1,1,0,0,1,1
0,1,0,0,0,1,1,0,0,1,1,0,1,0,0,1,1,1,0,0,0,0,0,0,0,0,1,0
0,0,0,0,0,0,0,0,1,0,0,0,1,1,0,0,1,1,0,1,0,0,1,1,1,0,0,0
0,1,0,0,0,0,1,0,0,0,0,0,0,0,0,0,0,0,0,1,0,0,1,1,1,0,0,0
0,0,0,0,0,1,0,0,0,1,1,0,0,0,0,0,0,0,0,1,0,0,0,1,1,0,0,0
0,1,1,1,0,0,0,0,1,1,0,0,1,1,0,0,1,1,0,0,0,0,0,0,0,0,1,0
0,0,0,0,0,1,0,0,1,1,1,0,0,0,0,1,1,0,0,1,1,0,0,1,1,0,0,0
0,1,1,1,0,0,0,0,1,0,0,0,0,1,0,0,0,0,0,1,0,0,1,1,1,0,0,0
0,0,0,0,0,1,0,0,1,1,1,0,0,0,0,1,0,0,0,0,1,0,0,0,0,0,1,0
0,0,0,0,0,0,0,0,0,0,0,0,1,0,0,1,1,1,0,0,0,0,1,0,0,0,0,1
0,0,0,0,0,1,0,0,1,1,1,0,0,0,0,1,0,0,0,0,1,0,0,0,0,0,0,0
0,1,0,0,0,0,1,0,0,0,0,0,1,0,0,1,1,1,0,0,0,0,1,0,0,0,0,1
0,1,0,0,0,0,1,0,1,0,0,0,0,1,0,0,0,0,0,1,0,0,1,1,1,0,0,0
0,1,0,0,0,0,1,0,1,0,0,0,0,1,0,1,0,0,0,0,1,0,0,0,0,0,1,0
0,1,1,1,0,0,0,0,1,0,0,0,0,1,0,1,0,0,0,0,1,0,1,0,0,0,0,1
0,0,0,0,0,0,0,0,1,1,0,0,1,1,0,0,1,1,0,1,0,0,1,1,1,0,0,0
0,0,1,1,0,0,0,0,0,0,0,0,0,0,0,1,1,0,0,1,1,0,0,1,1,0,1,0
0,0,0,0,0,1,0,0,0,1,1,0,0,0,0,0,0,0,0,0,0,0,1,1,0,0,1,1
0,1,0,0,0,1,1,0,1,1,1,0,0,0,0,1,0,0,0,0,1,0,1,0,0,0,1,1
0,0,0,0,0,1,0,0,1,1,1,0,0,0,0,1,0,0,0,0,1,0,1,0,0,0,1,1
0,0,0,0,0,0,0,0,0,0,0,0,0,0,0,0,0,0,0,1,0,0,1,1,1,0,0,0
0,1,0,0,0,0,1,0,0,0,0,0,0,0,0,0,0,0,0,0,0,0,0,0,0,0,1,0
0,1,1,1,0,0,0,0,1,0,0,0,0,1,0,0,0,0,0,0,0,0,0,0,0,0,0,0
0,0,0,0,0,1,0,0,1,1,1,0,0,0,0,1,1,0,0,1,1,0,1,1,1,0,0,0
0,1,1,1,0,0,0,0,0,0,0,0,1,0,0,1,1,1,0,0,0,0,1,1,0,0,1,1
0,0,1,1,0,1,0,0,1,1,1,0,0,0,0,0,0,0,0,1,0,0,1,1,1,0,0,0
0,1,1,0,0,1,1,0,0,1,1,0,1,0,0,1,1,1,0,0,0,0,0,0,0,0,1,0
0,1,0,0,0,0,1,0,1,1,0,0,1,1,0,0,1,1,0,1,0,0,1,1,1,0,0,0
0,0,1,1,0,0,0,0,1,0,0,0,0,1,0,1,0,0,0,1,1,0,1,1,1,0,0,0
0,0,0,0,0,1,0,0,0,1,1,0,0,0,0,1,0,0,0,0,1,0,1,0,0,0,1,1
0,0,1,1,0,0,0,0,0,0,0,0,1,0,0,0,1,1,0,0,0,0,1,0,0,0,0,1
0,0,0,0,0,0,0,0,0,0,0,0,1,0,0,0,1,1,0,0,0,0,0,0,0,0,1,0
0,1,0,0,0,0,1,0,1,1,0,0,1,1,0,0,1,1,0,0,0,0,0,0,0,0,1,0
0,0,0,0,0,0,0,0,1,0,0,0,0,1,0,1,1,0,0,1,1,0,0,1,1,0,0,0
0,0,0,0,0,0,0,0,0,0,0,0,0,0,0,1,0,0,0,0,1,0,1,1,0,0,1,1
0,1,1,1,0,0,0,0,0,0,0,0,0,0,0,0,0,0,0,0,0,0,1,0,0,0,0,1
0,0,0,0,0,0,0,0,1,1,0,0,1,1,0,1,1,1,0,0,0,0,0,0,0,0,0,0
0,0,1,1,0,0,0,0,0,0,0,0,0,0,0,1,1,0,0,1,1,0,1,1,1,0,0,0
0,1,1,0,0,1,1,0,0,1,1,0,0,0,0,0,0,0,0,0,0,0,1,1,0,0,1,1
0,0,1,1,0,0,0,0,1,1,0,0,1,1,0,0,1,1,0,0,0,0,0,0,0,0,0,0
0,1,1,1,0,0,0,0,1,0,0,0,0,1,0,1,1,0,0,1,1,0,0,1,1,0,0,0
0,0,1,1,0,1,0,0,1,1,1,0,0,0,0,1,0,0,0,0,1,0,1,1,0,0,1,1
0,0,1,1,0,1,0,0,1,1,1,0,0,0,0,0,0,0,0,1,0,0,0,1,1,0,1,0
0,0,1,1,0,1,0,0,0,1,1,0,1,0,0,1,1,1,0,0,0,0,0,0,0,0,1,0
0,0,1,1,0,0,0,0,1,0,0,0,1,1,0,0,1,1,0,1,0,0,0,1,1,0,1,0
0,0,1,1,0,0,0,0,1,1,0,0,1,1,0,0,1,1,0,0,0,0,1,0,0,0,0,1
0,0,1,1,0,1,0,0,0,1,1,0,0,0,0,1,0,0,0,1,1,0,1,1,1,0,0,0
0,1,1,0,0,1,1,0,0,1,1,0,0,0,0,1,1,0,0,1,1,0,0,1,1,0,1,0
0,1,1,1,0,0,0,0,0,0,0,0,0,0,0,1,0,0,0,0,1,0,1,0,0,0,0,1
0,1,1,0,0,1,1,0,0,1,1,0,0,0,0,1,0,0,0,1,1,0,0,1,1,0,1,0
0,0,0,0,0,0,0,0,1,0,0,0,0,1,0,0,0,0,0,0,0,0,1,0,0,0,1,1
0,0,1,1,0,0,0,0,0,0,0,0,0,0,0,1,0,0,0,0,1,0,0,0,0,0,0,0
0,0,1,1,0,0,0,0,0,0,0,0,1,0,0,0,1,1,0,0,0,0,1,0,0,0,1,1
0,1,0,0,0,0,1,0,1,1,0,0,1,1,0,0,1,1,0,0,0,0,1,0,0,0,0,1
0,1,1,1,0,0,0,0,1,0,0,0,0,1,0,1,0,0,0,1,1,0,0,1,1,0,1,0
0,1,0,0,0,0,1,0,0,0,0,0,0,0,0,0,0,0,0,0,0,0,1,1,0,0,1,1
0,0,1,1,0,1,0,0,1,1,1,0,0,0,0,1,0,0,0,0,1,0,0,0,0,0,0,0
0,0,1,1,0,1,0,0,0,1,1,0,1,0,0,0,1,1,0,1,0,0,1,1,1,0,0,0
0,0,0,0,0,1,0,0,0,1,1,0,1,0,0,0,1,1,0,1,0,0,0,1,1,0,1,0
0,1,0,0,0,0,1,0,0,0,0,0,0,0,0,0,0,0,0,0,0,0,0,0,0,0,0,0
0,1,1,0,0,1,1,0,0,1,1,0,1,0,0,1,1,1,0,0,0,0,0,0,0,0,0,0
0,1,0,0,0,1,1,0,0,1,1,0,0,0,0,1,0,0,0,0,1,0,0,0,0,0,0,0
0,0,1,1,0,0,0,0,1,0,0,0,0,1,0,0,0,0,0,0,0,0,1,1,0,0,1,1
0,0,1,1,0,1,0,0,0,1,1,0,0,0,0,1,1,0,0,1,1,0,0,1,1,0,1,0
0,1,0,0,0,0,1,0,0,0,0,0,1,0,0,0,1,1,0,1,0,0,0,1,1,0,0,0
0,1,1,0,0,1,1,0,0,1,1,0,0,0,0,1,0,0,0,0,1,0,1,0,0,0,1,1
0,1,1,1,0,0,0,0,1,1,0,0,1,1,0,0,1,1,0,0,0,0,1,1,0,0,1,1
0,1,0,0,0,0,1,0,1,1,0,0,1,1,0,1,1,1,0,0,0,0,1,0,0,0,1,1
0,0,1,1,0,1,0,0,0,1,1,0,0,0,0,1,0,0,0,0,1,0,1,0,0,0,1,1
0,0,0,0,0,1,0,0,0,1,1,0,1,0,0,0,1,1,0,0,0,0,1,0,0,0,0,1
0,0,1,1,0,0,0,0,0,0,0,0,0,0,0,1,1,0,0,1,1,0,0,1,1,0,0,0
0,0,1,1,0,0,0,0,0,0,0,0,1,0,0,1,1,1,0,0,0,0,1,0,0,0,0,1
0,1,0,0,0,0,1,0,0,0,0,0,0,0,0,1,0,0,0,1,1,0,0,1,1,0,0,0
0,1,0,0,0,0,1,0,1,0,0,0,0,1,0,0,0,0,0,0,0,0,1,0,0,0,1,1
0,1,0,0,0,0,1,0,1,0,0,0,1,1,0,0,1,1,0,1,0,0,0,1,1,0,0,0
0,0,1,1,0,1,0,0,0,1,1,0,1,0,0,0,1,1,0,1,0,0,0,1,1,0,0,0
0,1,1,0,0,1,1,0,0,1,1,0,1,0,0,0,1,1,0,1,0,0,0,1,1,0,1,0
0,0,1,1,0,0,0,0,1,1,0,0,1,1,0,0,1,1,0,1,0,0,0,1,1,0,1,0
0,1,1,1,0,0,0,0,0,0,0,0,0,0,0,1,0,0,0,0,1,0,1,0,0,0,1,1
0,1,1,1,0,0,0,0,0,0,0,0,0,0,0,1,0,0,0,1,1,0,0,1,1,0,1,0
0,0,0,0,0,1,0,0,1,1,1,0,0,0,0,1,0,0,0,0,1,0,1,1,0,0,1,1
0,1,1,1,0,0,0,0,0,0,0,0,1,0,0,1,1,1,0,0,0,0,1,0,0,0,0,1
0,1,0,0,0,0,1,0,0,0,0,0,1,0,0,0,1,1,0,0,0,0,1,1,0,0,1,1
0,1,0,0,0,1,1,0,0,1,1,0,0,0,0,0,0,0,0,0,0,0,1,0,0,0,0,1
0,0,1,1,0,1,0,0,0,1,1,0,1,0,0,0,1,1,0,0,0,0,1,0,0,0,1,1
0,0,0,0,0,0,0,0,0,0,0,0,0,0,0,1,0,0,0,0,1,0,0,0,0,0,0,0
0,1,0,0,0,0,1,0,0,0,0,0,0,0,0,0,0,0,0,0,0,0,1,0,0,0,0,1
0,0,1,1,0,0,0,0,1,0,0,0,0,1,0,0,0,0,0,0,0,0,0,0,0,0,0,0
0,0,0,0,0,0,0,0,0,0,0,0,0,0,0,0,0,0,0,0,0,0,1,1,0,0,1,1
0,0,1,1,0,1,0,0,1,1,1,0,0,0,0,1,0,0,0,1,1,0,0,1,1,0,0,0
0,0,0,0,0,1,0,0,1,1,1,0,0,0,0,1,0,0,0,0,1,0,1,0,0,0,0,1
0,1,1,0,0,1,1,0,1,1,1,0,0,0,0,1,1,0,0,1,1,0,0,1,1,0,0,0
0,0,1,1,0,0,0,0,1,1,0,0,1,1,0,1,1,1,0,0,0,0,1,1,0,0,1,1
0,0,1,1,0,1,0,0,1,1,1,0,0,0,0,1,1,0,0,1,1,0,0,1,1,0,0,0
0,1,1,0,0,1,1,0,0,1,1,0,1,0,0,1,1,1,0,0,0,0,1,1,0,0,1,1
0,1,0,0,0,1,1,0,0,1,1,0,1,0,0,0,1,1,0,0,0,0,1,0,0,0,0,1
0,1,1,0,0,1,1,0,0,1,1,0,1,0,0,0,1,1,0,0,0,0,0,0,0,0,1,0
0,0,1,1,0,0,0,0,1,0,0,0,0,1,0,1,1,0,0,1,1,0,0,1,1,0,1,0
0,1,1,0,0,1,1,0,0,1,1,0,0,0,0,1,0,0,0,0,1,0,1,1,0,0,1,1
0,0,0,0,0,1,0,0,1,1,1,0,0,0,0,1,0,0,0,1,1,0,0,1,1,0,1,0
0,1,0,0,0,0,1,0,0,0,0,0,0,0,0,0,0,0,0,0,0,0,1,0,0,0,1,1
0,1,1,0,0,1,1,0,0,1,1,0,0,0,0,0,0,0,0,1,0,0,1,1,1,0,0,0
0,0,1,1,0,0,0,0,1,1,0,0,1,1,0,0,1,1,0,0,0,0,0,0,0,0,1,0
0,1,1,1,0,0,0,0,0,0,0,0,0,0,0,0,0,0,0,1,0,0,0,1,1,0,1,0
0,1,0,0,0,1,1,0,1,1,1,0,0,0,0,0,0,0,0,0,0,0,0,0,0,0,0,0
0,0,0,0,0,0,0,0,1,0,0,0,1,1,0,1,1,1,0,0,0,0,0,0,0,0,0,0
0,0,0,0,0,1,0,0,0,1,1,0,0,0,0,0,0,0,0,0,0,0,1,0,0,0,1,1
0,0,0,0,0,0,0,0,1,0,0,0,0,1,0,1,1,0,0,1,1,0,1,1,1,0,0,0
0,1,0,0,0,1,1,0,0,1,1,0,1,0,0,0,1,1,0,1,0,0,0,1,1,0,0,0
0,1,0,0,0,0,1,0,1,0,0,0,1,1,0,0,1,1,0,1,0,0,0,1,1,0,1,0
0,0,0,0,0,0,0,0,1,0,0,0,0,1,0,1,0,0,0,1,1,0,0,1,1,0,1,0
0,0,1,1,0,0,0,0,0,0,0,0,0,0,0,0,0,0,0,0,0,0,1,0,0,0,1,1
0,1,1,0,0,1,1,0,0,1,1,0,0,0,0,0,0,0,0,0,0,0,0,0,0,0,0,0
0,0,0,0,0,0,0,0,0,0,0,0,0,0,0,1,1,0,0,1,1,0,0,1,1,0,1,0
0,1,0,0,0,1,1,0,0,1,1,0,1,0,0,0,1,1,0,0,0,0,0,0,0,0,1,0
0,0,0,0,0,0,0,0,1,0,0,0,0,1,0,0,0,0,0,0,0,0,0,0,0,0,1,0
0,0,0,0,0,0,0,0,1,0,0,0,0,1,0,1,0,0,0,0,1,0,0,0,0,0,1,0
0,0,0,0,0,0,0,0,0,0,0,0,1,0,0,1,1,1,0,0,0,0,1,1,0,0,1,1
0,0,0,0,0,0,0,0,1,0,0,0,0,1,0,0,0,0,0,0,0,0,0,0,0,0,0,0
0,0,0,0,0,0,0,0,0,0,0,0,0,0,0,0,0,0,0,0,0,0,0,0,0,0,0,0
0,0,0,0,0,1,0,0,1,1,1,0,0,0,0,0,0,0,0,0,0,0,0,0,0,0,1,0
0,1,1,1,0,0,0,0,1,1,0,0,1,1,0,0,1,1,0,0,0,0,0,0,0,0,0,0
0,1,0,0,0,0,1,0,1,0,0,0,0,1,0,1,0,0,0,0,1,0,0,0,0,0,0,0
0,0,1,1,0,0,0,0,1,0,0,0,0,1,0,1,0,0,0,1,1,0,0,1,1,0,0,0
0,0,1,1,0,1,0,0,0,1,1,0,0,0,0,1,0,0,0,0,1,0,0,0,0,0,1,0
0,1,1,1,0,0,0,0,0,0,0,0,1,0,0,0,1,1,0,1,0,0,0,1,1,0,0,0
0,0,1,1,0,0,0,0,1,0,0,0,0,1,0,1,0,0,0,1,1,0,0,1,1,0,1,0
0,1,0,0,0,1,1,0,0,1,1,0,0,0,0,1,1,0,0,1,1,0,0,1,1,0,0,0
0,0,1,1,0,0,0,0,1,0,0,0,1,1,0,0,1,1,0,0,0,0,1,1,0,0,1,1
0,1,1,1,0,0,0,0,1,1,0,0,1,1,0,1,1,1,0,0,0,0,1,1,0,0,1,1
0,1,0,0,0,1,1,0,1,1,1,0,0,0,0,1,0,0,0,1,1,0,1,1,1,0,0,0
0,0,1,1,0,1,0,0,1,1,1,0,0,0,0,1,0,0,0,0,1,0,0,0,0,0,1,0
0,1,1,0,0,1,1,0,0,1,1,0,0,0,0,0,0,0,0,1,0,0,0,1,1,0,1,0
0,1,0,0,0,0,1,0,1,1,0,0,1,1,0,1,1,1,0,0,0,0,1,1,0,0,1,1
0,0,1,1,0,0,0,0,1,0,0,0,1,1,0,1,1,1,0,0,0,0,1,1,0,0,1,1
0,0,0,0,0,0,0,0,1,0,0,0,1,1,0,1,1,1,0,0,0,0,1,0,0,0,1,1
0,0,1,1,0,0,0,0,1,0,0,0,1,1,0,0,1,1,0,0,0,0,1,0,0,0,0,1
0,1,0,0,0,0,1,0,1,0,0,0,0,1,0,0,0,0,0,0,0,0,0,0,0,0,0,0
0,1,1,1,0,0,0,0,0,0,0,0,0,0,0,1,0,0,0,0,1,0,1,1,0,0,1,1
0,1,0,0,0,1,1,0,1,1,1,0,0,0,0,0,0,0,0,0,0,0,1,0,0,0,0,1
0,0,0,0,0,0,0,0,1,0,0,0,0,1,0,1,0,0,0,0,1,0,1,0,0,0,1,1
0,0,0,0,0,0,0,0,1,1,0,0,1,1,0,0,1,1,0,0,0,0,1,0,0,0,1,1
0,1,0,0,0,0,1,0,0,0,0,0,0,0,0,1,1,0,0,1,1,0,0,1,1,0,1,0
0,0,0,0,0,1,0,0,0,1,1,0,1,0,0,0,1,1,0,0,0,0,1,0,0,0,1,1
0,0,1,1,0,1,0,0,1,1,1,0,0,0,0,1,1,0,0,1,1,0,0,1,1,0,1,0
0,0,0,0,0,0,0,0,1,0,0,0,1,1,0,0,1,1,0,1,0,0,0,1,1,0,1,0
0,1,0,0,0,0,1,0,0,0,0,0,0,0,0,1,0,0,0,1,1,0,0,1,1,0,1,0
0,1,1,1,0,0,0,0,0,0,0,0,1,0,0,1,1,1,0,0,0,0,0,0,0,0,1,0
0,1,1,1,0,0,0,0,1,0,0,0,0,1,0,0,0,0,0,1,0,0,0,1,1,0,1,0
0,1,1,0,0,1,1,0,1,1,1,0,0,0,0,1,0,0,0,0,1,0,0,0,0,0,1,0
0,1,0,0,0,0,1,0,0,0,0,0,1,0,0,0,1,1,0,0,0,0,0,0,0,0,1,0
0,0,1,1,0,1,0,0,0,1,1,0,0,0,0,0,0,0,0,0,0,0,1,1,0,0,1,1
0,1,1,0,0,1,1,0,1,1,1,0,0,0,0,0,0,0,0,0,0,0,1,0,0,0,1,1
0,0,1,1,0,0,0,0,0,0,0,0,0,0,0,1,0,0,0,0,1,0,1,1,0,0,1,1
0,0,0,0,0,0,0,0,1,1,0,0,1,1,0,0,1,1,0,0,0,0,0,0,0,0,0,0
0,0,1,1,0,0,0,0,1,0,0,0,0,1,0,0,0,0,0,1,0,0,0,1,1,0,1,0
0,1,0,0,0,1,1,0,0,1,1,0,0,0,0,0,0,0,0,0,0,0,1,1,0,0,1,1
0,0,1,1,0,0,0,0,0,0,0,0,1,0,0,1,1,1,0,0,0,0,1,1,0,0,1,1
0,0,1,1,0,1,0,0,1,1,1,0,0,0,0,0,0,0,0,0,0,0,1,0,0,0,0,1
0,1,1,0,0,1,1,0,0,1,1,0,1,0,0,0,1,1,0,1,0,0,1,1,1,0,0,0
0,0,0,0,0,0,0,0,1,1,0,0,1,1,0,0,1,1,0,1,0,0,0,1,1,0,1,0
0,1,0,0,0,1,1,0,1,1,1,0,0,0,0,0,0,0,0,0,0,0,0,0,0,0,1,0
0,0,1,1,0,1,0,0,0,1,1,0,0,0,0,0,0,0,0,1,0,0,1,1,1,0,0,0
0,1,1,1,0,0,0,0,1,1,0,0,1,1,0,0,1,1,0,1,0,0,0,1,1,0,0,0
0,1,0,0,0,0,1,0,1,0,0,0,0,1,0,0,0,0,0,0,0,0,1,1,0,0,1,1
0,0,1,1,0,0,0,0,1,0,0,0,0,1,0,1,0,0,0,0,1,0,0,0,0,0,0,0
0,0,1,1,0,1,0,0,0,1,1,0,0,0,0,1,0,0,0,0,1,0,1,0,0,0,0,1
0,1,1,1,0,0,0,0,1,0,0,0,1,1,0,0,1,1,0,0,0,0,1,0,0,0,1,1
0,0,1,1,0,1,0,0,0,1,1,0,1,0,0,0,1,1,0,1,0,0,0,1,1,0,1,0
0,1,0,0,0,0,1,0,1,0,0,0,1,1,0,0,1,1,0,0,0,0,1,1,0,0,1,1
0,0,1,1,0,1,0,0,0,1,1,0,1,0,0,0,1,1,0,0,0,0,0,0,0,0,0,0
0,1,1,0,0,1,1,0,1,1,1,0,0,0,0,1,0,0,0,1,1,0,0,1,1,0,1,0
0,0,1,1,0,0,0,0,1,0,0,0,0,1,0,0,0,0,0,0,0,0,1,0,0,0,1,1
0,1,1,0,0,1,1,0,1,1,1,0,0,0,0,0,0,0,0,0,0,0,1,1,0,0,1,1
0,1,0,0,0,0,1,0,1,1,0,0,1,1,0,0,1,1,0,0,0,0,1,0,0,0,1,1
0,0,0,0,0,0,0,0,1,0,0,0,1,1,0,0,1,1,0,0,0,0,1,1,0,0,1,1
0,0,0,0,0,0,0,0,1,1,0,0,1,1,0,1,1,1,0,0,0,0,0,0,0,0,1,0
0,1,0,0,0,0,1,0,0,0,0,0,0,0,0,1,1,0,0,1,1,0,0,1,1,0,0,0
0,0,0,0,0,0,0,0,1,0,0,0,1,1,0,0,1,1,0,0,0,0,1,0,0,0,0,1
0,1,0,0,0,0,1,0,1,0,0,0,1,1,0,1,1,1,0,0,0,0,1,0,0,0,1,1
0,0,0,0,0,1,0,0,0,1,1,0,0,0,0,1,0,0,0,0,1,0,1,1,0,0,1,1
0,1,1,1,0,0,0,0,1,1,0,0,1,1,0,0,1,1,0,1,0,0,0,1,1,0,1,0
0,1,1,0,0,1,1,0,1,1,1,0,0,0,0,1,1,0,0,1,1,0,0,1,1,0,1,0
0,0,1,1,0,1,0,0,0,1,1,0,1,0,0,1,1,1,0,0,0,0,1,0,0,0,1,1
0,0,1,1,0,0,0,0,0,0,0,0,1,0,0,0,1,1,0,1,0,0,0,1,1,0,1,0
0,1,0,0,0,1,1,0,0,1,1,0,0,0,0,1,0,0,0,0,1,0,1,0,0,0,1,1
0,1,1,1,0,0,0,0,1,0,0,0,0,1,0,0,0,0,0,0,0,0,1,1,0,0,1,1
0,1,0,0,0,1,1,0,0,1,1,0,1,0,0,0,1,1,0,1,0,0,0,1,1,0,1,0
0,1,1,0,0,1,1,0,0,1,1,0,0,0,0,1,0,0,0,0,1,0,0,0,0,0,1,0
0,1,1,1,0,0,0,0,0,0,0,0,0,0,0,1,0,0,0,0,1,0,0,0,0,0,1,0
0,0,0,0,0,0,0,0,1,0,0,0,1,1,0,1,1,1,0,0,0,0,1,0,0,0,0,1
0,1,1,0,0,1,1,0,0,1,1,0,1,0,0,0,1,1,0,0,0,0,1,1,0,0,1,1
0,0,1,1,0,1,0,0,0,1,1,0,0,0,0,0,0,0,0,0,0,0,1,0,0,0,1,1
0,1,1,1,0,0,0,0,1,0,0,0,0,1,0,1,0,0,0,0,1,0,1,0,0,0,1,1
0,0,0,0,0,1,0,0,1,1,1,0,0,0,0,0,0,0,0,1,0,0,0,1,1,0,1,0
0,0,1,1,0,0,0,0,0,0,0,0,0,0,0,1,0,0,0,1,1,0,0,1,1,0,1,0
